{"Config":{"run":"zne","nqubits":7,"state":"dmatrix","observable":{"def":"ising","coefficients":{"cn":[0.5,0.5,0.5,0.5,0.5,0.5],"bn":[1.0,1.0,1.0,1.0,1.0,1.0,1.0],"r":1}},"output":{"file_name_prefix":"expe2_ideal_unitary_#1","fig_dpi":100},"vqe":{"optimization":{"status":false,"algorithm":"SLSQP","iteration":10,"constraint":false},"ansatz":{"draw":false,"type":"xy","layer":30,"gateset":1,"ugate":{"coefficients":{"cn":[0.5,0.5,0.5,0.5,0.5,0.5],"bn":[0,0,0,0,0,0,0],"r":0},"time":{"min":0.0,"max":10.0}},"noise":{"status":true,"value":[0.001,0.001,0,0]},"init_param":[0.8938035055971489,0.17059811420023277,0.21032318156295818,-0.34318816774082467,1.0719077614006922,1.2653191109577817,0.014623167221309987,1.7817930787914096,1.2469652528365938,1.745774066247435,1.499007472411171,2.7567908135358468,1.9814696608433007,2.27120782471706,2.5506478083783017,2.709240777621267,2.9970946779535406,3.0839259600512228,4.1060312016510725,5.268210955163791,4.677981496190823,5.580870704952021,5.6217584113189245,8.074136236500456,6.49987414765743,8.198555073720872,8.359506012802271,9.07870818750798,9.903304411117617,9.94368333840095,0.4060160784463764,0.3443911676022412,-0.41923816493628646,-2.0281135479629775,-0.3208503867677574,-0.37140727973187104,0.06572036800858555,-0.1738387363799617,-1.366612147239921,-0.664451943736223,-0.10317118909427052,0.961795434283565,0.22850112331028788,-0.4606238509794696,-0.9528808193209098,-0.6924049828180404,-0.2562465017600445,0.11385965213343692,-0.555622631583913,-0.28703343115461893,-0.5827206975844791,0.700086110030518,-0.28727826703864595,-0.2388170197214564,-0.7878775401341306,0.5685892876457029,-0.332426902069985,-1.5097371146403222,1.1613817276498963,1.4814257781446702,-1.6148198384246353,0.38666164628061356,1.5819861910668547,0.9627681959863951,0.08281948719993053,1.5572782776394605,-1.0298358536508503,0.3760302159034537,0.09868017349724947,-1.4661574075415555,-0.9063887831922482,0.8425703115275476,0.12610792535410525,0.24767203561737805,-0.1005303787391654,1.322105855273853,-0.7571454543255418,1.5194973228175213,0.28459028582058965,0.07830216151194654,0.4092088072702278,-0.5308099275761666,-0.28545615563721916,0.003271893655388061,-0.8198571687440324,-1.0308904603895228,-0.9282608130354023,-0.6214629915097026,0.32794444919508586,1.0358172062323647,-1.189072301033165,-1.3503336788569567,-0.14601616450862415,1.5035558358513879,-0.5551312576544855,0.620406621909677,0.18084118459028176,1.1373558424548615,-0.4187684329573974,-0.8229221691755655,-1.7645220840180327,-0.850069993271105,-0.6439679145528693,-0.1586305531130314,-0.3399560691817709,-1.3600015607911062,-1.5714399825929903,-1.7581146508878431,0.04126930466526941,-1.4122554028027001,-0.2802529795312598,1.2867610344232994,-1.5266104153895612,-1.440442836761671,-1.153397026948379,-0.10363678154700953,0.6128977833837608,-0.2494369038447496,0.5341383994778611,-0.36714169627523163,0.11022137780785327,0.07673772200361262,1.2742631668409758,-1.993781723090558,0.591093764856531,0.15892745645140618,-0.3299077329715236,0.07925135550550619,0.4418426554923168,0.7860190199168444,0.1089929324614851,0.34724701095294225,-1.7607314989877656,-0.9160212911447498,-0.20170494150707868,1.5719900137190095,-0.3343519715471817,0.399936084983306,-1.2972520309925253,0.25295212607268225,-0.053696996326996184,-0.08194378644235928,-1.7189320809802453,-0.5599457797919046,-0.2451875362973431,1.4906439847285484,0.896770000540565,-2.1143513403610505,1.4673144712049346,-0.3053935320770788]}},"identity_factors":[[0,0,0],[1,0,0],[2,0,0],[3,0,0],[4,0,0],[5,0,0]],"zne":{"method":"linear","degree":1,"sampling":"default","data_points":[[4,1,0,-7.573032174330218],[12,1,0,-6.45769387342429],[20,1,0,-5.523966395091535],[28,1,0,-4.739796907153801],[36,1,0,-4.079090049432862],[44,1,0,-3.5205595472051288]]}},"ZNE_values":{"Degree":1,"Sampling":"default","sampled data":[[4,1,0,-7.573032174330218],[12,1,0,-6.45769387342429],[20,1,0,-5.523966395091535],[28,1,0,-4.739796907153801],[36,1,0,-4.079090049432862],[44,1,0,-3.5205595472051288]],"Value":-7.731319318342851},"Run_time_sec":0.0009760856628417969}