{"Config":{"run":"zne","nqubits":7,"state":"dmatrix","observable":{"def":"ising","coefficients":{"cn":[0.5,0.5,0.5,0.5,0.5,0.5],"bn":[1.0,1.0,1.0,1.0,1.0,1.0,1.0],"r":1}},"output":{"file_name_prefix":"expe2_ideal_unitary_#2","fig_dpi":100},"vqe":{"optimization":{"status":false,"algorithm":"SLSQP","iteration":10,"constraint":false},"ansatz":{"draw":false,"type":"xy","layer":30,"gateset":1,"ugate":{"coefficients":{"cn":[0.5,0.5,0.5,0.5,0.5,0.5],"bn":[0,0,0,0,0,0,0],"r":0},"time":{"min":0.0,"max":10.0}},"noise":{"status":true,"value":[0.001,0.001,0,0]},"init_param":[0.6000441208002325,0.42402535471088065,0.18315687040298306,0.6343107668461802,1.4094126994734457,1.3989265160347295,2.6729587836960658,2.6940406131956034,5.210256051021255,4.545691971576535,5.139861422421284,4.975788869862235,5.223637947606309,6.019426700068295,5.846257105871423,6.99643925271868,6.943849582011192,7.126590103036521,7.453467182881228,7.757192087434951,7.366889543456561,8.834885381390379,8.471082197078415,9.177530795980712,7.792499144327175,10.469362629223776,7.78512941416688,10.328420451651503,7.632260106421944,10.080999098289148,0.25593858351964355,-0.5298028110002463,0.21063125784359973,-1.5364923642908876,-1.096739609870073,-0.048120996020408376,0.8734250155337532,0.4841067029354661,-0.5510077408481816,1.4825755325625474,0.5601006892459949,1.1413791101403532,-0.4437648999416122,-0.5311959866443349,0.900970477415564,-0.723376444054518,-1.2746812227602664,0.09999739434781722,-0.161324898606332,-1.227691669824448,-0.20552238610881882,0.8124168010794394,-0.14377729638248846,-0.011742189926114244,-0.6070371449843099,-0.03773569092568392,1.1351051233783767,0.2619849587205572,0.8083601556068374,-0.0018426718609349559,0.7412712073085653,0.02879147965045651,-1.3664641567720304,0.4912161642671408,0.04636178865852698,1.3816813047864063,0.36124132150627536,-0.3819078005166827,-1.2895467635712554,0.5260316129102498,-0.74854990578242,-0.6329370745515094,-0.9252289566325362,-1.2198704509640474,0.8897721167131599,0.1726421219118607,-0.39518566455196985,-0.25741165170788116,0.39146482775978325,-0.23390668749020027,-0.9545394513611194,-0.1880646899015323,0.21957465639460544,-0.08984072316723751,0.08206670326762153,0.33118148722433566,-0.6024232051498293,-0.7651234313619811,-0.8687635513175376,-0.5974669291570414,-1.1197965632622828,0.16655911498091516,-0.30286043974855936,-0.63569567481406,0.6913763508793349,1.0637840924225568,-1.306116452164649,0.1604784937307201,1.5146026417414387,0.07928373808930786,0.2401597738462276,0.004996180613753287,0.8598344723386195,-0.4555827186869511,0.058098312391382904,0.42482512067867495,0.5486918417651336,0.7028494163656627,0.01771477944088864,1.2430769011848908,0.5854883405289849,0.011113120532696714,0.508927163754021,-0.31481593506088956,0.8563516557478074,1.026428189238396,0.6595854303304242,0.210124132254138,0.5637263828487854,-1.6945566097621745,0.33236592001795584,-0.6842278332147235,0.5573414160577207,-0.26443519810285676,0.19179036115678103,0.9291771952257085,-0.8456443690383925,0.20038300824664887,1.7760766829089782,-0.0837811978725641,0.6534240144776252,0.6954909457322878,1.1210726120206063,2.021755100763692,0.9855935029694036,0.3432087944148285,0.2632581181182305,-0.34772693268124,0.6404223484924454,-0.28908995078304467,0.08461652916944447,0.21201057053720462,-0.4199250050641815,0.3078760073304363,0.1242602769981045,0.285511877303737,0.8619617110340587,0.4212535592069816,1.6103357572139145,0.2719486323371957]}},"identity_factors":[[0,0,0],[1,0,0],[2,0,0],[3,0,0],[4,0,0],[5,0,0]],"zne":{"method":"linear","degree":1,"sampling":"default","data_points":[[4,1,0,-7.640709426302316],[12,1,0,-6.603716322748011],[20,1,0,-5.735720243859165],[28,1,0,-5.006116556655384],[36,1,0,-4.390163282701812],[44,1,0,-3.867818447040286]]}},"ZNE_values":{"Degree":1,"Sampling":"default","sampled data":[[4,1,0,-7.640709426302316],[12,1,0,-6.603716322748011],[20,1,0,-5.735720243859165],[28,1,0,-5.006116556655384],[36,1,0,-4.390163282701812],[44,1,0,-3.867818447040286]],"Value":-7.789397468768998},"Run_time_sec":0.0009765625}