{"Config":{"run":"zne","nqubits":7,"state":"dmatrix","observable":{"def":"ising","coefficients":{"cn":[0.5,0.5,0.5,0.5,0.5,0.5],"bn":[1.0,1.0,1.0,1.0,1.0,1.0,1.0],"r":1}},"output":{"file_name_prefix":"expe2_ideal_unitary_#7","fig_dpi":100},"vqe":{"optimization":{"status":false,"algorithm":"SLSQP","iteration":10,"constraint":false},"ansatz":{"draw":false,"type":"xy","layer":30,"gateset":1,"ugate":{"coefficients":{"cn":[0.5,0.5,0.5,0.5,0.5,0.5],"bn":[0,0,0,0,0,0,0],"r":0},"time":{"min":0.0,"max":10.0}},"noise":{"status":true,"value":[0.001,0.001,0,0]},"init_param":[1.1392667636558,-0.5711306284029063,0.631741811269867,-0.11994940817514801,1.6357263174145948,0.45932808415672394,2.054540202152669,0.5887363489294898,2.2033386225059153,0.7730604881107664,1.441740423283679,3.0086464216383773,1.7129952087384062,3.8167862358066813,2.8930600013463352,4.608863214000093,2.944250332591482,5.097401820078879,3.4862812213265193,5.3419233895061575,3.5431093492907255,6.075245625659163,8.120557403531818,6.707534469178569,9.161094744697358,9.725502581506177,8.086020657575219,9.269143946359799,9.14235745062457,9.40139331493733,0.7861613086927398,0.3337807622601389,-0.9217406406436547,1.5351339413298362,-1.1415842944317847,0.35664270564776196,-0.16784204007427703,0.1568553354266372,-1.386614369033137,0.7399645923360427,1.3577258762289375,-0.18307619862982605,-1.4365821567394268,0.3988261060669965,-1.0418753767191884,-0.06876927876663795,-0.15345740031983438,0.7727425036890538,0.3815623849500482,0.06858033125198103,-0.2359482207135627,0.9590837184759704,-0.43745532886186456,0.7812605069780391,-1.0062538870804765,0.36870477857077866,0.8403033410795683,1.0725515728994302,-0.008082733299808966,-0.44869542417383956,-0.23232096821024945,-0.3143088498863561,-0.8202438167522055,0.7405432816415717,0.41017981869215464,0.25205899339132387,0.264886443810865,0.5511250150894128,0.4864866712847087,1.0582644449881915,0.43657922122257825,0.990790999418313,0.9390795031895875,-0.5433090331890884,0.7349083228687047,-0.09825268516477545,-1.1119989154344065,-1.3188743598581014,-0.3857689761756631,1.3721153204507133,-0.4575933032986366,-0.5324495694810898,0.49210782469814524,0.39484859058901295,-0.23595754129838853,0.27660761475693213,1.383010808264778,1.3401096643489703,-1.007934216603912,-0.6859112010912528,0.6157883909680659,0.7751327613931361,1.4955358785909176,-0.14717202354973893,-0.1714507319040726,0.934155063929664,1.0115456976949995,-0.4496727247080225,0.04289460600098392,0.6164284031836591,0.7170368441373656,-0.6413551059162509,1.8146649531331436,0.06934570780595822,0.49237701607043693,-0.08912290164957778,-1.079508252619886,0.6738892999841257,1.139630338209334,-0.127531900899169,0.46428344515292913,0.0582237116464519,-0.1950438589990119,-0.37636659808164563,0.0011575417678434223,0.16303896968394818,-0.30848431879630794,-0.4962896600891228,-0.2555128896830482,1.1616761222699092,-0.42219955196447984,0.5309020638780295,-0.6563275906871807,0.907343571146325,-0.6235930238364003,-0.516642134368519,-1.52869498037086,-0.10314621045617531,0.16762867114196311,-0.5995327901044097,1.1961692253785772,0.8558762632464406,1.5082092181619797,0.720808667925483,-1.4863353442192688,-1.1511921311406892,1.221970549185952,-1.663809556978467,-0.6073796307403231,0.13458280642059778,0.5654859396455467,0.9443943002472587,-0.5074261939898523,-0.7560785033688489,0.1724618507748405,0.06710855325509205,0.15835424112893182,0.8732856283038276,0.8076599176588245,-0.30010100551737146]}},"identity_factors":[[0,0,0],[1,0,0],[2,0,0],[3,0,0],[4,0,0],[5,0,0]],"zne":{"method":"linear","degree":1,"sampling":"default","data_points":[[4,1,0,-7.447007033797982],[12,1,0,-6.245340973884106],[20,1,0,-5.254281021238797],[28,1,0,-4.434888429133389],[36,1,0,-3.755680249444092],[44,1,0,-3.191163554500378]]}},"ZNE_values":{"Degree":1,"Sampling":"default","sampled data":[[4,1,0,-7.447007033797982],[12,1,0,-6.245340973884106],[20,1,0,-5.254281021238797],[28,1,0,-4.434888429133389],[36,1,0,-3.755680249444092],[44,1,0,-3.191163554500378]],"Value":-7.589091919449517},"Run_time_sec":0.0}