{"config":{"run":"zne","nqubits":7,"state":"dmatrix","output":{"file_name_prefix":"AUTOMATE_heisenberg_dephasing_sample#7","draw":{"status":false,"fig_dpi":100,"type":"png"}},"observable":{"def":"ising","coefficients":{"cn":[0.5,0.5,0.5,0.5,0.5,0.5],"bn":[1.0,1.0,1.0,1.0,1.0,1.0,1.0],"r":1}},"ansatz":{"layer":30,"gateset":1,"ugate":{"type":"heisenberg","coefficients":{"cn":[0.5,0.5,0.5,0.5,0.5,0.5],"bn":[0,0,0,0,0,0,0],"r":0},"time":{"min":0.0,"max":10.0}}},"vqe":{"iteration":1,"optimization":{"status":false,"algorithm":"SLSQP","constraint":false}},"init_param":{"value":[1.4471227189679314,1.4471227190760736,1.4471227190803815,1.4488504611176574,1.9980017997211652,1.99800179972548,2.4644327719246104,2.464432771924611,2.4688593917035817,2.4688593917049944,2.9008854140044766,2.9008854140044824,2.9011242267377266,3.523074560046347,3.654436511385456,5.545531084711811,5.545531084711814,5.545531084712091,5.928549371859526,6.269772797789931,7.6356014564056265,7.635621723143949,7.635621953626072,8.384891547978741,8.427677533896144,8.427677535997198,8.427677535997198,9.245883176470016,10.569345605171868,10.95729823806972,1.5231942014867916,3.271292053255217,-0.6639893063125699,-0.9425765474118455,2.621157322667308,0.8962569724103042,-0.2229347338912776,-1.6929828589048135,1.01350037576726,1.3901974486672235,-0.989424204037291,-0.8510250027060778,2.070175339071878,0.22428819576801617,0.3430034956795508,-0.0975183937426877,2.6792827978105285,0.49762902439121476,0.3806128804344224,-1.5166355570867067,0.03285447922521971,1.6257976354431922,-0.07195559038347954,-1.0306131493497783,0.7770166950065824,1.4702421230343108,-0.19123065460178676,-0.9493367985317367,-0.360982455055411,0.5675310885195264,0.043444789555278196,-0.09384794053031004,-0.33362668429892167,1.8361662224149309,0.14418206157800617,-0.2063739050751399,0.13194231020455127,2.7516256882851544,0.42538616216432723,-0.07570851266773582,-2.466588986393277,2.7498575331560176,-0.48074177453072725,0.699557508567697,-0.011764775537334213,1.2456263327933796,0.29568948754988306,1.5296237559643826,0.0640064257606478,1.9191058225093236,0.6235789879012194,2.3106885302232474,-1.4143743772916317,0.7046688644446398,-0.02136062976080129,0.8277708314134835,-1.308616852623268,0.11732737635430505,-0.18559721456790204,-0.6081453251998182,0.27499508619397406,-0.12252651641235691,2.4435816923969695,2.370150376162669,1.5637678972206062,1.5561040198661897,-0.17566603135636366,-1.3812257093127966,-0.015566000377598834,0.2272027837145364,1.3196821415940994,2.650124815272399,0.014453583656207258,1.6542995766090498,0.36986370888553005,1.8887812729839575,-0.8205962054480542,0.24888505205313302,2.4276851066876537,-0.3600879337027825,0.8890320447947508,3.097996523563487,1.0769359910889715,-0.06124520642947073,-0.4520231845185361,-0.440987109417669,1.404732555719411,-1.1285564620342403,0.13336475261879757,2.9990283140023934,-0.9935619973526759,1.307814939437824,-0.40085216386367967,0.6152666468211251,-0.7962816439431518,0.8528908169058572,2.594903745366319,0.09267741506712654,0.4502565360836063,3.396440029785719,1.336627241328244,-1.0915504248924435,0.44656464088575704,-0.14576166703684298,0.4990870054261387,0.7506479665553083,2.56280521658955,3.602053419533154,1.5886330866264686,-0.7364615879474211,1.7886824336525127,2.1557316351374975,-0.47627881561464136,-3.8285310214465795,0.45565275134526295,1.4209428833725541,0.2692567134559917,0.1853811053495894,2.8243404617308605,1.5932817601338924]},"noise_profile":{"status":true,"type":"dephasing","noise_prob":[0.001,0.001,0,0],"noise_on_init_param":{"status":false,"value":0}},"redundant":{"identity_factors":[[0,0,0,0],[1,1,0,0]]},"zne":{"method":"richardson","degree":1,"sampling":"default","data_points":[[4,2,0,0,-5.792768982260718],[12,6,0,0,-4.458412392829948]]}},"output":{"exact_sol":-8.566772233505624,"zne_values":{"degree":1,"sampling":"default","sampled data":[[4,2,0,0,-5.792768982260718],[12,6,0,0,-4.458412392829948]],"extrapolated_value":-6.459947276976102,"others":{"sorted_noise":[6,18],"sorted_expectation_vals":[-5.792768982260718,-4.458412392829948],"beta_coeffiecients":[1.5,-0.5],"cost_richardson_zne":2.5}},"run_time_sec":3.4332275390625e-05}}