{"config":{"run":"redundant","nqubits":7,"state":"dmatrix","observable":{"def":"ising","coefficients":{"cn":[0.5,0.5,0.5,0.5,0.5,0.5],"bn":[1.0,1.0,1.0,1.0,1.0,1.0,1.0],"r":1}},"output":{"file_name_prefix":"expe6_ideal_unitary_sample#4","draw":{"status":false,"fig_dpi":100,"type":"png"}},"vqe":{"iteration":10,"optimization":{"status":false,"algorithm":"SLSQP","constraint":false},"ansatz":{"type":"heisenberg","layer":30,"gateset":1,"ugate":{"coefficients":{"cn":[0.5,0.5,0.5,0.5,0.5,0.5],"bn":[0,0,0,0,0,0,0],"r":0},"time":{"min":0.0,"max":10.0}},"noise":{"status":true,"value":[0.001,0.01,0,0]},"init_param":[-0.3865053360128422,-0.24748272987723355,1.2321464245173626,1.1112589460252973,1.768481599846163,1.6206493746653037,2.5142066968137793,3.1278729505285456,3.7681862965627912,3.468269385950209,3.3766028047527885,2.965339274937361,4.451492708599492,5.06912181252642,4.941627655388013,7.239489214800499,6.143904819937562,6.016592203681718,8.576752053713147,6.946096953675962,7.3281484423169,8.41879900095023,7.973681253203638,8.562317307000242,8.378645383932898,8.032551090755621,9.570331403455112,9.568411134506066,10.572186133633737,10.610963227779143,2.274305350754652,0.7946545683704552,-0.17315785253059254,-1.1782380108802353,1.9219327496349576,1.3791025352607738,0.40155345898454237,-1.2552488767464258,1.440373485663058,1.9046081473755259,1.5229614091927737,0.6230505862985201,1.5300813208848951,2.119036903403433,0.9598453554695053,-0.6857809896549585,2.7003136791488713,-0.6039439636026547,0.5261846450790363,-1.389519486321748,2.0683289368188476,0.07951591082458678,0.513261347996315,-0.6382049450995583,0.9054161589881198,-0.25574179783011114,-0.18836447577931534,-1.040852450982217,-1.3042188830192996,1.125006190985346,0.8024543604531869,0.7510420504120948,-0.6343841582593093,1.431330152644922,-0.3536265414235697,-1.1249115090269466,0.39693087658275594,1.611926548574016,-0.36487122959741625,0.44994768740740887,0.6807174435219505,1.9909001626803766,-0.6479225359631483,-0.05591650415484523,-0.6449931915342844,1.4882538521053121,-1.1185873845401264,0.7891426812298529,0.10148022182735977,-0.04425375004480254,-0.5912310612315296,-0.4399962937253197,1.5304172243161964,-0.38413409863393594,0.235084104910656,0.3531847413800718,0.2900731405483862,-0.7778304839911923,-0.36726673777920266,-0.369233509091616,0.20781994800651024,-0.8666943775945499,-0.40276900484540384,0.5665793663949228,0.08893777505087502,0.5986293341346213,1.0005715064759193,0.2778815819654571,0.7065742348409094,0.017203120833604514,0.10327996209194824,-0.20374531390665016,0.4604256462051282,2.245285382880121,1.4273787550810422,-0.09886290112608148,-0.5035654572964803,-0.816010639882133,-0.6690682237989768,-0.25641018890466344,-0.010010374050212103,0.537177226392013,0.8982127115225117,0.7987088055131517,0.04233637808259058,0.9102828130132309,-0.7025434294639,0.3728425875911339,-0.24284160286483,0.09837028137822773,0.8291967568806938,1.9120430527565353,0.12875366263585628,-0.3793512060361794,-0.9341669157334462,-1.6709570451449571,0.5141856950042074,0.2706873120510947,0.45788100985590113,1.0488805848236988,-1.6870175532669673,1.6046386190638207,0.6182689003190422,2.4212414850010147,-1.1737615092793465,-0.7587926517700078,1.4360227580469602,0.9303028194151509,0.5644610589740845,-0.4160963898143529,0.9321710620733208,-0.5476491815196832,-0.9116402247603168,0.4118125663826131,0.7059676791342158,1.2618049652048589,0.7248125642053656,-1.1753415922773969,0.5957756968848609,2.045618174424417]}},"identity_factors":[[0,0,0,0],[1,0,0,1],[2,0,0,0],[2,0,0,2],[0,0,0,1],[0,0,0,2],[3,0,0,0]],"zne":{"method":"richardson","degree":1,"sampling":"default-2","data_points":null}},"output":{"data_points":[[4,1,0,1,-5.267729536129432],[12,1,0,3,-2.6572402593952487],[20,1,0,1,-3.6218175551417024],[20,1,0,5,-1.2251034681384316],[4,1,0,3,-3.2292201536788543],[4,1,0,5,-1.9185854437791194],[28,1,0,1,-2.9897389199887816]],"run_time_sec":3.847958564758301},"others":{"observable_string":"1 X 0 X 1 + 1 Z 0 + 1 X 1 X 2 + 1 Z 1 + 1 X 2 X 3 + 1 Z 2 + 1 X 3 X 4 + 1 Z 3 + 1 X 4 X 5 + 1 Z 4 + 1 X 5 X 6 + 1 Z 5 + 1 Z 6","time_evolution_gate_hamiltonian_string":["0.5 X 0 X 1 + 0.5 Y 0 Y 1 + 0.5 Z 0 Z 1 + 0.5 X 1 X 2 + 0.5 Y 1 Y 2 + 0.5 Z 1 Z 2 + 0.5 X 2 X 3 + 0.5 Y 2 Y 3 + 0.5 Z 2 Z 3 + 0.5 X 3 X 4 + 0.5 Y 3 Y 4 + 0.5 Z 3 Z 4 + 0.5 X 4 X 5 + 0.5 Y 4 Y 5 + 0.5 Z 4 Z 5 + 0.5 X 5 X 6 + 0.5 Y 5 Y 6 + 0.5 Z 5 Z 6"]}}