{"config":{"run":"redundant","nqubits":7,"state":"dmatrix","observable":{"def":"ising","coefficients":{"cn":[0.5,0.5,0.5,0.5,0.5,0.5],"bn":[1.0,1.0,1.0,1.0,1.0,1.0,1.0],"r":1}},"output":{"file_name_prefix":"expe6_ideal_unitary_sample#10","draw":{"status":false,"fig_dpi":100,"type":"png"}},"vqe":{"iteration":10,"optimization":{"status":false,"algorithm":"SLSQP","constraint":false},"ansatz":{"type":"heisenberg","layer":30,"gateset":1,"ugate":{"coefficients":{"cn":[0.5,0.5,0.5,0.5,0.5,0.5],"bn":[0,0,0,0,0,0,0],"r":0},"time":{"min":0.0,"max":10.0}},"noise":{"status":true,"value":[0.001,0.01,0,0]},"init_param":[0.9953283902266148,0.04961878839435981,0.3559921929876431,-0.1859293799426326,0.3684757971817976,1.7948522666090403,2.535619702693225,2.6659374632394424,4.092517394446125,4.205251255674565,4.13569559697885,3.5151254585505365,3.5021881691543624,3.6716205990575537,4.122623128210813,4.064182485244764,3.602038988053571,5.115994561894575,5.1221616863336905,6.383409615258395,6.883922759554721,6.124504010722632,6.797572956510172,7.449645807435702,7.6869898837543085,7.3353401207166264,8.600770799207766,9.234752997382557,8.717777870239168,10.216683796843856,3.4421975586228974,1.3390613794067325,0.3321609405227049,-0.46665426423162465,2.0635020004958475,-0.05604581742358533,-0.08524505576941793,-0.9600491302575263,1.1047090581426822,1.254772360319879,1.7495697182309875,0.3399330468283439,1.0717421841192745,1.2435218615451293,0.6402247755926924,-0.13198157471433394,0.7098300441606787,1.6629361239794211,0.12960871094473927,-0.0004106195276443649,1.2650951544901152,-0.4490752043311759,0.5605255343783349,-0.4632726028809142,1.2524504795623002,1.222461182053899,0.5979926551226804,-0.007352571106816292,0.12421235641615293,0.06997069690746292,1.0019764272979508,-0.15437598374508316,-1.256042418782323,1.7814800483676894,-0.16179545197643352,-0.5081124403313134,0.3325154118685227,1.414049102987475,-0.6053147388846531,0.841296874844868,-0.7145480694531601,0.7975670138110903,-1.100013363151811,-0.35483588663377547,0.43386374830457214,2.184937331698653,-0.2468215135624422,0.013113973453866435,-1.1628683023118391,0.9055950320771924,0.41884055755655686,0.7460862321593202,-0.3029494778174775,0.9151507306030284,0.1539949194231806,1.819425807780159,-1.3771838176717366,-0.9431867342508057,-1.8351095306985126,0.31957758151124604,1.543283961755327,0.054972582907973376,0.014048004503809783,1.886524452307218,0.038257553380948876,0.34789240047365977,0.9458058532608343,0.2151196901241857,0.5692695222454521,-0.5152315645608527,-0.9248808853759583,0.09168372483874485,0.3158083347995413,-0.16349471705490803,0.8105900755121939,-1.3393414649629292,0.20532960088108346,-0.027201187707160027,0.8477937175670099,1.4334074051193175,2.150244521171099,0.3493421201909584,-0.401307949698482,1.4040529539908873,1.4535428263256007,0.35068787624611925,2.14140657444681,-0.2062533451150829,0.8743909898893676,0.26020360149674276,-1.4448819127720487,0.5642875730520587,-0.9291257682475961,0.6222946279679916,1.0588472016200356,-0.4082544088856974,1.425197295501874,0.0797684802915472,0.9638529297440951,1.4860966116660825,1.1710231939996212,-0.918618076708623,0.1655076507610208,0.08653111428395195,1.348550115568712,0.4711660422368427,2.2632139163649345,1.5641855276529641,-0.3712797275686157,-0.40262923854209126,0.32813681663997285,2.015453601240298,-0.037744301580085494,-1.1734149010856323,1.1540163953175129,1.6518951437320002,0.4510170247640218,-1.287450989070175,1.799896851918793,2.6789264955868455]}},"identity_factors":[[0,0,0,0],[1,0,0,1],[2,0,0,0],[2,0,0,2],[0,0,0,1],[0,0,0,2],[3,0,0,0]],"zne":{"method":"richardson","degree":1,"sampling":"default-2","data_points":null}},"output":{"data_points":[[4,1,0,1,-5.197668110484425],[12,1,0,3,-2.5511817059208535],[20,1,0,1,-3.4981305725367458],[20,1,0,5,-1.1513704718095703],[4,1,0,3,-3.1306833796494735],[4,1,0,5,-1.8330427482332727],[28,1,0,1,-2.8588770560893164]],"run_time_sec":3.9204742908477783},"others":{"observable_string":"1 X 0 X 1 + 1 Z 0 + 1 X 1 X 2 + 1 Z 1 + 1 X 2 X 3 + 1 Z 2 + 1 X 3 X 4 + 1 Z 3 + 1 X 4 X 5 + 1 Z 4 + 1 X 5 X 6 + 1 Z 5 + 1 Z 6","time_evolution_gate_hamiltonian_string":["0.5 X 0 X 1 + 0.5 Y 0 Y 1 + 0.5 Z 0 Z 1 + 0.5 X 1 X 2 + 0.5 Y 1 Y 2 + 0.5 Z 1 Z 2 + 0.5 X 2 X 3 + 0.5 Y 2 Y 3 + 0.5 Z 2 Z 3 + 0.5 X 3 X 4 + 0.5 Y 3 Y 4 + 0.5 Z 3 Z 4 + 0.5 X 4 X 5 + 0.5 Y 4 Y 5 + 0.5 Z 4 Z 5 + 0.5 X 5 X 6 + 0.5 Y 5 Y 6 + 0.5 Z 5 Z 6"]}}