{"config":{"run":"redundant","nqubits":7,"state":"dmatrix","observable":{"def":"ising","coefficients":{"cn":[0.5,0.5,0.5,0.5,0.5,0.5],"bn":[1.0,1.0,1.0,1.0,1.0,1.0,1.0],"r":1}},"output":{"file_name_prefix":"expe6_ideal_unitary_sample#7","draw":{"status":false,"fig_dpi":100,"type":"png"}},"vqe":{"iteration":10,"optimization":{"status":false,"algorithm":"SLSQP","constraint":false},"ansatz":{"type":"heisenberg","layer":30,"gateset":1,"ugate":{"coefficients":{"cn":[0.5,0.5,0.5,0.5,0.5,0.5],"bn":[0,0,0,0,0,0,0],"r":0},"time":{"min":0.0,"max":10.0}},"noise":{"status":true,"value":[0.001,0.01,0,0]},"init_param":[0.9031247212584576,-0.0014884724130783886,1.1315502631972034,0.4724183110893334,1.58789132470655,1.3108145269957443,1.856344651688143,2.680266573651244,2.658036256194345,2.774868711018068,3.594587614500431,3.645738729056786,3.779431104005719,4.707487808282068,5.384593509094579,5.180467271310966,7.078129456964361,7.007682174568849,6.909994031002484,8.825761566641543,8.331634681210126,9.052488481835697,9.00231773731644,8.378291331983785,10.07910482032731,9.759569089564426,9.6871710667373,10.605497033469788,9.623476357511764,10.506483184256588,0.28373423102773393,0.3253579676075078,0.42832419746735007,1.7650165749577427,-0.0644717014972384,1.141394647907482,-0.48293210930341324,0.246577608146727,0.674057925013625,2.1205069206899125,-0.63545233364676,-0.09225392936560259,0.3473620617791637,0.770175128074893,-0.9187793351800544,-0.4630948043070791,1.5041941890087318,0.47294794584855776,0.1507709240076237,-0.927866011156611,-0.7693059754636948,-0.0777231250241882,0.2973008124725168,-0.9894288684467953,1.9824607847028282,0.07844701719363328,-0.10172917328557601,-0.06541199020516465,0.5815468231572005,0.3876605117547026,0.38030986109719706,-0.2967609180439862,-1.3232625787982701,-0.41869608591457874,1.1789325134360134,-0.4326667713397931,0.9200059305423237,0.30366487015204124,0.2351397533567916,0.4557351504791208,-0.8191187016946819,-0.11655764798172477,0.017787551726081964,0.7788282073101496,-0.13055790942311973,0.5234168780408134,-0.3116178343233759,0.43165874386658626,-0.5460157593860633,-0.4127463948000535,-0.3551204859187502,0.17958268215952444,-0.3487941929564476,-0.14192911175534312,0.05050318398154589,-0.42979347223575015,-0.2406909330477821,0.2679008127960246,1.7693040965400881,-0.643693401575288,-0.050749791304690185,0.44793824602173254,0.762426648082509,0.5115871740154007,-0.24595317575551495,0.5741797095571545,-0.3643069220389487,-0.05014403236981471,2.2793534099545965,-0.5192249697689719,-0.30847746074816573,0.4771320421413593,0.6318016560755599,-1.2534838618518218,-0.6658029044071088,-0.4181408917830985,1.2373018827330162,-0.3727104166180156,-0.4406335497971346,-0.055988940957324325,0.9569442650632323,0.1104099310660369,0.6494961189389213,-0.07586430651242795,-0.6623970756560115,0.48777693259494914,0.5626809720191879,-1.220581038415808,-0.8227901537619076,1.1038629921586376,0.18742046808443785,0.8203848790385205,0.5972456566559041,-0.7891537906353808,-0.6549443498194335,-0.18098727904073322,-1.598533372124987,-1.0731762398810811,0.6857276884645354,0.1821401199541729,0.8954887570832387,-0.5865012179396878,0.7121430899467294,-0.6751194796757418,-0.07065950930091613,0.41014219235239563,0.595935763776082,1.3231615643027255,1.2626158576999154,0.23668407535214123,1.1082470755137122,0.18573805627691437,-0.9587116880650336,0.4226841152533775,3.461531461221526,0.492265049902588,2.116198050196271,0.28590343945411467,-0.8251140725807684,0.6591737143451322]}},"identity_factors":[[0,0,0,0],[1,0,0,1],[2,0,0,0],[2,0,0,2],[0,0,0,1],[0,0,0,2],[3,0,0,0]],"zne":{"method":"richardson","degree":1,"sampling":"default-2","data_points":null}},"output":{"data_points":[[4,1,0,1,-5.325000307676939],[12,1,0,3,-2.7886872454365212],[20,1,0,1,-3.726825298543356],[20,1,0,5,-1.3819766130324735],[4,1,0,3,-3.346583382074702],[4,1,0,5,-2.065107021205374],[28,1,0,1,-3.112212362599333]],"run_time_sec":3.8784146308898926},"others":{"observable_string":"1 X 0 X 1 + 1 Z 0 + 1 X 1 X 2 + 1 Z 1 + 1 X 2 X 3 + 1 Z 2 + 1 X 3 X 4 + 1 Z 3 + 1 X 4 X 5 + 1 Z 4 + 1 X 5 X 6 + 1 Z 5 + 1 Z 6","time_evolution_gate_hamiltonian_string":["0.5 X 0 X 1 + 0.5 Y 0 Y 1 + 0.5 Z 0 Z 1 + 0.5 X 1 X 2 + 0.5 Y 1 Y 2 + 0.5 Z 1 Z 2 + 0.5 X 2 X 3 + 0.5 Y 2 Y 3 + 0.5 Z 2 Z 3 + 0.5 X 3 X 4 + 0.5 Y 3 Y 4 + 0.5 Z 3 Z 4 + 0.5 X 4 X 5 + 0.5 Y 4 Y 5 + 0.5 Z 4 Z 5 + 0.5 X 5 X 6 + 0.5 Y 5 Y 6 + 0.5 Z 5 Z 6"]}}