{"config":{"run":"zne","nqubits":7,"state":"dmatrix","observable":{"def":"ising","coefficients":{"cn":[0.5,0.5,0.5,0.5,0.5,0.5],"bn":[1.0,1.0,1.0,1.0,1.0,1.0,1.0],"r":1}},"output":{"file_name_prefix":"noisefree_time_evo_ising_sample#2_default2_richardson","draw":{"status":false,"fig_dpi":100,"type":"png"}},"vqe":{"iteration":30,"optimization":{"status":true,"algorithm":"SLSQP","constraint":false},"ansatz":{"type":"ising","layer":30,"gateset":1,"ugate":{"coefficients":{"cn":[0.5,0.5,0.5,0.5,0.5,0.5],"bn":[0,0,0,0,0,0,0],"r":0},"time":{"min":0.0,"max":10.0}},"noise":{"status":true,"value":[0.001,0.001,0,0]},"init_param":[0.6590694960528833,-0.2854558334182622,1.0306923280151463,0.6550898938557329,0.9315733572577495,1.2057201582082717,0.9811291380333751,1.5206661665313148,2.4408738550730362,2.7777807130266146,1.8490793501371119,2.7071618393777617,3.448701526645938,3.25228192817392,3.909459142578945,4.032623203243658,5.599899674391442,6.194254822571469,6.098839810552758,7.12321969985525,5.471935223582719,7.000048479064865,6.163302947643294,6.764593869386736,8.247077322668167,8.634747125287538,7.676324749847341,7.78026495221643,8.105492273805325,9.5640192869366,-0.011873474216042323,-2.434500375554628,-0.10455925158052418,0.2569462471518708,-0.08489596844758442,1.752210122857882,-0.18218984453662215,-1.1101328876321344,-1.3627559842838404,1.0124341624312283,-0.2862049982032014,-0.7185777271230396,-0.09394417591854136,0.49625652517555896,-0.9857794647946561,1.4464358588026174,0.3499675722030421,0.16819024493022466,-1.2377086471520429,-0.08609611775238776,8.430136549532341e-05,-0.4965766012573427,0.23005644059489813,-0.3045758240559295,-0.6237700627956388,-0.5378896160026976,-0.47031364660974134,-0.23900749527590107,-0.8861086299150733,0.4152653998691663,0.25132899568034467,0.210668325383171,-0.45582489998326714,0.33896331193129886,-0.598024800250942,-1.0653891809554037,-0.24579028973377207,-0.2518261991771569,-0.27489283856654967,-1.8368010539817157,0.7603031402327481,-1.0580366967848427,0.937265781379338,-1.561915345931839,-0.20361700241718386,0.01037362840258136,1.065088823635147,1.5473971719051263,0.6710626072036447,-1.3078271224013434,-0.44041144242992875,0.26286028716832144,-0.7422690043930831,0.058705888770572354,-0.06650841033855565,1.030635262805123,-0.0335661801925191,0.5297454590981248,0.06753747790405203,0.14056267525478328,0.07501248890319491,-0.4555114892702924,0.052871361821890055,0.8831290291657705,0.31246466314774973,-0.13805133235796102,-1.5218100594524435,0.8704237226464591,0.943612385884583,0.7503222960153556,-1.0501072083077754,0.49849526621940693,0.3395427460906962,-0.4408573090507371,0.14527288845758626,-0.1813688732375197,0.34345348223522676,0.12541418845116759,-0.6809521613614832,0.2295376530115855,0.5450161017879213,0.4773220748215449,0.3684943671547937,0.8842089882650989,0.05334067934597302,0.13768514790797423,0.4103750392595264,-0.26848349828041074,0.6620249936359885,-1.5459605128845035,1.4100701224293704,0.16168745662988143,0.23772000250967307,1.7971905591062294,-0.938827506483682,-0.01954596903640595,-0.8181118787095945,-0.6153788289115609,-0.1838519887241972,0.20462123607533955,1.4953936692428729,-0.07611320352305531,-1.7809447596873618,-0.88524111362969,0.17744789561812016,1.4610117584109747,0.45955153483568817,-0.2845517593866031,0.8399497196083929,0.16563820890154005,0.2712983460835028,1.4880596418876064,0.23359224369727394,2.649347137180212,0.3851480655953682,-1.0608187076146278,1.550453043712829,0.052797710274297464,-1.389404470877451,-0.6957478730499241]}},"identity_factors":[[0,0,0,0],[1,0,0,1]],"zne":{"method":"richardson","degree":1,"sampling":"default-2","data_points":[[4,0,0,1,-6.655101408571393],[12,0,0,3,-5.3833709991795455]]}},"output":{"exact_sol":-8.566772233505624,"zne_values":{"degree":1,"sampling":"default-2","sampled data":[[4,0,0,1,-6.655101408571393],[12,0,0,3,-5.3833709991795455]],"extrapolated_value":-7.290966613267316,"others":{"sorted_noise":[5,15],"sorted_expectation_vals":[-6.655101408571393,-5.3833709991795455],"beta_coeffiecients":[1.5,-0.5],"cost_richardson_zne":2.5}},"run_time_sec":0.000202178955078125}}