{"config":{"run":"zne","nqubits":7,"state":"dmatrix","observable":{"def":"ising","coefficients":{"cn":[0.5,0.5,0.5,0.5,0.5,0.5],"bn":[1.0,1.0,1.0,1.0,1.0,1.0,1.0],"r":1}},"output":{"file_name_prefix":"noisefree_time_evo_ising_sample#3_default2_richardson","draw":{"status":false,"fig_dpi":100,"type":"png"}},"vqe":{"iteration":30,"optimization":{"status":true,"algorithm":"SLSQP","constraint":false},"ansatz":{"type":"ising","layer":30,"gateset":1,"ugate":{"coefficients":{"cn":[0.5,0.5,0.5,0.5,0.5,0.5],"bn":[0,0,0,0,0,0,0],"r":0},"time":{"min":0.0,"max":10.0}},"noise":{"status":true,"value":[0.001,0.001,0,0]},"init_param":[0.65576738677873,0.3239214720224423,2.3855072627874105,1.9763250209382643,1.25427769493954,2.3162370393123424,1.9017855577246785,1.9005815958308259,1.5870813564837847,2.6584064891951242,2.7783760822336037,3.6284076613675933,4.237232846521366,4.934586310423808,5.039137334380278,5.260007103943741,4.867510060957343,5.160382684924892,5.169177199763573,7.546259932375353,7.146201264330192,8.28281348865221,7.917920778920422,7.53009395330708,8.062507525421825,9.304366791485588,9.926758551575407,9.084451589835162,9.79707075110817,10.575249230388609,0.5456452336627167,-0.9837713074472834,-0.42742206018122175,-1.3029312105826119,-1.1641036797348447,0.7919346742099304,1.9620674212258367,1.9073579634335727,-0.23275613795150957,-0.06775730961117268,1.4983811947194767,-0.8975082884003556,0.3529237639602063,-1.4239969478893941,0.3788990385372462,0.09344176641618981,0.09069068911657509,0.17031726983583267,0.22888483114733377,-1.6995481244097908,-1.3010169956485302,2.094548711548086,1.0747369909851907,-0.3258140689639752,1.5625757680090937,-0.3002488525143925,-0.04501015440728947,1.5078073520569721,-1.9346275384759062,2.2256077149599607,-0.5805105070823964,-0.48094695158901446,-0.1310109027039654,-0.1204484651517473,-0.26589712637991747,-0.5598456897518093,-1.175763827622193,-0.5588335150845121,0.8430273214112312,0.10725253345773475,0.0752492998712607,-0.3097901540687204,-0.09793609230360255,-0.18221844440327178,-0.6674754790418312,-0.5023998870471817,-0.9350894124596179,-0.19994951138597564,0.2579838899661587,-1.094202247596928,-0.5425173506482873,0.7959583504781922,-0.9955725001961172,-0.1595567405458048,1.091367939972554,0.6815097806160964,1.0004350354525489,-0.4035754315142146,0.6603553402979682,-1.0095672276855463,-0.9598436075589943,0.9655866059208413,-0.44665792547768174,-0.6521568480725112,-0.26439038881926646,0.4683871602092716,-0.2232985234372107,1.095294327159738,-0.3257458417026322,-0.5405577089376262,-0.29804030957164723,0.8829625383125408,0.24379589724703024,-0.017211027115518713,0.2059329647525235,-0.24046719377898912,0.03931984200562616,0.3564877069015707,-0.034879891343843006,-0.34312200113814856,0.2244690398837907,0.8635276866866343,0.04234289185849534,1.6460160414619895,-0.8971404259075855,-0.18165762617733144,-0.7692859259284193,0.01501183798714514,-0.31586143386589677,1.5367155011648712,0.8073966397736274,0.17312919324492476,1.2103068073781564,-0.5811560487750683,-0.3730021786225395,-0.3906016524665752,1.1876812400557497,-0.7863480509919633,0.04892616758450818,0.9443429096119744,-0.6841391382649209,1.4722811126084023,-1.5273693713276861,0.5312801439491354,-0.8249737024529431,0.6535298206949355,0.9311833826941116,2.104421310265746,-0.6637045926304108,-2.1967501026226284,-1.5198455222907694,-0.3351278827918503,0.8732124540310281,1.5654853188286693,-0.27310937973912897,-1.5182586175467485,-2.126493647225012,0.5771213373824845,1.133078271643851,1.186305854423315]}},"identity_factors":[[0,0,0,0],[1,0,0,1]],"zne":{"method":"richardson","degree":1,"sampling":"default-2","data_points":[[4,0,0,1,-6.728067690530738],[12,0,0,3,-5.514245692527814]]}},"output":{"exact_sol":-8.566772233505624,"zne_values":{"degree":1,"sampling":"default-2","sampled data":[[4,0,0,1,-6.728067690530738],[12,0,0,3,-5.514245692527814]],"extrapolated_value":-7.334978689532201,"others":{"sorted_noise":[5,15],"sorted_expectation_vals":[-6.728067690530738,-5.514245692527814],"beta_coeffiecients":[1.5,-0.5],"cost_richardson_zne":2.5}},"run_time_sec":0.00014090538024902344}}