{"config":{"run":"zne","nqubits":7,"state":"dmatrix","observable":{"def":"ising","coefficients":{"cn":[0.5,0.5,0.5,0.5,0.5,0.5],"bn":[1.0,1.0,1.0,1.0,1.0,1.0,1.0],"r":1}},"output":{"file_name_prefix":"noisefree_time_evo_ising_sample#6_default2_richardson","draw":{"status":false,"fig_dpi":100,"type":"png"}},"vqe":{"iteration":30,"optimization":{"status":true,"algorithm":"SLSQP","constraint":false},"ansatz":{"type":"ising","layer":30,"gateset":1,"ugate":{"coefficients":{"cn":[0.5,0.5,0.5,0.5,0.5,0.5],"bn":[0,0,0,0,0,0,0],"r":0},"time":{"min":0.0,"max":10.0}},"noise":{"status":true,"value":[0.001,0.001,0,0]},"init_param":[0.21642391354895887,0.3331432898841258,-0.06693788339377277,0.26090512608866184,-0.051475708527615335,2.248387402778348,1.7803925814809047,1.6633026425697932,2.1618223073671183,3.6007913640609237,3.540565130545411,3.53167510307325,5.140465847651832,4.523773124141949,4.949139470405078,5.016097348436706,4.920069994941794,4.4244598079388995,5.113075502580537,5.106962823868507,6.4124035754218225,6.294633400034285,7.506223162488024,6.559537265766551,8.275917356063998,7.810541341926235,9.406763018562925,7.60305770245794,9.954471490154368,9.610900407306211,-0.05763438734437889,-0.04790413064631526,0.2269718620378324,0.5896010139996669,0.48013434814253847,0.4967596700707033,0.18351636203042734,-1.1241969974416983,1.416457805235627,-0.5205404358890018,-0.6695636294334721,-0.5328029767133149,-0.08244080118800798,-0.7669188604284656,-0.33442261970122794,-0.07406697885443755,-0.5369006502544649,-0.7803985109111929,0.8067425691108024,-0.08699918622498386,0.8145860804942232,0.1706117516312032,1.5377888849872219,0.2084031505615936,-0.4404828418393684,0.23630417105267795,-0.40720749826739516,-0.2731810912538009,-0.08095119257729634,0.005543554678156507,0.09035320227960685,-0.43404799443833497,0.05683045013658434,0.6887849723825199,0.6638516095385718,-0.3836464990816267,-0.12990216189875403,0.08495048898410656,-0.800608025251866,-0.7649099286091989,-0.12327054926813706,0.6007389946354514,-0.3843706541011173,0.9742154618257877,-0.13429888663378026,-0.0051731830599536874,-0.16691720600597948,-0.875656802827593,0.9273705372097141,-0.39315228309160805,0.3205077489860559,0.27619486362506834,0.2933062616029716,-1.5078649370614798,0.20206716802916722,-0.20570756037697902,-0.3634925515965884,0.7998661130611088,-0.8632395219312401,-0.043756628695166666,0.8659406153467368,-0.15184396301363384,0.7788642677887435,-0.19091185157939586,-0.9822980757210844,0.018659318756157874,-0.6112100444020566,0.5589903176380533,-0.1984380673069921,0.7067185547322223,0.1300052871975523,0.013905875981569157,0.5968028074753413,-0.9682624976456432,-0.7931634823425274,-0.01419999370825974,0.8292557637439556,0.5261319703016423,-0.14936752597797512,0.38482248527937535,0.681321636226803,2.1661700378692617,1.0670203075236349,0.13318441986668414,-0.4427204214085811,0.7685223207655658,0.3060001890283595,0.5743786254562215,1.879950277971029,1.2772919401954683,0.307078609767285,-1.3339021572075367,0.7020723731184041,0.993758669778813,0.9940735593049379,-0.09687801667555047,-0.46919045836056705,1.655435782393125,-1.202330607906055,0.4788288236146706,-1.1259424377389518,0.22791779458424483,0.6788615735118391,2.1515871091207823,-0.2311470091707911,0.12872471056857646,0.3226499061581435,-0.7511506449009288,0.9678386233240474,0.12890967078475998,0.18533039175096222,1.4974739562296877,-1.583853104517048,1.0996039732534697,-1.0796088258090866,-1.216694240884447,0.7004110012738605,-1.7950833824716492,-0.2643718079350375,-0.32498298576562573]}},"identity_factors":[[0,0,0,0],[1,0,0,1]],"zne":{"method":"richardson","degree":1,"sampling":"default-2","data_points":[[4,0,0,1,-6.8316206101518215],[12,0,0,3,-5.588314784869689]]}},"output":{"exact_sol":-8.566772233505624,"zne_values":{"degree":1,"sampling":"default-2","sampled data":[[4,0,0,1,-6.8316206101518215],[12,0,0,3,-5.588314784869689]],"extrapolated_value":-7.4532735227928875,"others":{"sorted_noise":[5,15],"sorted_expectation_vals":[-6.8316206101518215,-5.588314784869689],"beta_coeffiecients":[1.5,-0.5],"cost_richardson_zne":2.5}},"run_time_sec":0.0002231597900390625}}