{"config":{"run":"zne","nqubits":7,"state":"dmatrix","observable":{"def":"ising","coefficients":{"cn":[0.5,0.5,0.5,0.5,0.5,0.5],"bn":[1.0,1.0,1.0,1.0,1.0,1.0,1.0],"r":1}},"output":{"file_name_prefix":"noisefree_time_evo_ising_sample#10_default2_richardson","draw":{"status":false,"fig_dpi":100,"type":"png"}},"vqe":{"iteration":30,"optimization":{"status":true,"algorithm":"SLSQP","constraint":false},"ansatz":{"type":"ising","layer":30,"gateset":1,"ugate":{"coefficients":{"cn":[0.5,0.5,0.5,0.5,0.5,0.5],"bn":[0,0,0,0,0,0,0],"r":0},"time":{"min":0.0,"max":10.0}},"noise":{"status":true,"value":[0.001,0.001,0,0]},"init_param":[0.9848864125167623,1.1288167004200165,1.955508076746721,-0.1443104679552516,1.4455000469504686,0.9115288272243549,1.9442766749271527,1.8089920376699042,3.779396743132226,3.05986493579794,2.8839529663044576,4.390002971728742,5.561367325078369,6.484593453162427,4.859153439850983,6.285298280183733,4.951133961162786,6.551779363228682,5.904887923057251,6.356812610343815,6.895521876271116,7.628652722554068,7.406119007314803,8.861426661455972,8.706619817518868,8.604382772769307,10.234436733377432,8.534384545983436,10.203021717346605,10.108499482905168,-0.06027565459801135,0.7137244026244359,-1.8464087733174532,0.9361999741372756,1.3691317133104817,0.14527823013198785,1.112905705309035,-0.7953963402141645,-1.5767120018595773,1.3564051557692791,0.3834598998128371,0.7745298212516195,0.043064557849545444,-0.2696502224121883,0.7963115884794744,-0.9624656537935249,0.7159764440782176,-0.10658310982669598,0.23805473974042224,1.2871108365674553,-0.2747182911725346,0.8794199158162878,1.096114357532061,0.6707980484625703,-0.1610657946792188,-1.2638492881710164,-0.4294020978897593,-0.8960852362347148,0.0806899029357293,-0.27456907690020455,0.5028319868860892,-0.7162609895515842,0.15826031270410199,-0.98419646607221,1.200001887362865,0.5692594567548759,0.47646163457870144,-1.0401228522618042,-0.060491094559678854,0.7002133766216975,-0.19304330830912236,0.4217626380359539,0.25690685974329475,0.04603307312399556,0.2723176588747285,0.7724082001175704,-0.7744438179076119,0.23649761558454777,-0.3920516159208053,-0.1581348237702536,0.9340288521251751,0.610890842105995,-0.5944371342629955,0.597415184435009,-0.07743399422294656,0.03915363870406943,0.503569340737516,-0.6702687132350754,-0.22548509122080612,-0.8836388362959138,-0.5509735623458485,0.8235298075829353,0.30754507082124033,0.5222191785799586,-0.10449364087746449,2.1953902672137473,1.0834020360204735,-0.8390836548209979,-0.43946885067782143,0.07149043069430601,-1.3947547425147793,-0.6311163766040494,-0.1427174444100455,-0.06837842603764026,-0.09622504063499808,0.9343120795837442,0.5892399738482552,1.2325789044483073,0.4292527559351666,0.011012461005766375,-1.055782019101264,-0.059876642383676765,0.6871427320047134,-0.22761935756290536,0.6414726863532184,-0.3849849281049787,-0.18320994095368376,-0.41857109885555527,-0.2657808024838787,0.920072464519658,0.2397331065437816,0.47393954552647716,-0.694041725559727,1.481179785934651,0.09519803729899759,0.8352841622500523,0.9175484611265569,-0.6517978497937381,0.044889877395354306,1.8057683007489953,2.454702564968308,1.6381952966874187,-1.5360724211047638,0.7719905900418256,1.144057990358874,-0.496909839900605,-0.34470153789646124,0.23365751083915448,-1.413411540831193,1.5992663331735324,0.49670157555086586,-0.22952524741108393,0.47509590222864606,-0.6583871220850942,0.5931697040622195,0.8510611624328679,0.8994490464809918,-0.5981207935403429,-0.6102983823462407,0.027111917301999296]}},"identity_factors":[[0,0,0,0],[1,0,0,1]],"zne":{"method":"richardson","degree":1,"sampling":"default-2","data_points":[[4,0,0,1,-6.644282478359718],[12,0,0,3,-5.40486119524877]]}},"output":{"exact_sol":-8.566772233505624,"zne_values":{"degree":1,"sampling":"default-2","sampled data":[[4,0,0,1,-6.644282478359718],[12,0,0,3,-5.40486119524877]],"extrapolated_value":-7.263993119915192,"others":{"sorted_noise":[5,15],"sorted_expectation_vals":[-6.644282478359718,-5.40486119524877],"beta_coeffiecients":[1.5,-0.5],"cost_richardson_zne":2.5}},"run_time_sec":0.00014972686767578125}}