{"config":{"run":"redundant","nqubits":7,"state":"dmatrix","output":{"file_name_prefix":"xy_ansatz_noisy_evo_sample#4","draw":{"status":false,"fig_dpi":100,"type":"png"}},"observable":{"def":"ising","coefficients":{"cn":[0.5,0.5,0.5,0.5,0.5,0.5],"bn":[1.0,1.0,1.0,1.0,1.0,1.0,1.0],"r":1}},"ansatz":{"layer":30,"gateset":1,"ugate":{"type":"xy-iss","coefficients":{"cn":[0.5,0.5,0.5,0.5,0.5,0.5],"bn":[0,0,0,0,0,0,0],"r":0},"time":{"min":0.0,"max":10.0}}},"vqe":{"iteration":1,"optimization":{"status":false,"algorithm":"SLSQP","constraint":false}},"init_param":{"value":[1.1474678806667682,1.4169822627713395,0.9516916907991215,1.2275407358350994,1.5592104955831363,2.375585439406648,2.3727055041023672,5.121155462897054,4.237016852671714,5.052943425019849,4.326269741129515,4.955878992962255,6.192469443675362,4.386141518278757,6.757077582521862,4.092365434112934,7.459818094555422,7.382899668238536,7.22714998850313,7.644155981386086,7.740535936414613,7.252577468007703,7.97720577220006,8.055654394620293,9.495783251761669,9.483267368949134,9.34068810842988,10.450555961441873,9.595589648399356,9.644283045163457,0.24984512972566159,0.9335742691035505,1.1408034172940673,-1.1902735333967176,0.8629842944002291,1.6723938077334546,-1.493473373299554,-0.8264887814608459,0.4005251055014758,0.5745848761065633,-0.5155254190495533,1.3352824841740716,0.4455327912015742,-1.64612193003078,-0.5246825842926235,0.7799082854946813,0.26380453678852456,1.5039780559945615,0.46907866231548373,1.5726977574131284,0.9716255456108422,-0.0024902643550248293,0.6285734508394079,-0.2217058840864587,-0.9909777588482312,0.4767568831579697,0.6963516212962055,-0.146440141144427,1.5872860479336846,0.91989572374819,0.4322060332561072,0.28119878190783876,0.9962946418520935,-0.40989336778125846,-0.06989536254922793,-0.544081963400512,0.5171387109814543,-1.2634204846640789,-2.1335891009896546,0.2981856215886103,-1.7058333051613468,0.03913321661543273,1.1788846446517929,0.16836142011030145,3.3077875925743223,0.151459240264466,-0.3672396164118527,-0.7399065308096934,-0.7761156209464384,0.8906296064062015,-0.41109684884704406,0.7477490498470166,0.7573629006213817,0.5481290580434349,-1.5707022136945388,-0.473092713792922,-0.39477914073539,0.02000214628881714,1.524455522647456,0.13760615827202785,0.41421067430362274,-1.1555759319082104,0.009885759850746143,-0.9480069339812587,-1.1242231049949918,0.740351700898309,0.16901883025368455,1.7447068753161628,-0.8046488098939903,-1.3812784011661505,-0.3852552319475947,-1.7722527286885053,0.5896066678883749,1.7018533468299428,0.6422349446717052,-1.1412094243027868,1.0608249564041397,-0.9468788040124587,-1.1711972057028148,0.4304327005646964,-0.33803377471913154,-1.5845829466986092,-1.14391825773215,-0.2688355497530702,0.7308798916029953,0.052103703043549235,0.1625022545794357,-0.9754487939551848,-0.9386151770316798,0.5132430154419616,-1.3718849304177059,-1.227375698485832,1.7618521996976597,0.3952442723084418,-1.5866804029233603,0.11077755205272026,-1.3927636021555831,0.6623078251969783,0.7465229538823381,1.2256927202350665,0.661378263391865,0.7854072138673337,-0.4298800726136667,-0.4197394649425713,0.09609631863965915,1.319739053134426,0.11571818794083141,-1.8951989443479456,0.31309273619400857,-1.446968357337332,0.15784396623946598,1.4940291641690282,-0.32302582702000177,-0.004066824690857645,-0.36013707035714193,-0.9495891909983118,0.9467365143086751,-0.7004192537850424,0.5252402558575154,0.09959578129968791]},"noise_profile":{"status":true,"type":"depolarizing","noise_prob":[0.001,0.01,0.001,0.001],"noise_on_init_param":{"status":false,"value":0}},"redundant":{"identity_factors":[[0,0,0,0],[1,1,1,1]]},"zne":{"method":"richardson","degree":1,"sampling":"default","data_points":null}},"output":{"data_points":[[4,2,7,0,-5.275870440836846],[12,6,21,24,-1.4325864456848492]],"noise_details":[{"identity_factors":[0,0,0,0],"noise_level":[4,2,7,0],"gates_num":[4,1,1,0],"noise_profile":{"status":true,"type":"depolarizing","noise_prob":[0.001,0.01,0.001,0.001],"noise_on_init_param":{"status":false,"value":0}},"odd_wires":4},{"identity_factors":[1,1,1,1],"noise_level":[12,6,21,24],"gates_num":[12,3,3,24],"noise_profile":{"status":true,"type":"depolarizing","noise_prob":[0.001,0.01,0.001,0.001],"noise_on_init_param":{"status":false,"value":0}},"odd_wires":4}],"run_time_sec":6.12097692489624},"others":{"observable_string":"1 X 0 X 1 + 1 Z 0 + 1 X 1 X 2 + 1 Z 1 + 1 X 2 X 3 + 1 Z 2 + 1 X 3 X 4 + 1 Z 3 + 1 X 4 X 5 + 1 Z 4 + 1 X 5 X 6 + 1 Z 5 + 1 Z 6","time_evolution_gate_hamiltonian_string":["0.5 X 0 X 1 + 0.5 Z 0 Z 1 + 0.5 X 1 X 2 + 0.5 Z 1 Z 2 + 0.5 X 2 X 3 + 0.5 Z 2 Z 3 + 0.5 X 3 X 4 + 0.5 Z 3 Z 4 + 0.5 X 4 X 5 + 0.5 Z 4 Z 5 + 0.5 X 5 X 6 + 0.5 Z 5 Z 6"]}}