{"config":{"run":"zne","nqubits":7,"state":"dmatrix","output":{"file_name_prefix":"xy_ansatz_noisy_evo_sample#1","draw":{"status":false,"fig_dpi":100,"type":"png"}},"observable":{"def":"ising","coefficients":{"cn":[0.5,0.5,0.5,0.5,0.5,0.5],"bn":[1.0,1.0,1.0,1.0,1.0,1.0,1.0],"r":1}},"ansatz":{"layer":30,"gateset":1,"ugate":{"type":"xy-iss","coefficients":{"cn":[0.5,0.5,0.5,0.5,0.5,0.5],"bn":[0,0,0,0,0,0,0],"r":0},"time":{"min":0.0,"max":10.0}}},"vqe":{"iteration":1,"optimization":{"status":false,"algorithm":"SLSQP","constraint":false}},"init_param":{"value":[1.1467181482640894,0.6064030112168293,1.4890346189006372,0.9482394052111778,2.4272733064484164,0.052238619381749896,2.759141946372177,1.6755222541854338,2.8993297997292475,2.0687992717292767,2.796972111277823,2.0222512106075006,4.526540011424084,3.6976919958476673,4.678239494588645,5.01148400148108,5.291869472518509,6.898657632248536,7.068858603417744,6.631410119260231,5.883948708374999,6.683767361736812,6.139531419295673,6.090718878785864,6.495347100930504,10.234755002784832,8.421308685491915,10.28779748035922,8.49350806369869,10.652336817089468,-0.536511642266088,-0.5770983661059353,-0.0545462125184394,-0.7157284443610022,-0.3471727029315199,0.46985421284955015,1.0862512210451205,-0.7442922557437309,-0.5700514813837035,0.07233829759098985,-0.8712198061983593,-0.10942535558905497,0.5178506964734327,1.3048030960855481,-1.2962320313632059,-0.0721032883115247,-0.45178768311561585,0.2615198403095548,-0.26665665234954666,1.7762765984739306,0.21830353745381198,0.48087627486414125,-1.1380667174722487,0.9087308335410581,-0.28378540523593765,1.497901435563054,0.7387138994913736,0.035125337626698415,-0.11420043660147369,-0.6448557739637446,0.8315653745623142,0.24458769108330175,-1.0373482588743956,0.5438569405367423,0.4083387703137745,0.5774818100676726,-0.5068349091059223,-0.07298367950337885,-0.1967043899918811,0.7001317984305936,0.34374859555103277,0.8521838734437323,-0.25030259648184056,0.08906177695652655,-0.20629103091571963,1.1548631908018068,-1.2148830696576054,-0.15976186266144032,0.6976654264458826,1.020211075107757,0.49798494733709525,-1.0446212919273028,0.3726950037974163,-0.11344493785090194,0.6161816171273823,0.07959387405770618,0.9468890673022581,0.06661937734891361,-0.9044208938689038,0.7773517135518591,1.1102072078598266,-0.3815687011667954,0.5756376783248702,0.7371845262132396,0.6000207559443801,0.8377226540210307,0.30943414990555146,0.793695296531384,-0.5210174787442002,-0.057931142068085945,-0.8632026801638939,1.1201406440326036,-2.001615888457544,0.27862365069541667,0.17234632353309137,0.48252870099985135,0.9272863229701861,0.5841977863306216,-0.3488113472945686,1.3612205192402373,-0.9590915364948797,0.11042088620764973,-1.1508370955599432,0.778958474308838,-1.238197245446164,-0.6881484858172062,0.6586424627338802,0.2563768018722134,0.4721699557053798,0.7617389240476892,0.04267172254959286,0.22631293202302458,0.40941258799720426,0.910054604931598,-0.5972010714160867,-0.5912005851844199,0.3773324649771421,0.07681802154503158,-0.40498696480556895,0.762529676097751,1.2685667851442046,0.648640134771666,1.065861542081378,0.35572688477700903,-0.9841064646085866,0.15414240743910468,-1.089940130993719,0.30923787726947516,-1.172647847982102,0.9949815820118623,-0.9275022209228755,0.6435770627451156,0.6063828386939294,1.6396816286352576,-0.1446358904623105,-0.20710777378591094,0.03601072108083158,1.1862688727379425,0.012016895070055472,1.5417923092991026]},"noise_profile":{"status":true,"type":"depolarizing","noise_prob":[0.001,0.01,0.001,0.001],"noise_on_init_param":{"status":false,"value":0}},"redundant":{"identity_factors":[[0,0,0,0],[1,1,1,1]]},"zne":{"method":"richardson","degree":1,"sampling":"default","data_points":[[4,2,7,0,-4.727620433606642],[12,6,21,24,-1.000263457937886]]}},"output":{"exact_sol":-8.566772233505624,"zne_values":{"degree":1,"sampling":"default","sampled data":[[4,2,7,0,-4.727620433606642],[12,6,21,24,-1.000263457937886]],"extrapolated_value":-5.696733247280519,"others":{"sorted_noise":[13,63],"sorted_expectation_vals":[-4.727620433606642,-1.000263457937886],"beta_coeffiecients":[1.26,-0.26],"cost_richardson_zne":1.6552000000000002}},"run_time_sec":2.1457672119140625e-05}}