{"config":{"run":"redundant","nqubits":7,"state":"dmatrix","output":{"file_name_prefix":"xy_ansatz_noisy_evo_sample#2","draw":{"status":false,"fig_dpi":100,"type":"png"}},"observable":{"def":"ising","coefficients":{"cn":[0.5,0.5,0.5,0.5,0.5,0.5],"bn":[1.0,1.0,1.0,1.0,1.0,1.0,1.0],"r":1}},"ansatz":{"layer":30,"gateset":1,"ugate":{"type":"xy-iss","coefficients":{"cn":[0.5,0.5,0.5,0.5,0.5,0.5],"bn":[0,0,0,0,0,0,0],"r":0},"time":{"min":0.0,"max":10.0}}},"vqe":{"iteration":1,"optimization":{"status":false,"algorithm":"SLSQP","constraint":false}},"init_param":{"value":[0.49736502146523265,0.5858638980056102,1.3386859969318774,0.4654230541439168,4.105740247351738,3.9532973544417227,3.808103770283058,3.839294591037385,2.992153016319546,4.165191379627278,4.133517674314565,4.4047513000156435,4.372234264809015,5.564577380729092,5.460079945589831,6.101671787814586,6.131640034317669,7.157306434755251,7.835788711216402,7.894984829404947,8.002289346772987,8.087621317350001,8.16192796215269,8.532417053285197,8.295543264188366,8.227577774824383,7.51553019764467,9.37879314945114,9.333676335463638,9.983173620465235,-0.3122907421673876,0.09942888984329477,0.32761482199588304,-0.9777336890980809,0.7039601261079587,-0.17791886114500785,-0.691428906089484,2.3420105207298896,-1.068805978609701,1.2231246112472898,-0.3402961785088308,-1.1146198504735498,-0.6671840310014712,-0.09932572192905369,-1.1333094445657088,-0.6928125285549988,-0.21326056986298517,0.39048127073240535,-0.4575797326267507,1.2922207339848941,0.40138158235896676,-0.5078461931873347,-1.379032892142067,0.34393730565494224,-0.4174289770689231,0.3263417978313066,0.5801070700682118,0.5378097954118817,-0.05444958157476347,-1.5597683977508785,0.5355197006167531,0.47985104285997504,-0.10385004368822744,-1.647760881776416,1.1809089305792657,-1.3593861925483093,0.03764885830996799,0.0791573118220651,0.44432070025571135,0.16426519355560093,-0.20413514096827082,0.21609610423260284,-0.13169278089356531,-0.12387844030753387,1.3145374820755533,-0.1813219822655232,1.2264650184244736,0.35352580151327434,-0.7475405100966758,-0.05825480379728576,0.08314513520751542,0.05181550692787486,0.6622493965698367,0.17761136903865418,0.6010836938898078,-0.1112628000105796,0.10003968847615359,1.4070092285889462,0.09605991708639218,0.14351405363056888,-0.4783673975659516,-0.1278493839424914,0.07722136140164047,-0.3361623568487951,0.3633567390380332,0.10225428752619707,-0.6528555002366799,-0.060775614038040056,-0.2809634685550168,-1.4580390617047179,-0.7768034956425524,1.5446169136342662,-1.0451798972851023,0.4847060322742067,-0.16007118683311872,0.11705670034517698,-0.23588978461445956,-0.7326423239060651,0.2671048951327708,0.22452674065881487,1.6999729253398543,0.3164425300297984,0.9064388224328103,0.9922938655758988,-0.7485650661342906,1.3997913221274922,0.4144695237697568,-0.8433539598601487,-0.40509396621589916,-1.8431430987617536,-0.39936243886953693,-1.5821792889112656,0.29296722831899824,-1.7409892491190846,-0.5790529092067063,1.6418724318950084,-0.7571954106893463,0.06368597445807471,-0.4014169619618729,-0.15079109451524225,0.040324060332135515,1.297159976696879,2.508787069275841,0.329620081503692,-0.7980368967176968,-1.526510739580196,-1.5045805132847923,1.353791870104032,-1.0773258963399182,-0.1094408512427726,-1.069776443649831,-0.34713699922024804,0.36194215758827875,0.6590576523324589,2.5592717961203295,-0.041325423403543796,1.5903055983499061,1.5774095931784091,-1.035379896985962,1.5493871761749123]},"noise_profile":{"status":true,"type":"depolarizing","noise_prob":[0.001,0.01,0.001,0.001],"noise_on_init_param":{"status":false,"value":0}},"redundant":{"identity_factors":[[0,0,0,0],[1,1,1,0]]},"zne":{"method":"richardson","degree":1,"sampling":"default","data_points":null}},"output":{"data_points":[[4,2,7,0,-5.542596860497533],[12,6,21,8,-2.2281699473909042]],"noise_details":[{"identity_factors":[0,0,0,0],"noise_level":[4,2,7,0],"gates_num":[4,1,1,0],"noise_profile":{"status":true,"type":"depolarizing","noise_prob":[0.001,0.01,0.001,0.001],"noise_on_init_param":{"status":false,"value":0}},"odd_wires":4},{"identity_factors":[1,1,1,0],"noise_level":[12,6,21,8],"gates_num":[12,3,3,8],"noise_profile":{"status":true,"type":"depolarizing","noise_prob":[0.001,0.01,0.001,0.001],"noise_on_init_param":{"status":false,"value":0}},"odd_wires":4}],"run_time_sec":6.166286945343018},"others":{"observable_string":"1 X 0 X 1 + 1 Z 0 + 1 X 1 X 2 + 1 Z 1 + 1 X 2 X 3 + 1 Z 2 + 1 X 3 X 4 + 1 Z 3 + 1 X 4 X 5 + 1 Z 4 + 1 X 5 X 6 + 1 Z 5 + 1 Z 6","time_evolution_gate_hamiltonian_string":["0.5 X 0 X 1 + 0.5 Z 0 Z 1 + 0.5 X 1 X 2 + 0.5 Z 1 Z 2 + 0.5 X 2 X 3 + 0.5 Z 2 Z 3 + 0.5 X 3 X 4 + 0.5 Z 3 Z 4 + 0.5 X 4 X 5 + 0.5 Z 4 Z 5 + 0.5 X 5 X 6 + 0.5 Z 5 Z 6"]}}