{"Config":{"run":"zne","nqubits":7,"state":"dmatrix","observable":{"def":"ising","coefficients":{"cn":[0.5,0.5,0.5,0.5,0.5,0.5],"bn":[1.0,1.0,1.0,1.0,1.0,1.0,1.0],"r":1}},"output":{"file_name_prefix":"expe2_ideal_unitary_#10","fig_dpi":100},"vqe":{"optimization":{"status":false,"algorithm":"SLSQP","iteration":10,"constraint":false},"ansatz":{"draw":false,"type":"xy","layer":30,"gateset":1,"ugate":{"coefficients":{"cn":[0.5,0.5,0.5,0.5,0.5,0.5],"bn":[0,0,0,0,0,0,0],"r":0},"time":{"min":0.0,"max":10.0}},"noise":{"status":true,"value":[0.001,0.001,0,0]},"init_param":[0.030565471124863672,0.6527447893654541,1.2122922708757398,0.9968960735145309,2.0132577902922435,1.508072325124934,3.0569765420732553,2.092883199978061,3.3782475049485163,2.265160655154463,4.078637040742278,2.986761311049207,4.144967514863482,3.1628535483036906,4.416710884946049,2.8828782672738247,3.8361643892308495,3.7340055680773743,5.71636678120088,5.7015431876184905,6.786808146159601,6.186918869960163,6.2441018524662955,7.442808149221516,7.953394219972773,7.602391208099221,7.673245134259955,7.419355169008361,7.2435034673893135,10.435262723021921,1.1608657036545487,0.8468821854976067,0.265065660909675,0.5690710132287183,0.11356410663425344,2.345900543437652,-0.25484204747985223,0.9895777629871622,0.3310224268209739,0.8550058702516036,0.48313982913084236,-1.1970470638921926,1.8313737040857976,-0.2848035567408116,0.5257021445428163,0.003646385732924357,0.9940780040410919,0.8478466167209586,1.0967805592437834,-0.02158421209972138,0.02396759872279467,-0.29954196560976776,0.21222901715241813,1.692292757943327,-0.5104497467419044,0.138389734882323,1.556630203748985,0.3217342293694962,0.5989576313046767,-0.27055778480509585,1.342822735101511,0.2702461441871498,-1.2147195224412914,0.12177090444234756,-0.03927727175508998,-0.2426666832993324,0.21955638082082662,0.04053203454549883,0.9871788887416194,0.17067308841741036,-0.14794505099392644,1.2439681957113093,0.35862815690323224,-1.0589366786400474,1.0275630794114377,1.3868093340926362,0.6541196490049411,-1.2290336866578404,-0.8517779676236165,-0.11772312291745174,0.6337533066679151,0.6180234623902838,-1.484037520918285,-0.16064792958508878,-1.7938184453583992,-0.012420291140455668,-1.666450870187352,-1.303186862334028,-0.8922618716557519,0.7737878076565634,-1.5981609662322542,-1.3197543718013531,0.027719978278033408,1.2550408248186709,-0.3585142671568255,-0.6235611356449109,0.47348743839155905,-0.2756870638471152,0.8214329037534676,1.455957866628271,0.4148122958539729,-0.31170794626486914,0.31462694874751446,0.2966637158226818,0.670087385998725,-1.153460544682463,-0.5321367254641597,0.43135221150499775,-0.7279083427206835,0.006459756718393383,0.5119977843017118,1.4858554729875937,1.4614607748857777,-1.5593609205055046,0.6705133569672185,0.13230484451212024,-0.37633665442788566,0.9082867152474748,0.9081573806458523,-0.8405157682683295,-0.6333085449651994,-0.03941426959326641,0.32955574953402555,0.4204094012035891,0.5171742655993075,1.0345126459939715,0.23561672416074866,0.41259134324772034,-0.008931671949350555,-2.076636297235432,-0.7022632264515709,-0.23036471415009668,-0.10680148827637832,1.8612742626184386,-0.4469138844674207,0.7329825753533804,-0.44619023877636016,0.9154435241802853,1.7499383719076433,-0.8109597252272014,-1.462917796636569,1.9103223366340834,1.3111638470466231,-1.4917151623662082,0.3653054753823698,-1.4314587426186531,-1.1399687039867494,1.3923850666876865,0.9116549526319965,1.4408904757560883]}},"identity_factors":[[0,0,0],[1,0,0],[2,0,0],[3,0,0],[4,0,0],[5,0,0]],"zne":{"method":"linear","degree":1,"sampling":"default","data_points":[[4,1,0,-7.595577849369251],[12,1,0,-6.543072862645433],[20,1,0,-5.662396335056135],[28,1,0,-4.922411400252877],[36,1,0,-4.297977526461219],[44,1,0,-3.7687502381566618]]}},"ZNE_values":{"Degree":1,"Sampling":"default","sampled data":[[4,1,0,-7.595577849369251],[12,1,0,-6.543072862645433],[20,1,0,-5.662396335056135],[28,1,0,-4.922411400252877],[36,1,0,-4.297977526461219],[44,1,0,-3.7687502381566618]],"Value":-7.7458375209880685},"Run_time_sec":0.0007023811340332031}