{"Config":{"run":"zne","nqubits":7,"state":"dmatrix","observable":{"def":"ising","coefficients":{"cn":[0.5,0.5,0.5,0.5,0.5,0.5],"bn":[1.0,1.0,1.0,1.0,1.0,1.0,1.0],"r":1}},"output":{"file_name_prefix":"expe2_ideal_unitary_#5","fig_dpi":100},"vqe":{"optimization":{"status":false,"algorithm":"SLSQP","iteration":10,"constraint":false},"ansatz":{"draw":false,"type":"xy","layer":30,"gateset":1,"ugate":{"coefficients":{"cn":[0.5,0.5,0.5,0.5,0.5,0.5],"bn":[0,0,0,0,0,0,0],"r":0},"time":{"min":0.0,"max":10.0}},"noise":{"status":true,"value":[0.001,0.001,0,0]},"init_param":[0.19804412386886347,-1.0553288139250654,2.47732476900282,1.7291887389521534,2.093620764759498,2.0692187918634044,3.235051961080696,2.1746398101812296,3.934169591362261,2.7938882021330373,4.290963425494064,1.9563122765141794,4.517347926438616,3.6347331852727107,5.020481042743818,5.017108411643378,4.593274717569714,6.131735534808663,4.728506724420664,7.884307438412526,7.784708352270068,8.546174939021332,7.837739628319396,8.053249574187697,8.191736445478126,7.92691817219899,9.345020870130412,8.403403060849069,9.21995161923208,9.40988205022242,0.5755406806414989,-0.20708913093623085,1.8148294664326432,-0.38254608407603313,-0.0713935939006642,1.9625640335551644,0.18347869047651844,1.7459319184605222,-0.17164179180226563,0.0633176680681409,-0.90319730735761,1.4786806411157003,-0.39836788210941065,-0.11031631533521452,-0.31208247659106686,1.221838293069641,0.6387367054295675,0.27651361713598854,0.8100095396256481,-1.1545303556508932,0.287946575115099,-0.10547702640622873,-0.26984476109831984,0.5505228333143585,-0.39629134909599845,0.9055568131894792,1.2838320696976322,-0.36634602785503906,-0.646223240237976,-0.2693465801659459,-0.8503690122801496,0.9162808248016211,-1.2765311217865678,-0.5725401728204523,-0.5214226394820678,-0.214368051599599,0.9813912996561248,0.8623327081596219,1.0458449667144525,-0.1392035784044493,-0.5255166456305251,-1.0137154602829683,-0.2285225729250458,-0.29667920049176677,-1.254655520593443,1.552082910864358,-0.5099026588695083,0.8814443055822097,-0.7532908942217634,0.3170458833251534,-0.6745310030170435,-0.6382404367562631,0.5733787833668038,1.432239105144187,0.3067515074360799,-0.47261104988614233,-0.11721949031410667,1.6681126740903642,-0.31850502840645034,-0.7013215419143135,-0.4820346729101916,0.8073945783313897,-0.8964007766532402,-0.9703709725870103,0.20855756341203024,0.16800714180029652,-0.48311070684542073,-0.009263929716855546,0.8065519836071279,-1.114082922911939,0.044497343681625404,-0.7471480195853909,-0.426576577595955,0.06537289013911142,-0.9194534855526121,0.7161337789090316,-0.16286390273245574,0.14078089496794155,0.3266966933899986,0.5716676673132529,-0.1102583622232652,-1.265769397014927,0.4200029903820096,-0.21170981203482414,-0.5530072658231563,0.7017767608054797,0.2814858606587816,-0.34887950242845994,0.8444731446806734,0.1295895361922367,1.0692416504531053,0.8082138617461272,-0.5670250260327772,0.9609174906296702,-0.4618341145632237,1.9311280345287485,0.10123929786567806,0.2131929212187288,0.2913300860684766,1.8579207480257334,0.4804545333388772,-0.41891224846977765,0.8285813888030692,0.3855622072824561,0.6512467327267989,0.620020286528623,-0.738956760399044,0.7060092409428487,0.7127905238462549,0.5599533811246312,1.3400052536518052,-0.30922914259291445,0.32658680171740384,-0.8965565482401021,-0.5410681783791759,-1.13578585011929,1.089460684993591,-0.5764082176483578,1.0236346442288242,0.08145347426905604]}},"identity_factors":[[0,0,0],[1,0,0],[2,0,0],[3,0,0],[4,0,0],[5,0,0]],"zne":{"method":"linear","degree":1,"sampling":"default","data_points":[[4,1,0,-7.729381943723769],[12,1,0,-6.754675825402954],[20,1,0,-5.923639659807535],[28,1,0,-5.212501752895313],[36,1,0,-4.601745387372515],[44,1,0,-4.075304929548445]]}},"ZNE_values":{"Degree":1,"Sampling":"default","sampled data":[[4,1,0,-7.729381943723769],[12,1,0,-6.754675825402954],[20,1,0,-5.923639659807535],[28,1,0,-5.212501752895313],[36,1,0,-4.601745387372515],[44,1,0,-4.075304929548445]],"Value":-7.896806617667197},"Run_time_sec":0.0009777545928955078}