{"Config":{"run":"redundant","nqubits":7,"state":"dmatrix","observable":{"def":"ising","coefficients":{"cn":[0.5,0.5,0.5,0.5,0.5,0.5],"bn":[1.0,1.0,1.0,1.0,1.0,1.0,1.0],"r":1}},"output":{"file_name_prefix":"expe2_ideal_unitary_#9","fig_dpi":100},"vqe":{"optimization":{"status":false,"algorithm":"SLSQP","iteration":10,"constraint":false},"ansatz":{"draw":false,"type":"xy","layer":30,"gateset":1,"ugate":{"coefficients":{"cn":[0.5,0.5,0.5,0.5,0.5,0.5],"bn":[0,0,0,0,0,0,0],"r":0},"time":{"min":0.0,"max":10.0}},"noise":{"status":true,"value":[0.001,0.001,0,0]},"init_param":[-0.04885112612330318,1.0585176707364583,-0.31594523464831464,1.5816208238422262,0.3104700844812646,0.5175973355927619,2.455097808631164,1.4258459780709325,3.844540476970072,0.813080688832271,3.916329956646135,5.963130718856071,5.454854393449927,6.562102304407577,5.724096310216177,6.1138528136063215,6.642378099738144,6.798716701177294,6.874252880561812,8.565280336857347,8.244505281559855,9.09987750182144,8.787410754455934,8.477270110551162,8.56763322971841,9.643290898968807,8.64301862253664,9.959039712546407,9.288980409690325,9.222602496794782,0.38624090553302215,1.5737927676663397,0.7180166223868337,-0.5375480389337993,0.4591815024980315,0.7482196092292593,0.4022768532663793,1.4197281369503245,0.44758214928281315,0.7524511559078162,0.4609831896985512,-0.7286578941077202,-1.2311653382149637,2.562831459800399,-0.5899258901593153,0.1267321150321599,-0.49455479252980883,0.12118300807336971,-0.561323136595867,0.5202036333423017,-1.5334306802095692,-0.4425712734798575,1.1984872044626516,0.9056318052513674,-0.5097476114354854,-0.12866920144022126,0.29204566277893573,0.275933496639324,0.4887129763716365,0.7836505295947507,-0.8933886586088108,-1.2429322816215091,1.5436794153647497,0.13130042813301857,0.058657763173301236,-0.008635668202622803,0.23547840397259578,0.9411778950871041,-1.539124455463964,-0.537304611534055,0.5141492777479066,0.2240181037272899,-0.9377591072244886,0.03486069910652562,1.0264415697887248,1.337104926238015,0.08550540883788714,-1.4433709476555776,0.05202482677607604,1.492634473555379,-2.4363428677201786,1.370744417357982,0.6328268012967134,-0.1349349536281552,0.6440715178918874,-0.3278671653565811,0.10367003151670462,0.23361455731745773,-0.826831159793948,0.0795438591091216,0.008557982806815153,0.23705964046682948,0.03672854907928374,0.40792970123183026,0.8885569617283348,0.49975540801646334,1.1182086928913337,0.08119528718298037,-0.20788737194603496,0.5096955286525598,-0.9325382835659489,-0.7384245370032618,0.22038633676922914,0.5414607872676395,0.3929480195000213,0.3883778019003455,-0.8561804494899042,1.1182893724033232,1.4832034941287258,-1.1045002538794622,1.0119283647427861,0.8509153489147471,0.7038819052637055,1.1066521741541266,-0.2384754063090486,0.46454674082475284,1.1231500315851692,-1.5320092088926343,-0.48022315908136687,-0.18835689978026593,-0.22510711765880734,2.319488769719158,-0.04457580013913124,-0.8109974399254811,-0.08411343456987352,-0.49860900164614325,-1.644643217650013,-0.6587395248271968,0.8445580317983853,-0.3494421682994124,0.6896174258921722,0.036532972985512724,-0.36431496817733106,1.705170428733877,-0.7136786915692213,-2.096334385084903,1.1913288732625715,-0.4075212421512075,-0.4236840647213756,-1.2442085584210107,-0.07169745501280896,1.375982584141495,0.6652527965594612,-0.4423187238447095,0.12828638784369825,0.5670441099400968,0.3353809809104172,0.088440939998011,-2.5752206940075104,-0.300565730948109]}},"identity_factors":[[0,0,0],[1,0,0],[2,0,0],[3,0,0],[4,0,0],[5,0,0]],"zne":{"method":"linear","degree":1,"sampling":"default","data_points":null}},"Symbol_count":25,"Data_points":[[4,1,0,-7.6510043995858386],[12,1,0,-6.670337725683174],[20,1,0,-5.835700166167856],[28,1,0,-5.122800260651214],[36,1,0,-4.511692967513389],[44,1,0,-3.985961407189224]],"Run_time_sec":3.271221876144409}