{"config":{"run":"zne","nqubits":7,"state":"dmatrix","output":{"file_name_prefix":"AUTOMATE_ising_noisefree_time_evo_ric3_sample#5","draw":{"status":false,"fig_dpi":100,"type":"png"}},"observable":{"def":"ising","coefficients":{"cn":[0.5,0.5,0.5,0.5,0.5,0.5],"bn":[1.0,1.0,1.0,1.0,1.0,1.0,1.0],"r":1}},"ansatz":{"layer":30,"gateset":1,"ugate":{"type":"ising","coefficients":{"cn":[0.5,0.5,0.5,0.5,0.5,0.5],"bn":[0,0,0,0,0,0,0],"r":0},"time":{"min":0.0,"max":10.0}}},"vqe":{"iteration":1,"optimization":{"status":false,"algorithm":"SLSQP","constraint":false}},"init_param":{"value":[0.32980400918867037,0.7818596814437996,0.9680306497310072,1.0586432954274991,1.7663116348413028,1.8956491295658664,2.0436116769319477,2.0436116769319477,2.0436116769319477,2.1846619555479685,2.1846619555479685,4.516997836642403,4.516997836642403,5.3166564351730035,5.320130741320412,5.399447086770547,5.400046100307029,5.400046100307029,5.400046100307029,5.400046100307029,7.097750404951498,7.618222769006738,7.956666567531361,7.956666567531361,8.961109688308255,8.961109688308255,11.028500695271937,11.5809418583784,11.5809418583784,11.5809418583784,0.24114173221382337,1.3754512844042854,0.9720111739434927,-0.29877116871955545,-0.029737313498699618,0.3185153459444675,-0.31840745367437817,0.6801602139502809,-0.015407845998522466,-1.114484654283524,0.22997676136047449,1.5201821520192487,0.3217486942799661,0.43678760134757944,0.17618749246228715,0.7010359103792874,0.3446701255696699,1.4700166379981474,0.3471333265905846,-0.968444017764766,-1.1485269521507444,0.3282504398407059,-0.7898554413193151,-0.22157985789400653,0.4570931682042821,-0.22158635023930806,-0.36549836384277606,-0.2366283880333898,0.4114765778384287,-0.7694643480660831,-0.40507000819737765,-0.6576468499882752,0.2023600853039859,-1.2917280200640486,0.32702771491506877,-0.07546137553843744,-0.7713328193108817,-0.8163562225239717,-0.07772489804090182,-0.32841576637855896,-0.05728139293162625,0.8564947637293437,0.15384434981345546,0.41944080031994563,0.16884394015055976,-0.010490661309829376,-1.3198249528292274,0.07128101806419536,0.03515395872296211,-0.09826644736389979,-0.06882299183557238,-0.7062443088386591,-0.5280915567870916,0.14860690208212682,0.338235073517239,0.012130023587481156,-0.037483081002571056,0.8881056862099682,0.06312673968269537,-0.44738898868242327,-0.2463284936792685,1.1708672891281489,0.5297819270424092,-0.5463182826640249,-1.667403353493104,1.3713545814180228,0.9413366263710182,-0.021951472934173096,1.0345046397029698,-0.8002739446090432,1.076242700462428,0.04994674089563993,-1.446235170371471,-0.3268246709561185,0.6264234635598642,-1.2465048991503196,0.1169092097763034,1.2453937722962254,0.7220287063888942,0.8114212311039525,0.18333674920471413,0.7345776889004225,0.9807678368065545,0.8703572591074042,0.28720991162605214,-0.9085817320602367,1.1216621938695932,1.1327477502874412,-1.8285395156530388,1.4231155243966302,0.08156271721069372,0.18027327076782884,-0.10302960773112253,-0.5560482514096969,-0.09484541903718098,0.5886430341587933,-1.1674014904638685,-0.03940950630369794,0.2792515765657198,0.08214125135098017,0.04344924016389119,-0.7787970529711157,0.07887586110139429,0.7532574519080738,0.17107625040009872,-0.4128415687827808,1.3723943620028143,1.4278581324344195,0.5879977529754344,0.28910810409117477,-1.4412046993697643,1.624844367134446,0.19366683662945536,0.3179841250458877,0.5357240606734743,1.5680682524509713,0.04418323830986127,0.2311137213204739,2.8741283660232546,0.9612408402592636]},"noise_profile":{"status":true,"type":"dephasing","noise_prob":[0.001,0.001,0,0],"noise_on_init_param":{"status":false,"value":0}},"redundant":{"identity_factors":[[0,0,0,0],[1,1,0,0],[2,1,0,0]]},"zne":{"method":"richardson","degree":2,"sampling":"default","data_points":[[4,2,0,0,-6.834153885451197],[12,6,0,0,-5.866077956562575],[20,6,0,0,-5.296782645980427]]}},"output":{"exact_sol":-8.566772233505624,"zne_values":{"degree":2,"sampling":"default","sampled data":[[4,2,0,0,-6.834153885451197],[12,6,0,0,-5.866077956562575],[20,6,0,0,-5.296782645980427]],"extrapolated_value":-7.369551683252439,"others":{"sorted_noise":[6,18,26],"sorted_expectation_vals":[-6.834153885451197,-5.866077956562575,-5.296782645980427],"beta_coeffiecients":[1.9500000000000002,-1.625,0.6749999999999999],"cost_richardson_zne":6.89875}},"run_time_sec":4.458427429199219e-05}}