{"config":{"run":"zne","nqubits":7,"state":"dmatrix","output":{"file_name_prefix":"AUTOMATE_ising_noisefree_time_evo_ric3_sample#2","draw":{"status":false,"fig_dpi":100,"type":"png"}},"observable":{"def":"ising","coefficients":{"cn":[0.5,0.5,0.5,0.5,0.5,0.5],"bn":[1.0,1.0,1.0,1.0,1.0,1.0,1.0],"r":1}},"ansatz":{"layer":30,"gateset":1,"ugate":{"type":"ising","coefficients":{"cn":[0.5,0.5,0.5,0.5,0.5,0.5],"bn":[0,0,0,0,0,0,0],"r":0},"time":{"min":0.0,"max":10.0}}},"vqe":{"iteration":1,"optimization":{"status":false,"algorithm":"SLSQP","constraint":false}},"init_param":{"value":[0.27654223573266234,0.27654223573266246,0.27654223573266246,0.4643738922966213,0.6582164862517121,0.6582164862517121,0.6582164862517121,1.3424523496852623,1.47635793598756,1.47635793598756,3.385550316280557,3.385550316280557,3.385550316280557,4.494062371253785,4.494062371253785,5.0204758683966135,5.023404188660082,7.05704094573064,7.087391629397132,7.533802135057517,8.245970909352765,8.390887842007308,8.390887842007308,8.703391612007538,8.703391612007538,9.485545381639698,9.485545381639698,9.849437794456351,9.849437794456351,10.799155842585746,-0.12708089143278917,1.4168148977025445,-0.13519536748631492,-0.32308714516775877,0.06981336221044306,-0.034321895006426455,-0.18209443759399158,-0.024858958594746107,0.664488174834645,0.6897317665852637,-0.008774731192519907,0.625642551337688,0.6862410821653743,-0.7670419540542446,-0.48055390132433673,1.573964677292243,-1.0555745677813198,1.3159721165631335,-0.9138502497993347,-0.4641566084568084,-0.06966564000847691,0.039012746519005555,1.0827641697579717,1.2190093772283843,1.5391150382377632,-0.6675581491933664,0.09104662559232415,0.5283818781579022,0.04478118244404365,1.5836075485651113,0.251932560991488,-0.3949560381811925,0.8854639388207172,-0.8611267164776638,1.566928747241295,-0.15445151319573347,-0.01396050433941564,0.8172620115356718,-0.014658132241289147,-0.6623010385304499,0.6299284572753584,-0.15026947869759505,-1.2293112897827836,-0.5768656731979434,1.231557922062332,-1.447872926116422,1.4918722706131171,0.31945486783385635,0.43870804207253483,1.3582636256308331,-0.8478398442626237,0.799518029891469,0.5539369896048497,0.13453197415145846,0.7167498104862234,-0.06589109804263343,0.041038724923082276,1.151975756926885,-0.052026838729968425,0.3952978000808587,-1.1754748970457833,-0.01965607042871015,-0.2456324144680547,-0.01136184217607491,0.022503168314325715,1.1777923723104653,0.14554117253938412,-1.2287946167385297,-0.9683737383161766,1.073329622962756,-0.7143583802799215,-0.3545002682598469,-0.31906110571926777,-0.9597094503848127,0.8825903987559673,-0.08273415521500459,0.2895039435279609,-0.3388594197258312,0.2406459434933063,0.3824128671502841,-0.5390555829405563,0.3757684495816124,-0.5015719636333678,0.3958257688275076,-0.6428354095046468,-0.9178624992467067,0.29327306512581747,-0.09193285724698198,0.1770091195095364,0.6803523512851801,1.05525770275555,-0.4646437845139076,2.2560908642344026,-0.7500939262299234,1.92959092052175,-0.36895777993274226,-0.04538283416771957,1.2529586558275392,-0.57805717638909,0.3080585810325818,0.031910210614104206,0.18519950010488512,1.3888566879174211,1.087260914864616,0.15259355623633358,-0.08810167996863522,0.07467874103808375,1.4444893382870363,-1.446220680213735,0.8215180856176293,2.0151723649306295,0.13454991965456886,0.21923381008732426,0.31112145477192793,-0.8977876743954992,0.10239876571985529,-1.0132922278363503,-0.3794863035801566,0.8437803973608401,1.111671691788496]},"noise_profile":{"status":true,"type":"dephasing","noise_prob":[0.001,0.001,0,0],"noise_on_init_param":{"status":false,"value":0}},"redundant":{"identity_factors":[[0,0,0,0],[1,1,0,0],[2,1,0,0]]},"zne":{"method":"richardson","degree":2,"sampling":"default","data_points":[[4,2,0,0,-6.568059934691211],[12,6,0,0,-5.438514452509957],[20,6,0,0,-4.792328826341681]]}},"output":{"exact_sol":-8.566772233505624,"zne_values":{"degree":2,"sampling":"default","sampled data":[[4,2,0,0,-6.568059934691211],[12,6,0,0,-5.438514452509957],[20,6,0,0,-4.792328826341681]],"extrapolated_value":-7.204952845099818,"others":{"sorted_noise":[6,18,26],"sorted_expectation_vals":[-6.568059934691211,-5.438514452509957,-4.792328826341681],"beta_coeffiecients":[1.9500000000000002,-1.625,0.6749999999999999],"cost_richardson_zne":6.89875}},"run_time_sec":3.743171691894531e-05}}