{"config":{"run":"zne","nqubits":7,"state":"dmatrix","output":{"file_name_prefix":"AUTOMATE_ising_noisefree_time_evo_ric3_sample#9","draw":{"status":false,"fig_dpi":100,"type":"png"}},"observable":{"def":"ising","coefficients":{"cn":[0.5,0.5,0.5,0.5,0.5,0.5],"bn":[1.0,1.0,1.0,1.0,1.0,1.0,1.0],"r":1}},"ansatz":{"layer":30,"gateset":1,"ugate":{"type":"ising","coefficients":{"cn":[0.5,0.5,0.5,0.5,0.5,0.5],"bn":[0,0,0,0,0,0,0],"r":0},"time":{"min":0.0,"max":10.0}}},"vqe":{"iteration":1,"optimization":{"status":false,"algorithm":"SLSQP","constraint":false}},"init_param":{"value":[0.48023040681030116,0.7029544315470944,0.722671987246733,0.9307929858945541,0.9307929858945543,2.546598088688794,2.546598088688794,2.546598088688794,2.546598088688794,5.184334435330857,5.195111458618343,5.47436411399969,5.47436411399969,5.47436411399969,5.47436411399969,5.47436411399969,6.068336244524409,6.068336244524409,7.838605251840715,7.912250316107233,7.912250316107233,8.562517202814183,9.063385768597811,9.216218862905647,9.216218862905647,10.84047371877396,10.84047371877396,11.044358714867027,11.375406566932424,11.375406566932424,0.18886549713610382,0.6040291443391601,-0.9727809979878402,3.008209947509642,0.3239743149147096,-0.643987619924633,1.0739882269552894,0.4935103262912805,-1.1713673989643745,0.32339055167680386,-0.8254170399860232,3.387204293956005,0.5437302598099015,-0.6585961721148387,1.0903163929414719,-1.5261906384818182,1.102349928722959,-0.7373436929054379,0.1712635196093208,1.2086697581514199,-0.4977298668106944,-0.8828019932256734,-0.13051782426094366,0.048744185631251574,-1.0535030780910155,0.5224555306604155,-0.9502111367985572,-0.2573420205933925,1.5833039752620888,1.3806480812363842,0.3864833677006273,-0.0006284730712113316,0.6487740408134013,1.697829570896293,-0.20023867528920775,-0.32438662287273723,1.3674639807988553,-1.5592347723565667,-0.6294582959326964,1.111157394071659,1.4895912958038178,-0.7203901402661329,-0.027076706863032294,0.009574786781832467,1.1437695218822916,0.11720143179507149,1.0973549625545624,-1.0756168303605034,-1.5785125289756954,-0.42999007233668873,0.7592603373612552,0.7357293999316703,0.03766014972468404,1.450035910180884,-0.08978031589044846,0.7176267391661779,-2.3377280976646966,0.3878354316208249,-0.8070070584177742,0.07084117333557359,-0.008998168433091903,0.6612796195456235,0.6287929626789847,0.8601333603228948,-0.7786354708155643,-0.144476679155352,0.39492950957300044,-0.20012968159779548,0.01326107241550192,-0.5649340596325207,-0.020398755490040426,0.6333499066300691,0.400844220606507,0.5954749034740784,0.8700413681534388,1.315868035063538,0.9914334712755634,0.10418309057983809,1.1095991500751576,-0.1712743534684691,-0.2730581386141925,0.1453142903679217,-0.3813955795194703,0.1280814941289577,-0.5627986213807415,-1.0576722394029623,-1.98721560251358,0.519862592148374,1.03695228961559,0.21101375663462807,-1.750252459751414,-1.1450993785481438,-2.2517541986316916,-1.5456964825715331,0.6026638989139771,0.47561448130168205,0.08201672609434518,0.47464262797792917,-0.14585857152212733,0.08636040211648545,0.7388192170680543,1.071366965639021,2.5115163876343742,-0.4286872636197954,-0.2977998181526895,0.46569070003689333,0.2115019986130443,-0.5123638542481742,0.09024611293676764,-0.3380729423866059,1.6314769884628497,1.3338027138849353,-0.7442166070564612,1.2186722356710948,1.584709484399307,-0.6554175978902271,0.36887213174672207,-1.365021965092438,-0.4623126041921459,0.4869420326570461]},"noise_profile":{"status":true,"type":"dephasing","noise_prob":[0.001,0.001,0,0],"noise_on_init_param":{"status":false,"value":0}},"redundant":{"identity_factors":[[0,0,0,0],[1,1,0,0],[2,1,0,0]]},"zne":{"method":"richardson","degree":2,"sampling":"default","data_points":[[4,2,0,0,-6.7929163585848515],[12,6,0,0,-5.68146437750925],[20,6,0,0,-5.047730294472629]]}},"output":{"exact_sol":-8.566772233505624,"zne_values":{"degree":2,"sampling":"default","sampled data":[[4,2,0,0,-6.7929163585848515],[12,6,0,0,-5.68146437750925],[20,6,0,0,-5.047730294472629]],"extrapolated_value":-7.4210252345569545,"others":{"sorted_noise":[6,18,26],"sorted_expectation_vals":[-6.7929163585848515,-5.68146437750925,-5.047730294472629],"beta_coeffiecients":[1.9500000000000002,-1.625,0.6749999999999999],"cost_richardson_zne":6.89875}},"run_time_sec":3.9577484130859375e-05}}