{"config":{"run":"redundant","nqubits":7,"state":"dmatrix","observable":{"def":"ising","coefficients":{"cn":[0.5,0.5,0.5,0.5,0.5,0.5],"bn":[1.0,1.0,1.0,1.0,1.0,1.0,1.0],"r":1}},"output":{"file_name_prefix":"noisefree_time_evo_heisenberg_sample#1","draw":{"status":false,"fig_dpi":100,"type":"png"}},"vqe":{"iteration":30,"optimization":{"status":false,"algorithm":"SLSQP","constraint":false},"ansatz":{"type":"heisenberg","layer":30,"gateset":1,"ugate":{"coefficients":{"cn":[0.5,0.5,0.5,0.5,0.5,0.5],"bn":[0,0,0,0,0,0,0],"r":0},"time":{"min":0.0,"max":10.0}},"noise":{"status":true,"value":[0.001,0.001,0,0]},"init_param":[0.40827099214576723,-1.211775855614867,0.489361504527082,0.42996689073791844,0.2311911170133858,0.5182894083330425,0.7389575166930629,1.7936512828356257,1.7758142928878806,2.3715089810697267,2.1422539639061773,3.455340853487598,4.136496908124179,5.366667351263169,3.3773209600787264,6.063072668948479,4.463875282777695,5.656192992790676,5.359024587071036,7.316838547185603,7.368900578817647,6.87926420409896,8.800774481831237,7.326334683612407,9.54002392154226,7.499866873197336,9.922389886870553,10.015279696590186,7.716408327862617,11.064480912950563,2.1188732705371245,-0.7888740954635072,-2.9448348676149063,-0.39048893315142996,2.7246986174845413,1.3732520509478623,0.5279764458545719,-0.15358638765825522,3.4253739318210283,1.6957732754188042,-0.6838706953217514,-0.4757668586621829,3.1344431493314815,0.29847013024344643,-0.24544496694453855,0.5249665037892609,3.456906894519301,0.7299107079659223,0.09321763475699113,0.1530474203875802,3.0343984883165698,-0.2259824109044304,0.3222042347365478,-0.9716631393714754,2.61728999750151,0.8198454964491035,1.0572809481889587,-1.1083245022919486,1.6293992408840972,0.8691511295614736,-0.2684236168158459,-0.7472227651496218,0.07016542601412283,1.1294550583622867,0.7556589880134424,0.7828648185537735,1.921064594220539,2.8448520293665824,0.3721898875899391,-2.275400685434277,0.7293138826888013,0.9890474424100403,1.0194628764819362,-0.06274800820817417,0.0750658949080998,1.80266752549911,-0.37242504318319836,-0.4716228226846479,-0.21807915359624866,-1.16681591556777,-1.7180176547051678,-0.8680519092755503,2.2773432508698663,0.3816742978542293,0.004222712892051331,0.27825164756722276,0.4140378699092011,-0.668814272372045,0.4760356153847605,0.7646556693337273,2.1181435370173767,2.133793886440292,1.300799729133483,0.6170806979576833,0.5442872664364623,-0.009749630785618872,0.6477518838910878,-0.08027980353383887,1.3556306401936469,1.9798838507881582,-1.1620384470001617,0.7312660100387385,1.4613092358118525,0.4052883079082199,1.7512012951275668,-0.6114124972060738,0.9564412766880287,0.8076838659622345,-0.026578863458017195,0.7075116136767192,2.04934061799684,2.210037484904126,-0.36183786199661755,1.6678354913035018,-0.7893734801956311,0.6392185168016671,0.12096022356106713,1.2360893484545945,2.2328179048440377,0.8529627777467762,-0.5473527207753337,2.193662300582333,-0.13742012308571278,-0.12752095061716165,-0.20927776857792907,1.6041459192355052,1.8415074872226393,0.4697838717333557,0.6375216370218046,1.4443911228517723,1.2993259841318288,-1.655202538357359,0.8315752847698888,-1.583934382236173,-0.04935146473187925,1.859161847767513,1.3610149788201584,1.159658011788299,-0.4433194025767736,-0.33133512077835536,0.5558618672236001,0.893782394367481,-0.5739707860230255,-0.005037668425318233,1.9178361302992315,1.706514544958104,-1.0729104975633343,0.31390547167535293,0.25473253214262853,0.8518745512256756]}},"identity_factors":[[0,0,0,0],[1,0,0,1],[2,0,0,1]],"zne":{"method":"richardson","degree":1,"sampling":"default-3","data_points":null}},"output":{"data_points":[[4,1,0,1,-6.450359499037641],[12,1,0,3,-4.946039797213571],[20,1,0,3,-3.9943455679760165]],"run_time_sec":5.223411798477173},"others":{"observable_string":"1 X 0 X 1 + 1 Z 0 + 1 X 1 X 2 + 1 Z 1 + 1 X 2 X 3 + 1 Z 2 + 1 X 3 X 4 + 1 Z 3 + 1 X 4 X 5 + 1 Z 4 + 1 X 5 X 6 + 1 Z 5 + 1 Z 6","time_evolution_gate_hamiltonian_string":["0.5 X 0 X 1 + 0.5 Y 0 Y 1 + 0.5 Z 0 Z 1 + 0.5 X 1 X 2 + 0.5 Y 1 Y 2 + 0.5 Z 1 Z 2 + 0.5 X 2 X 3 + 0.5 Y 2 Y 3 + 0.5 Z 2 Z 3 + 0.5 X 3 X 4 + 0.5 Y 3 Y 4 + 0.5 Z 3 Z 4 + 0.5 X 4 X 5 + 0.5 Y 4 Y 5 + 0.5 Z 4 Z 5 + 0.5 X 5 X 6 + 0.5 Y 5 Y 6 + 0.5 Z 5 Z 6"]}}