{"config":{"run":"zne","nqubits":7,"state":"dmatrix","observable":{"def":"ising","coefficients":{"cn":[0.5,0.5,0.5,0.5,0.5,0.5],"bn":[1.0,1.0,1.0,1.0,1.0,1.0,1.0],"r":1}},"output":{"file_name_prefix":"noisefree_time_evo_heisenberg_sample#2_ricmuld1v2","draw":{"status":false,"fig_dpi":100,"type":"png"}},"vqe":{"iteration":30,"optimization":{"status":true,"algorithm":"SLSQP","constraint":false},"ansatz":{"type":"heisenberg","layer":30,"gateset":1,"ugate":{"coefficients":{"cn":[0.5,0.5,0.5,0.5,0.5,0.5],"bn":[0,0,0,0,0,0,0],"r":0},"time":{"min":0.0,"max":10.0}},"noise":{"status":true,"value":[0.001,0.001,0,0]},"init_param":[-0.422265299592361,0.07498137944415717,0.9730395476783484,2.3400639973626696,2.3943625262385906,3.0465445840153818,1.9951711672866566,3.041064593632903,3.2447332775385496,3.2179824657543508,3.011798382325752,2.8827922872149236,4.410273689648461,4.703505170769438,4.432058084868735,5.5776497206865905,6.273469861805781,5.729874419511279,7.10992936351141,7.971930100147621,7.088330025393794,7.832582959360458,8.249009879842028,7.125040540100066,8.754266323795449,10.017381603174112,8.599498914859735,9.520715376507962,8.582561892582069,9.71260059180065,3.4063647736520553,2.328323632649605,-2.293177873410965,-2.3238453282150364,2.8045143788635873,3.2048487977762687,-0.6570584140121164,-0.311400836474854,1.0474324908228334,0.45996636692160675,-1.0914565875260902,-0.19709794053633498,2.874229765967481,2.5778732816455707,-0.1137454592823984,-1.4346914046093824,2.523715972552883,0.4478334589646223,0.972949432958627,-1.1216490901367588,3.356705510467685,2.097349164061552,1.7177971245979822,-0.5605187847551285,1.5918819661290178,0.6560557439010636,1.6279861102284032,-1.5809928074455752,2.3077222535994975,1.9846240154311077,1.1643800289979807,-1.411333449984393,2.5641413732198366,1.2961971935471444,0.3324888034906306,-1.4181272134330365,0.5727590880732113,2.0255526339860594,0.7954998189025272,-0.8023977098530033,-0.2893205695500488,2.0286557013153077,0.3114984418740156,-1.3739534011723051,1.0768422790533811,1.4691229649823732,0.09286453415567321,0.7658352973525274,0.2828568274964732,0.660862668819956,0.260341820677077,0.3380351947390769,0.6281236414459233,-0.14850618593513043,-0.06311097618468932,0.8721777965419374,1.2775480123227194,0.43474259170449947,0.03597762687701267,-0.9311215387878169,0.1359048537913877,1.450388844725051,0.9111145064973241,0.9817545528005758,0.18334915000956883,1.3852933842715467,-0.2847450843013553,-0.512899882003946,0.008096073507239503,1.0782133749596443,0.5861529750671404,1.744123188797492,2.3719100443967753,0.4946450409655335,-1.0325132777301231,-0.7476146753682903,-0.11621363537491489,2.2466307083820456,1.5425054182723483,-0.9492032016068385,-0.04556337933266037,2.4241656369329116,0.14230146055823092,-0.07266156830201367,0.2975777191228808,0.8315152223431374,-1.4233916947164433,-0.08208712682574314,-0.06111757091319026,1.7889569095477416,0.5692189537670678,2.2326690145387866,1.5894178900996847,2.1827793493192313,-0.8090399000377266,-0.28690020878330513,1.9548083187088203,0.2078977065138071,1.6616024644180056,1.8994910190459493,1.4566663755735478,0.09131167929597969,0.06480688203848589,0.9950096899744063,0.08721379852746151,0.33153410679944073,2.757313657350219,1.4100310552675899,0.43134934352248255,-0.9616576055164351,1.21959178189749,2.5076414595961007,-0.4706136674738182,-1.0561043684035705,-0.22075692344436812,1.3857868448211101,-0.2413824702717785,0.44679339784670125,2.444473214562229,2.2353082522646943]}},"identity_factors":[[0,0,0,0],[1,0,0,1],[2,0,0,1]],"zne":{"method":"richardson-mul","degree":1,"sampling":"default-3","data_points":[[4,1,-6.434277659262642],[12,3,-4.95839787663298],[20,3,-4.01714503257071]]}},"output":{"exact_sol":-8.566772233505624,"zne_values":{"degree":1,"sampling":"default-3","sampled data":[[4,1,-6.434277659262642],[12,3,-4.95839787663298],[20,3,-4.01714503257071]],"extrapolated_value":-7.1722175505774715},"run_time_sec":0.00031828880310058594}}