{"config":{"run":"zne","nqubits":7,"state":"dmatrix","observable":{"def":"ising","coefficients":{"cn":[0.5,0.5,0.5,0.5,0.5,0.5],"bn":[1.0,1.0,1.0,1.0,1.0,1.0,1.0],"r":1}},"output":{"file_name_prefix":"noisefree_time_evo_heisenberg_sample#7_ricmuld1v2","draw":{"status":false,"fig_dpi":100,"type":"png"}},"vqe":{"iteration":30,"optimization":{"status":true,"algorithm":"SLSQP","constraint":false},"ansatz":{"type":"heisenberg","layer":30,"gateset":1,"ugate":{"coefficients":{"cn":[0.5,0.5,0.5,0.5,0.5,0.5],"bn":[0,0,0,0,0,0,0],"r":0},"time":{"min":0.0,"max":10.0}},"noise":{"status":true,"value":[0.001,0.001,0,0]},"init_param":[0.4755472376956285,-0.2012337386389878,-0.4025448458119116,0.5209377023743793,0.5720609970791293,0.3020222043766402,0.8413886479677871,0.5939687672461292,2.900569980791529,3.368665029352455,4.473994786175032,5.285661039869542,5.043896864586094,5.7031104654296225,4.811725625750271,6.052002331677882,4.319216075560242,6.269137348610657,5.3693010037222075,6.410753564818039,6.313323592676017,8.522576565198293,8.198094385815416,8.573509617812741,8.84349798141438,8.61791814669175,9.34325000544005,9.3512210878935,9.3405666386365,9.628860589277297,1.1647058255023928,0.2569490386561939,0.7382635631710406,-1.5693416826440212,2.958746503731334,0.8812744549936227,-0.008901788401154714,-0.08123136174169596,2.1582189150019166,1.8383917515940182,1.1576256404320273,-1.5379975929035337,2.269579252426975,0.9907724297721549,-1.633905759062477,-0.28087321866463305,1.6791715924256703,1.2822090070713557,-0.18577347086332344,-2.1263719380896364,1.1524594713851033,-0.5261723337409999,-0.12900816765641268,0.5298850901200477,1.2367127256109085,0.2350069902538277,0.88306621044605,0.30751910618022243,-0.1636857769494215,1.032468597630665,1.2678075245227367,0.287216466859065,0.27177623657655664,-0.1768047364040119,1.0873839592250854,-0.7980309106696728,0.3507853372171074,0.6816772664760165,-0.20520556468120507,0.10450686986074884,2.611092843953018,0.8088935227334068,1.7197196572283968,0.7466205151605847,-0.18452335224052135,0.9351939258959059,1.4871006357027792,-2.8451188669500036,-1.2463499212337732,1.2726632517236713,0.0915373570385771,0.24671881437327026,-0.15664588873578988,1.7273377262234082,0.021120412684454977,0.7063939516977603,-0.2901609636217694,-0.5476288720812635,0.5405265675592624,-0.975219068501877,2.100435313217902,2.143585220108822,-1.1068869241034254,-0.2958951618649074,-0.33085784365130333,-1.155450130380917,0.2826909646497078,0.8304202374828775,1.2452263670505503,0.43721345122002486,-0.11889456932835363,-1.2703084520595855,-0.9015551886092158,0.37088206495013737,-0.39923288306380483,0.42741872760635014,1.6541745039188616,1.0872206013943997,0.1183074272930309,0.5423061877447418,-0.09169328450904046,-0.5293471515086619,-0.8861626298849263,0.8048143555187247,1.6800759355310713,0.27307563688967423,0.5415300284496103,-1.8579904161720637,0.3276148208430304,0.7248391216097874,0.6232009619379596,-0.3076996053291311,2.8922047327079223,1.1301145431725161,1.377165588825753,1.3680074288795905,0.11359762493800941,-0.24321937036287636,1.3515184601009755,0.3722735725735999,0.43973837805969906,-0.25274541610203227,1.359861407416544,0.3656204709860305,-1.864144320067798,-0.11268258422577167,1.6385109645284803,0.7074786042969179,-0.3671969429160836,-1.1099171769777743,-0.32359235380220835,1.4776370710124667,-0.985531563506732,-0.5705859653665115,-0.7430191062453867,1.138936632935393,-0.6287715275883027,1.4727997676617746,1.6217504163267802,1.4365097983945825]}},"identity_factors":[[0,0,0,0],[1,0,0,1],[2,0,0,1]],"zne":{"method":"richardson-mul","degree":1,"sampling":"default-3","data_points":[[4,1,-6.631727117967938],[12,3,-5.297012982968304],[20,3,-4.425103424374365]]}},"output":{"exact_sol":-8.566772233505624,"zne_values":{"degree":1,"sampling":"default-3","sampled data":[[4,1,-6.631727117967938],[12,3,-5.297012982968304],[20,3,-4.425103424374365]],"extrapolated_value":-7.299084185467755},"run_time_sec":0.00047016143798828125}}