{"config":{"run":"zne","nqubits":7,"state":"dmatrix","observable":{"def":"ising","coefficients":{"cn":[0.5,0.5,0.5,0.5,0.5,0.5],"bn":[1.0,1.0,1.0,1.0,1.0,1.0,1.0],"r":1}},"output":{"file_name_prefix":"noisefree_time_evo_ising_sample#5_default2_richardson","draw":{"status":false,"fig_dpi":100,"type":"png"}},"vqe":{"iteration":30,"optimization":{"status":true,"algorithm":"SLSQP","constraint":false},"ansatz":{"type":"ising","layer":30,"gateset":1,"ugate":{"coefficients":{"cn":[0.5,0.5,0.5,0.5,0.5,0.5],"bn":[0,0,0,0,0,0,0],"r":0},"time":{"min":0.0,"max":10.0}},"noise":{"status":true,"value":[0.001,0.001,0,0]},"init_param":[-0.47539652870898064,0.5400936759988639,0.001504416556437595,1.144326349438129,0.8556842614497129,1.861679921496205,1.57307542930642,2.9573521848685966,2.872873025991816,3.51313263947885,4.223859894742628,4.842819339272385,4.5392933140419345,5.927214481787333,5.74932092052085,6.370947282532663,6.742088153599698,6.607608850708718,7.702753095303386,7.479641059337097,7.851201480537089,7.76313481903105,7.206001414049367,7.695850212932471,9.370334126979653,9.108704836907842,10.048524665326955,9.666577216720313,9.965282437398843,10.512271857885954,-0.012405648445630751,-0.444808147060467,0.2738447755529379,1.3227580708741198,-1.4599357251472471,0.7765652291699202,0.28592762237049507,-0.38128948374037747,-0.2686528756672595,-1.2174689090183637,0.3581733947172044,1.3870611726317759,2.102481296233871,-0.7397129663444533,0.11394118008413759,0.1962436624740079,0.10988078317713891,0.5573274772438132,0.8485263403529422,0.12042925378235743,-0.947286607531418,-2.281907374054981,1.976442631362289,-0.777318316264511,0.25344834524422655,0.19452889551958413,-0.029504006838825838,-0.5227501970034353,-0.7717787551819391,0.9669242530080205,1.0629980974907587,0.31507606125265203,0.18789484137147158,0.8944166302169491,-0.29506408550942215,0.04430669940639895,0.24969396598906105,-0.4758077037579831,2.3221673045559887,-0.7924075445092004,0.30486339538961466,-1.1010805583838812,0.7841994932918942,-0.1355624846578389,1.1451519257404323,-0.5271410236790739,-1.5932227596160937,0.058521601695002104,0.32772250141248377,1.1886109837561123,-0.28796351840399775,0.958867024984848,-0.25039539245921144,-0.8358662817528751,-0.4342635426023177,0.34128085670474567,-0.09096159732024173,0.5431726041677679,-0.3338300648097592,-1.4243086900466988,-1.0822112558079147,-0.2670348293551634,0.7988419145530141,-0.09955592843886635,0.5195847048199055,0.4340170363752947,-0.5505891491199342,-0.18890112151580357,0.48754870535715794,-1.203695753451098,0.15703488145031583,-0.21402499750914636,0.22324998760063605,0.5653502902318883,0.14107350323928397,-0.26721831195152906,-0.7622416553564402,0.328054470870015,-0.32290163059904536,0.6334918686228878,-0.27803264693221796,0.18794713725566833,0.07277259862078421,0.48089527493684625,0.038347394539264196,0.24843561801772246,-0.1312093910345118,0.7499788144251192,-0.34927228865226767,0.06059200718179627,0.04747477110915511,0.49330131774248565,0.3852372481248467,-0.5938555718702588,0.5904346094491837,-0.5281986386808317,0.8796807294076463,-0.11748412079248924,-0.026281869323872255,-0.13760112274218517,-0.04409530481391724,0.013843388469703706,-0.1573880786671142,0.14055071007305417,-0.4635612099346516,-0.050072720120305544,0.6864341855757563,-1.5422648047920735,-0.13661859563456075,-2.3863392717191205,1.0933572973652814,-0.6044335088497917,1.4062956490275331,1.1249850532806216,-0.02961528903760826,-1.9137154911307814,-0.6717934062488234,0.7938718459777321,-0.9462273587336157,-0.377449472034005]}},"identity_factors":[[0,0,0,0],[1,0,0,1]],"zne":{"method":"richardson","degree":1,"sampling":"default-2","data_points":[[4,0,0,1,-7.083783706460445],[12,0,0,3,-5.961108318832843]]}},"output":{"exact_sol":-8.566772233505624,"zne_values":{"degree":1,"sampling":"default-2","sampled data":[[4,0,0,1,-7.083783706460445],[12,0,0,3,-5.961108318832843]],"extrapolated_value":-7.645121400274247,"others":{"sorted_noise":[5,15],"sorted_expectation_vals":[-7.083783706460445,-5.961108318832843],"beta_coeffiecients":[1.5,-0.5],"cost_richardson_zne":2.5}},"run_time_sec":0.0009822845458984375}}