{"config":{"run":"zne","nqubits":7,"state":"dmatrix","observable":{"def":"ising","coefficients":{"cn":[0.5,0.5,0.5,0.5,0.5,0.5],"bn":[1.0,1.0,1.0,1.0,1.0,1.0,1.0],"r":1}},"output":{"file_name_prefix":"noisefree_time_evo_ising_sample#8_default2_richardson","draw":{"status":false,"fig_dpi":100,"type":"png"}},"vqe":{"iteration":30,"optimization":{"status":true,"algorithm":"SLSQP","constraint":false},"ansatz":{"type":"ising","layer":30,"gateset":1,"ugate":{"coefficients":{"cn":[0.5,0.5,0.5,0.5,0.5,0.5],"bn":[0,0,0,0,0,0,0],"r":0},"time":{"min":0.0,"max":10.0}},"noise":{"status":true,"value":[0.001,0.001,0,0]},"init_param":[0.13488218603802454,0.1303086984103512,0.7042386563588315,1.1653948476220466,0.8386941781079039,1.85047192440181,1.5657416992459767,2.6215147715021567,2.387618903359106,2.074434533782609,2.4885821830777743,3.68847282726725,3.452183957455848,3.949656657047061,4.240184398882491,4.239671166225108,4.967304966102644,4.716605680835256,6.162562320390316,6.830616331643699,6.524306079266223,8.008917598696039,8.22092249041189,8.431457901260684,7.616197155552722,8.138300723694085,9.890974922255761,10.466552817138165,10.052961136779974,10.794428508962572,-0.052335362080531966,0.7098472998985872,-0.35326224111197374,-0.04275554516626061,-0.08007393856620412,0.9036306349152299,-0.6186996943501137,1.0343321547625848,0.5738476780140326,0.47686370039432213,-0.46515997208425663,-0.5299203589520289,-0.2825290268907695,0.7979708295754406,0.2636759109726441,0.9253830040152539,0.04251236521605305,-0.39650397030056705,0.3237869548772833,-0.14612693740671825,-0.5270035957628252,0.9436326796197173,0.30333626985363965,0.10841637108682514,-0.2831340178877447,0.9970307039746525,-0.5677494124430973,-0.02637292833907785,-2.6418655101086066,-0.9980037704664678,1.020347327082989,-0.07450691250499472,-0.30781126957225446,1.3244627056924867,0.2735393975703832,-0.6343472167628393,0.2114658781498173,0.1813877930579441,-0.07132889285131479,0.7847478160753137,-1.16854832450226,-0.7400265164808145,-0.6569609900125474,0.12286444891900197,-2.0272311988696377,0.5545562352793639,-0.11648755369460101,-0.12144895896124994,-0.06075289059534708,-0.9411309184379858,0.07737254347762244,0.606792293544974,-0.5274038155236785,0.7409632674396716,-0.48361990753874007,-0.3552796663713262,0.4406649430375844,1.548753594454949,-1.336443966614808,0.05861652818922089,0.17444822929417084,-0.26951531046823496,0.17641321660772416,0.23544739526964784,0.9660812534275145,0.36787368094435624,-0.23258700296722165,-0.4499572648082678,0.030309788640355953,0.14881560709482086,-0.6496935638751355,0.4831352996281774,-0.36346052626266684,0.4369698726886287,0.11838435060750536,0.11593113263695032,-0.13976574077598755,0.5536460968856776,0.1586788817689306,-0.289862650236964,0.16591049576367864,-1.1531802744267485,-0.09155196392887295,-1.4349646418494342,0.5253068828788704,-0.060496446869245386,-0.3216507959626558,1.3758949304287327,0.19878894620078802,-0.5379776705100793,0.6526509589492807,0.8222750263667935,0.7902013230586648,-0.5815940526731493,0.6378435312217524,-1.5613111780664028,1.2097784024908393,-1.569991704326331,0.6986036735194673,-0.8778053018058449,1.2488420457967961,0.2894741849517544,-0.2820185375123981,-0.2199664512562155,1.5108043651925553,-0.22213405628993685,0.4875501500587261,0.9280684785784242,0.3234544837388148,-0.3788847713062205,-0.5702786340331911,-0.9070485067368792,-0.3932961490761826,0.9347731914674389,0.1096209312224884,0.8447173380738667,-0.6220645762697411,-1.151146999120526,-0.29942304115937385,0.16470385979072324]}},"identity_factors":[[0,0,0,0],[1,0,0,1]],"zne":{"method":"richardson","degree":1,"sampling":"default-2","data_points":[[4,0,0,1,-6.941826724189515],[12,0,0,3,-5.713023463225613]]}},"output":{"exact_sol":-8.566772233505624,"zne_values":{"degree":1,"sampling":"default-2","sampled data":[[4,0,0,1,-6.941826724189515],[12,0,0,3,-5.713023463225613]],"extrapolated_value":-7.556228354671466,"others":{"sorted_noise":[5,15],"sorted_expectation_vals":[-6.941826724189515,-5.713023463225613],"beta_coeffiecients":[1.5,-0.5],"cost_richardson_zne":2.5}},"run_time_sec":0.0006792545318603516}}