{"config":{"run":"redundant","nqubits":7,"state":"dmatrix","observable":{"def":"ising","coefficients":{"cn":[0.5,0.5,0.5,0.5,0.5,0.5],"bn":[1.0,1.0,1.0,1.0,1.0,1.0,1.0],"r":1}},"output":{"file_name_prefix":"noisefree_time_evo_ising_sample#9","draw":{"status":false,"fig_dpi":100,"type":"png"}},"vqe":{"iteration":30,"optimization":{"status":false,"algorithm":"SLSQP","constraint":false},"ansatz":{"type":"ising","layer":30,"gateset":1,"ugate":{"coefficients":{"cn":[0.5,0.5,0.5,0.5,0.5,0.5],"bn":[0,0,0,0,0,0,0],"r":0},"time":{"min":0.0,"max":10.0}},"noise":{"status":true,"value":[0.001,0.001,0,0]},"init_param":[-0.9496305864394868,0.04722245091321874,1.1302889970631198,0.7214991196145148,0.07932739676902151,1.4522060060020707,1.7537743592406563,1.5032694807772478,3.0091948093854475,3.5398910320843147,4.109723435393454,4.8266748448368055,4.5677548481597725,5.584551090804701,5.021532783742883,5.287730212897085,5.727073714268631,5.736150603186293,7.580266639072323,7.3853804346307435,7.341217941145392,7.459858302619741,8.001709713417458,7.511728252449177,8.761314017400245,8.477291872082365,9.327053200582876,8.050145022342095,10.275454034921673,10.59488304772728,-0.1583476378787406,-0.6046988320174853,0.3747199907264888,1.104858406733132,-1.694862381236442,1.493546777978239,0.1114521901097192,-0.7329125166081679,0.7525793528059911,1.141554932495812,1.3553429102040262,-0.6833635485260028,-0.12287383362179263,1.5202514087699024,1.2130410770947246,-0.12368232639980774,0.537409657348739,-1.1244042812008113,-1.0159717236328096,1.83051746671284,1.0769415050943174,1.616498558419687,-0.08191638979572599,0.03385883006194318,0.7177747664470315,-0.11548578949138838,-2.0085513973976363,-0.5433792433374346,0.07758345061911671,-0.6083286685225164,-0.4077678804050165,-0.20976011450737786,1.054711417582069,0.1957321516618948,0.3617446318199026,1.139799381025455,0.0647714024103554,1.8859447173985178,-0.3994240894377742,-0.499739951338132,-0.16497600971982945,0.055168838865232994,0.8406643484054888,-0.427325639924457,-0.6506097894256295,-1.2044486121955305,0.08350302149748075,-0.8865713246229721,-0.8229086775035117,0.38245445348585716,0.42985751858588617,-0.0758642834034803,-0.8443824178216495,-0.12324082554849146,0.4909066124652058,1.6270057431797713,-0.7352108114341442,-1.4915498844405215,1.4551640042470533,-0.004502170564037066,-0.160773222445719,-0.2985519642363684,-0.47463893577185373,-0.767098257901137,0.8876844556418637,0.08382067811287218,0.8422020614899118,0.5340381607500067,0.33150401372062827,0.319944693830605,-0.0462841199494283,-0.9045450961781946,-0.22776244304203644,-0.4763647750538377,0.4856518978302361,0.07853052319003978,-1.2155737671031284,0.8206639843693238,-0.5640326015665272,0.27858979984385224,-0.043159475397246426,1.0911314859283932,-0.9029646801880087,0.06583183330500897,-0.243482725065587,-0.4891240978075344,0.056655818411173745,-1.469537554234679,1.3084087531680832,-0.019691182724486687,0.677953403415618,0.4732534726104792,0.11065037573982517,-1.2710883689966523,0.2803048708140638,-1.233623526517195,0.4910867795100792,0.28296407808021645,-0.432372677439459,0.24343065842998357,0.12110876951949959,1.242225003339171,-0.230116456864763,-0.3975318361198748,-0.36406868893102234,0.021557028610989952,0.6830459368454253,1.6694445158701372,-1.9176272589481993,0.9121364260776416,-0.5766824912442892,0.08758538886926054,0.035162859570908006,0.9372029564734066,-0.128845321646043,-0.8158329251673109,-0.8664670948622532,0.02765065905454204,1.1358054393077428,-0.907923690737152]}},"identity_factors":[[0,0,0,0],[1,0,0,1]],"zne":{"method":"richardson","degree":1,"sampling":"default-2","data_points":null}},"output":{"data_points":[[4,1,0,1,-6.860923165819045],[12,1,0,3,-5.69342624497816]],"run_time_sec":5.59160304069519},"others":{"observable_string":"1 X 0 X 1 + 1 Z 0 + 1 X 1 X 2 + 1 Z 1 + 1 X 2 X 3 + 1 Z 2 + 1 X 3 X 4 + 1 Z 3 + 1 X 4 X 5 + 1 Z 4 + 1 X 5 X 6 + 1 Z 5 + 1 Z 6","time_evolution_gate_hamiltonian_string":["1 X 0 X 1 + 1 Z 0 + 1 X 1 X 2 + 1 Z 1 + 1 X 2 X 3 + 1 Z 2 + 1 X 3 X 4 + 1 Z 3 + 1 X 4 X 5 + 1 Z 4 + 1 X 5 X 6 + 1 Z 5 + 1 Z 6"]}}