{"config":{"run":"redundant","nqubits":7,"state":"dmatrix","output":{"file_name_prefix":"AUTOMATE_xy_noisy_time_evo_sample#1","draw":{"status":false,"fig_dpi":100,"type":"png"}},"observable":{"def":"ising","coefficients":{"cn":[0.5,0.5,0.5,0.5,0.5,0.5],"bn":[1.0,1.0,1.0,1.0,1.0,1.0,1.0],"r":1}},"ansatz":{"layer":30,"gateset":1,"ugate":{"type":"xy-iss","coefficients":{"cn":[0.5,0.5,0.5,0.5,0.5,0.5],"bn":[0,0,0,0,0,0,0],"r":0},"time":{"min":0.0,"max":10.0}}},"vqe":{"iteration":1,"optimization":{"status":false,"algorithm":"SLSQP","constraint":false}},"init_param":{"value":[1.5680106786222674e-17,1.0238650999177359,1.0238650999177359,1.0238650999177359,1.7041550191762513,2.070931805530806,2.586234954306046,2.6265616878606783,2.7566136785306155,2.7689271757054255,4.271831894498143,4.271831894498143,4.271831894498143,5.004110362344359,5.004110362344359,5.529689350278954,5.529689350278954,5.529689350278954,5.5493166460873375,7.855838962179162,7.855838962179162,8.508023697610218,8.540796404638465,8.940056981382925,8.940056981382925,8.940056981382925,8.940056981382925,9.524293982069336,9.524293982069336,9.815045396471412,0.717685470636315,0.29125971197830336,0.013619559122678915,-0.46174394022911175,-0.7802589318548062,1.8785332138943256,-0.07718385116900997,-0.4181315830102034,0.3859499067718677,0.7218523694763775,0.16350787496293626,-0.06274337543165032,1.048639096314506,0.9454500907927006,-0.18328208251477485,0.5336296017995852,0.7047960543548563,-0.4717130073686535,-0.14327049451726778,0.5646728024946054,0.1377201649736573,1.0845662084088512,0.7117671017527167,1.8562916393289055,-1.0958742208007046,0.314756410152813,1.0055290931424188,-1.2653176839886926,-0.6435463058390287,-0.13689785210195535,0.5185042269644529,-0.07994120596020922,-1.3394312085309903,-0.01354724643952521,-0.8508707890759795,-0.7258020036409927,-0.1513648764845159,-0.5702686618598916,-0.20804467461705725,-0.059043388294177074,0.9724468840137966,1.6889388278999584,0.19460354666786345,1.52688995899303,0.40690710189505636,0.054839646577847824,-1.9384169999074634,-0.8955556931339368,0.22344394192624842,-2.4039574731682265,-0.22903568222623788,-0.008629533947631484,1.3318794505555018,-0.04476169800775707,-0.5314892190926975,-0.05384939938166128,0.5067524952638964,0.7555528952477042,0.6437292330207226,0.02590432636550948,0.44592066957482307,-0.0809779454755679,-1.1390483539597829,0.4898473400025203,0.11381426982162568,0.6089836387514223,0.17594570893388972,0.012948010393531988,-0.547404644839424,0.028969189369927453,1.1006601522977721,-0.6406183594181203,-0.12562720825840668,2.0392738219317867,0.9906966768182601,0.03179376057566713,1.5460159269414353,-0.01674613470972367,-1.1841027420803907,0.24496917335434354,-0.07332300856328518,0.25897293698241475,0.35918978324443196,-0.007942172382781155,0.4618323110818234,-0.08547471514820712,-0.5115221242285567,0.4563488682048878,-1.2086759202201718,0.14282176979415442,0.48263581465206523,0.09855500655515351,0.5327824526475502,-0.19110982084320108,-0.775795154813047,-0.31907838177549175,0.03477100089693282,0.7436201132387485,-0.022209896476399357,-0.14741027177548285,-0.10110024079398225,0.20359400710495562,-0.15623022021775929,0.1964090589605299,0.18042072654891128,0.8910666012551952,0.03518277211157266,0.11858050209575345,0.6912090997145024,0.05142750966379351,1.2523961498884204,-1.1477698487953947,-0.16063831357643202,-1.0074319345942784,0.29535289246662044,-0.002280412475169233,0.45599081133710123,-1.6715207166067523,0.3320227490012926,1.5421306314740455]},"noise_profile":{"status":true,"type":"depolarizing","noise_prob":[0.001,0.001,0.001,0.001],"noise_on_init_param":{"status":false,"value":0}},"redundant":{"identity_factors":[[0,0,0,0],[1,1,1,0]]},"zne":{"method":"richardson","degree":1,"sampling":"default","data_points":null}},"output":{"data_points":[[4,2,7,0,-6.515742960091851],[12,6,21,8,-3.3649211100370207]],"noise_details":[{"identity_factors":[0,0,0,0],"noise_level":[4,2,7,0],"gates_num":[4,1,1,0],"noise_profile":{"status":true,"type":"depolarizing","noise_prob":[0.001,0.001,0.001,0.001],"noise_on_init_param":{"status":false,"value":0}},"odd_wires":4},{"identity_factors":[1,1,1,0],"noise_level":[12,6,21,8],"gates_num":[12,3,3,8],"noise_profile":{"status":true,"type":"depolarizing","noise_prob":[0.001,0.001,0.001,0.001],"noise_on_init_param":{"status":false,"value":0}},"odd_wires":4}],"run_time_sec":8.629883289337158},"others":{"observable_string":"1 X 0 X 1 + 1 Z 0 + 1 X 1 X 2 + 1 Z 1 + 1 X 2 X 3 + 1 Z 2 + 1 X 3 X 4 + 1 Z 3 + 1 X 4 X 5 + 1 Z 4 + 1 X 5 X 6 + 1 Z 5 + 1 Z 6","time_evolution_gate_hamiltonian_string":["0.5 X 0 X 1 + 0.5 Z 0 Z 1 + 0.5 X 1 X 2 + 0.5 Z 1 Z 2 + 0.5 X 2 X 3 + 0.5 Z 2 Z 3 + 0.5 X 3 X 4 + 0.5 Z 3 Z 4 + 0.5 X 4 X 5 + 0.5 Z 4 Z 5 + 0.5 X 5 X 6 + 0.5 Z 5 Z 6"]}}