{"config":{"run":"redundant","nqubits":7,"state":"dmatrix","output":{"file_name_prefix":"AUTOMATE_xy_noisy_time_evo_sample#4","draw":{"status":false,"fig_dpi":100,"type":"png"}},"observable":{"def":"ising","coefficients":{"cn":[0.5,0.5,0.5,0.5,0.5,0.5],"bn":[1.0,1.0,1.0,1.0,1.0,1.0,1.0],"r":1}},"ansatz":{"layer":30,"gateset":1,"ugate":{"type":"xy-iss","coefficients":{"cn":[0.5,0.5,0.5,0.5,0.5,0.5],"bn":[0,0,0,0,0,0,0],"r":0},"time":{"min":0.0,"max":10.0}}},"vqe":{"iteration":1,"optimization":{"status":false,"algorithm":"SLSQP","constraint":false}},"init_param":{"value":[0.3773346757087749,0.5734233884194113,0.5734233884194113,1.2094818154974225,1.2528672337957094,1.3073966674132076,4.193348178434801,4.228670385547864,4.228670385547864,4.228670385547864,4.228670385547864,4.228670385547864,4.274742575727675,5.343872214974395,5.354523589318104,5.449133113124401,5.449133113124401,5.449133113124401,5.449133113124401,6.208341300319731,6.208341300319731,6.738723848778546,6.7473872692498285,8.515456463543387,8.552181104315652,8.552181104315652,8.552181104315652,9.363042150968939,9.363042150968939,11.478464454984158,-0.2683676450988651,-0.9370321768196137,0.03790413469005285,-0.3520989510779511,0.5131804204688105,0.767748989456867,-1.1529933056041268,1.0195402939041247,-0.5189860890713169,1.700377968800765,0.48912124484584857,1.506730848787325,0.4485612726223177,-1.6248073049289613,0.10079320215400162,1.7454590745233427,1.474284546585253,0.08837986403943651,1.215839965531947,-0.42666568442503866,0.04298065245990749,-1.495484471060033,0.39055472334393304,-0.06187227108331559,1.0010296249342066,-0.33745943355443286,-0.19046242319241546,-0.4884459619425607,0.8930564792122229,0.09947441181287657,-1.4049039336860292,1.0413688199593338,0.027348986225077598,1.5457890290583323,0.8022774572900748,-1.0377116853398,0.5652694406258009,0.9990396087940023,-0.3409174955760714,-0.8590373420111477,0.3662952964918326,0.6492392290096071,-1.0735392409833318,-0.620775369578654,0.5064494688850749,0.6065178361322348,0.31795568319369283,-0.4388081557471054,0.07128954327413695,-0.07460186306053893,-1.5916050363108065,0.40348292639904854,0.7429600006983637,0.13897118193917846,0.13192395570874205,-0.560408177185694,-0.7293430452459922,1.2393938765994381,0.16520016983754293,-0.04218705839108043,1.9844775109402493,-0.40811731341033075,0.40494641878472026,0.44317505546879765,-0.14541224425415586,-1.3628454492957067,0.35572573997739254,-0.17363781014762678,-0.21765464091811726,0.25867396534698067,-0.19299239511743832,0.842583631219517,0.01538577194684443,-1.3780712180305699,0.30168991607554185,0.03816118508668757,-0.6330896266111891,-0.14462412237866193,0.22751230177420415,2.198362599080823,0.5538971259685714,1.6735676153080048,0.01161307703421222,0.15241612900647253,-0.4114895408906573,0.020024246948836234,-0.361021382333633,1.2366726872792735,-0.8652479233612058,-0.38157323774943186,-1.2043495043519374,0.03294448415473864,1.864475600371399,-0.048446953541905424,1.483038428004856,0.02119809714572118,-0.20756566215919184,1.2566509021622863,0.4040298326697209,0.0492062183426151,0.3396501220758691,0.09097515161528406,-0.4545275805495163,1.5327906096069877,-0.47568898039994184,0.7447654713950665,0.7179833985093875,-0.03692927531761856,0.11509825242982577,0.020898935398901888,0.2387893529411216,1.5195379458286031,-0.5337205856413728,-0.5741707032781822,1.298358172715442,-0.010829860462227588,-1.9037204771139875,1.5774751765228583,-0.28550943128124906,1.5531884118568244]},"noise_profile":{"status":true,"type":"depolarizing","noise_prob":[0.001,0.001,0.001,0.001],"noise_on_init_param":{"status":false,"value":0}},"redundant":{"identity_factors":[[0,0,0,0],[1,1,1,0]]},"zne":{"method":"richardson","degree":1,"sampling":"default","data_points":null}},"output":{"data_points":[[4,2,7,0,-6.44845457619454],[12,6,21,8,-3.24468946816992]],"noise_details":[{"identity_factors":[0,0,0,0],"noise_level":[4,2,7,0],"gates_num":[4,1,1,0],"noise_profile":{"status":true,"type":"depolarizing","noise_prob":[0.001,0.001,0.001,0.001],"noise_on_init_param":{"status":false,"value":0}},"odd_wires":4},{"identity_factors":[1,1,1,0],"noise_level":[12,6,21,8],"gates_num":[12,3,3,8],"noise_profile":{"status":true,"type":"depolarizing","noise_prob":[0.001,0.001,0.001,0.001],"noise_on_init_param":{"status":false,"value":0}},"odd_wires":4}],"run_time_sec":7.00197172164917},"others":{"observable_string":"1 X 0 X 1 + 1 Z 0 + 1 X 1 X 2 + 1 Z 1 + 1 X 2 X 3 + 1 Z 2 + 1 X 3 X 4 + 1 Z 3 + 1 X 4 X 5 + 1 Z 4 + 1 X 5 X 6 + 1 Z 5 + 1 Z 6","time_evolution_gate_hamiltonian_string":["0.5 X 0 X 1 + 0.5 Z 0 Z 1 + 0.5 X 1 X 2 + 0.5 Z 1 Z 2 + 0.5 X 2 X 3 + 0.5 Z 2 Z 3 + 0.5 X 3 X 4 + 0.5 Z 3 Z 4 + 0.5 X 4 X 5 + 0.5 Z 4 Z 5 + 0.5 X 5 X 6 + 0.5 Z 5 Z 6"]}}