{"config":{"run":"redundant","nqubits":7,"state":"dmatrix","output":{"file_name_prefix":"AUTOMATE_xy_noisy_time_evo_sample#7","draw":{"status":false,"fig_dpi":100,"type":"png"}},"observable":{"def":"ising","coefficients":{"cn":[0.5,0.5,0.5,0.5,0.5,0.5],"bn":[1.0,1.0,1.0,1.0,1.0,1.0,1.0],"r":1}},"ansatz":{"layer":30,"gateset":1,"ugate":{"type":"xy-iss","coefficients":{"cn":[0.5,0.5,0.5,0.5,0.5,0.5],"bn":[0,0,0,0,0,0,0],"r":0},"time":{"min":0.0,"max":10.0}}},"vqe":{"iteration":1,"optimization":{"status":false,"algorithm":"SLSQP","constraint":false}},"init_param":{"value":[0.003375513600300809,0.4884127443235871,0.6719352108785641,0.9073170135093351,1.4946633690060278,1.5076957064847494,3.872917838142945,3.872917838142945,3.872917838142945,3.872917838142945,5.047622474508209,5.054336886650782,5.067626550795242,5.0733174878702085,5.094629387163461,5.749571576552799,5.7731554023304374,7.144946717661993,7.144946717661993,7.144946717661993,7.144946717661993,7.602314289267704,7.602314289267704,8.018775147517832,8.018775147517832,8.018775147517832,8.018775147517832,8.018775147517832,8.018775147517832,9.661071929582006,0.2735947252101626,2.471262065567802,0.18954222370300397,0.2633058348660961,0.07494334922808346,1.4980157261935538,0.3538857424122425,0.26341770410626436,0.17174804107002956,-0.22912718472194316,0.11060714764109056,-0.30804859927082595,2.8406850614439736,1.0823654569610508,0.9668529413216363,1.8727663516543385,-0.0901659930896485,0.05868560690604535,0.24212775097742179,1.0092515209898247,-0.7556969386491817,0.3279350524218167,1.078117272505244,0.10391815458190773,-0.7434930272741371,-1.6965388530236032,-1.360748554100242,0.34939560927302815,0.03188634842980519,-1.2447472675125983,0.06092342743494014,1.017082923902293,-1.007905562333318,-0.8576057837691866,0.5321038189070756,1.300652060018237,-1.8122591145188616,-1.247002191580596,1.2529274198051785,0.3750417535596218,0.2898066740735119,1.589675559301449,2.3222772390172888,-1.568740409290771,0.5925151941094322,-0.20655148780097043,-0.5059482271844034,-0.9561046882137155,-0.432249774596058,1.8189144734584217,0.6791516075394335,-0.10885247153326365,-2.2650870540994883,0.2658818907332787,-0.9372958671062981,-1.0664167087973948,-0.7139434901419379,1.3816698348804732,2.008892916411081,0.15285666374274742,-1.782425531898792,0.07791440554206944,-1.28397958204954,-0.7247696039786395,0.5612678373457747,-0.004762916486662008,0.4386089298525658,0.010283368626678616,0.8990610129088383,0.03840864905637026,-1.2418081984826976,0.33190310279028407,0.3061008622829172,-0.06950158836023225,0.93859456058615,-0.02489786142317165,0.9927840878492759,-0.0709710381209458,-1.4546153026559692,-0.6707274766895803,1.0492831078613678,1.59883886587945,-0.7948795957139008,0.011914265512354442,0.29611851635537545,-0.026452865362460363,0.17911271593442915,-0.268102313362264,-0.31698956355176716,0.5150163737561883,-0.2617344493849528,-0.08207987775663798,-0.7031192006515304,0.10296103394319861,-1.3322481995457,-0.8096620548125795,0.22894179493051453,-0.6404807766018014,0.5981001234262467,0.6725836248662437,-0.24769451099401643,-1.5367942204876157,0.32496629998060117,0.8231756699235411,0.27229759145944715,-0.4283887626472357,0.6783210911797265,1.178917544999848,-0.48124012627536317,-0.23642700938756703,-0.22983768395119897,0.7841497681166887,0.5963513861028734,-0.8505831212819382,0.6516631671421783,0.6698405071431395,0.7826636181190869,-1.6023915303224998,0.6733061844063541,1.5755992624240989]},"noise_profile":{"status":true,"type":"depolarizing","noise_prob":[0.001,0.001,0.001,0.001],"noise_on_init_param":{"status":false,"value":0}},"redundant":{"identity_factors":[[0,0,0,0],[1,1,1,0]]},"zne":{"method":"richardson","degree":1,"sampling":"default","data_points":null}},"output":{"data_points":[[4,2,7,0,-6.397817460329862],[12,6,21,8,-3.2115716730808748]],"noise_details":[{"identity_factors":[0,0,0,0],"noise_level":[4,2,7,0],"gates_num":[4,1,1,0],"noise_profile":{"status":true,"type":"depolarizing","noise_prob":[0.001,0.001,0.001,0.001],"noise_on_init_param":{"status":false,"value":0}},"odd_wires":4},{"identity_factors":[1,1,1,0],"noise_level":[12,6,21,8],"gates_num":[12,3,3,8],"noise_profile":{"status":true,"type":"depolarizing","noise_prob":[0.001,0.001,0.001,0.001],"noise_on_init_param":{"status":false,"value":0}},"odd_wires":4}],"run_time_sec":7.408834934234619},"others":{"observable_string":"1 X 0 X 1 + 1 Z 0 + 1 X 1 X 2 + 1 Z 1 + 1 X 2 X 3 + 1 Z 2 + 1 X 3 X 4 + 1 Z 3 + 1 X 4 X 5 + 1 Z 4 + 1 X 5 X 6 + 1 Z 5 + 1 Z 6","time_evolution_gate_hamiltonian_string":["0.5 X 0 X 1 + 0.5 Z 0 Z 1 + 0.5 X 1 X 2 + 0.5 Z 1 Z 2 + 0.5 X 2 X 3 + 0.5 Z 2 Z 3 + 0.5 X 3 X 4 + 0.5 Z 3 Z 4 + 0.5 X 4 X 5 + 0.5 Z 4 Z 5 + 0.5 X 5 X 6 + 0.5 Z 5 Z 6"]}}