{"config":{"run":"redundant","nqubits":7,"state":"dmatrix","observable":{"def":"ising","coefficients":{"cn":[0.5,0.5,0.5,0.5,0.5,0.5],"bn":[1.0,1.0,1.0,1.0,1.0,1.0,1.0],"r":1}},"output":{"file_name_prefix":"expe4_ideal_unitary_sample#4","draw":{"status":false,"fig_dpi":100,"type":"png"}},"vqe":{"iteration":10,"optimization":{"status":false,"algorithm":"SLSQP","constraint":false},"ansatz":{"type":"xy-iss","layer":30,"gateset":1,"ugate":{"coefficients":{"cn":[0.5,0.5,0.5,0.5,0.5,0.5],"bn":[0,0,0,0,0,0,0],"r":0},"time":{"min":0.0,"max":10.0}},"noise":{"status":true,"value":[0.001,0.01,0,0]},"init_param":[0.3349888334443897,0.8100446157312686,-0.0663175454788303,0.8446689854523871,-0.09908615184717645,0.9979392865095021,3.1697852038915455,3.064266596435199,4.6502812297904725,4.600419876279424,5.633492530793451,5.5724288829043545,5.91512276939078,7.064640018459024,6.977379214356141,7.721363075604988,7.668356905354976,8.384467984182212,7.63773346612392,8.833524293083462,7.63616387494748,9.071857533141518,7.687066186001526,9.029081421346573,7.384664428500763,9.274358761161315,7.989287392021023,9.303289542001847,8.060535785283902,9.57071247937722,0.015949810347792852,0.45909871442410327,-0.22099465245479172,-0.1563805122078264,0.42007286460955057,1.2142779003346935,-1.0437002067079384,0.5127204538907948,0.1379167476549812,-0.5990512054553254,0.004909106400902209,0.5991162700430415,0.8332829538614713,1.059872526594526,-0.2359170428326938,-0.01787056629621571,0.12519137233143826,-0.5251286850371363,-0.7193755119194908,-0.36663054828736197,1.0342047487225368,0.46964944813109016,-1.3076135979599715,-0.2072400871777928,-1.2787031162438511,-0.06034597328359901,0.20847854997441423,0.28020037644097273,-0.036208551610659674,-1.2294423312115872,-0.6187867132575761,0.017695049773452487,1.8053152054358375,0.015941093063923672,-0.9242365344024761,-0.5248828185144592,1.2911383830823808,0.589791615774362,0.8741061520793141,-0.013518377929878766,1.206615714020055,0.06152089584857405,1.342772366271023,1.296583303163055,0.8546755951411388,0.6283170997557452,0.31272078677150444,-0.10793472213465664,-0.7956075927691499,-1.531413238159255,-0.4722766276703282,-1.4985351254491408,0.8098001557401161,0.22015760521384692,0.3358777216912929,0.41731117545268975,-0.1243920114114004,-0.07161234624152386,-0.4452328219486057,0.037312931477611055,1.5092783251869317,0.6767116504027512,0.0711740792565636,0.8672053638336831,0.7055322012075936,-0.3381574020390635,1.363872108899992,0.1808605321297273,1.0108733935620893,-0.6431660290497822,0.5184550509114729,-1.423085542385232,-0.9437421098354367,0.053389048140279755,0.305995455462656,-0.692375401548459,-1.943385009582394,0.21913460306492924,-0.056116583362333994,-0.7806713172881965,-0.7333712244833424,1.2526350439576417,-1.3093955373920037,1.284776970238181,-0.3897416811982589,0.23579366220519699,0.950331380703205,0.772826699413949,-0.5010671848837646,-0.12687355591543523,1.6661746465815728,-0.4523552308449266,0.4406213794719537,0.6315072314609522,0.5352384851329649,-0.2722858301274846,0.4339082292657723,0.09648242810706294,0.10882612645853842,-0.7542497719045191,0.6755901595078724,0.8876632800209173,-0.6647848071972741,-0.1358442852711502,0.9153462178615442,-1.0400786184378614,0.33068701097129655,-0.4519873074028023,-0.5720272381424046,-0.6473010810311253,0.18584127829926442,-0.3751127857372097,1.2503527198105648,0.4157472631446197,-0.4667495224752176,0.7302211341072369,0.11408371981610585,0.1955362188087003,0.5095418666454179,-0.13625650199735892]}},"identity_factors":[[0,0,0,0],[1,0,0,1],[2,3,2,1],[2,1,4,1],[3,4,1,3],[1,2,8,1],[1,2,6,0]],"zne":{"method":"richardson","degree":1,"sampling":"default-2","data_points":null}},"output":{"data_points":[[4,1,0,1,-6.221745678817256],[12,1,0,3,-3.8226796053809604],[20,7,20,3,-3.3722521610203975],[20,3,36,3,-3.3722521610203184],[28,9,12,7,-1.7182682346329679],[12,5,68,3,-3.8226796053810466],[12,5,52,1,-5.390333455589542]],"run_time_sec":16.403419494628906},"others":{"observable_string":"1 X 0 X 1 + 1 Z 0 + 1 X 1 X 2 + 1 Z 1 + 1 X 2 X 3 + 1 Z 2 + 1 X 3 X 4 + 1 Z 3 + 1 X 4 X 5 + 1 Z 4 + 1 X 5 X 6 + 1 Z 5 + 1 Z 6","time_evolution_gate_hamiltonian_string":["0.5 X 0 X 1 + 0.5 Z 0 Z 1 + 0.5 X 1 X 2 + 0.5 Z 1 Z 2 + 0.5 X 2 X 3 + 0.5 Z 2 Z 3 + 0.5 X 3 X 4 + 0.5 Z 3 Z 4 + 0.5 X 4 X 5 + 0.5 Z 4 Z 5 + 0.5 X 5 X 6 + 0.5 Z 5 Z 6"]}}