{"config":{"run":"zne","nqubits":7,"state":"dmatrix","observable":{"def":"ising","coefficients":{"cn":[0.5,0.5,0.5,0.5,0.5,0.5],"bn":[1.0,1.0,1.0,1.0,1.0,1.0,1.0],"r":1}},"output":{"file_name_prefix":"expe4_ideal_unitary_sample#2_default2_richardson","draw":{"status":false,"fig_dpi":100,"type":"png"}},"vqe":{"iteration":10,"optimization":{"status":true,"algorithm":"SLSQP","constraint":false},"ansatz":{"type":"xy-iss","layer":30,"gateset":1,"ugate":{"coefficients":{"cn":[0.5,0.5,0.5,0.5,0.5,0.5],"bn":[0,0,0,0,0,0,0],"r":0},"time":{"min":0.0,"max":10.0}},"noise":{"status":true,"value":[0.001,0.01,0,0]},"init_param":[0.22825009593811724,1.8136737610726523,1.8398848846557363,1.3348486060769362,1.5091459370759988,1.0178422435050127,2.55512935375732,1.072755564740109,2.515424873459334,2.162800422757432,1.9934277484239264,5.173782259384873,4.6610571167945185,4.906912737913871,7.917810126348285,5.039957046086043,7.704356695778108,4.877620778575335,7.973375683210452,5.576863434889014,8.015727057573022,6.155449791110091,7.7918274373698235,6.974168229071007,7.651815085734516,8.349397934443306,8.295883808462404,8.730102730164603,8.852766605284856,9.695359057622051,0.11961303815436769,0.09498921372163652,-0.11782735707077494,0.5810606634879709,-0.032134069341223696,0.1718834506970128,-0.4451803141994842,0.2245354140818989,-0.024873636962806617,-0.22017534972348324,0.3864132419492994,0.8966170683283464,0.09730952500543796,0.8418577098481096,0.18021898779299547,1.2782621589802199,-0.3448653565603681,1.09044223367092,0.9488249422517636,-0.10892600441323771,0.4092110040575936,1.0315056326110204,-0.14412875382777496,1.2363937211854088,-0.4491663194236149,1.3224732656610205,0.23667511337633035,0.7141638969049434,-0.7340119220637724,-0.7534480506784819,-0.6351261434292872,-0.9828627424407662,0.3952454168126935,0.8514234858506631,0.6117516847685072,0.587450427798167,-0.41349194156341235,-1.1638459236689205,-0.19900844360186984,0.46564648222239774,0.029127473934977013,-0.2697827939859448,0.4459868822035086,0.7567245104451794,0.8320122212518539,0.7193938664460454,0.2871685375203741,-1.5341801780664768,-1.3038495095628408,1.240296904569852,0.22922052368353416,0.4642577996882951,0.37761560454481774,-0.23728625649794302,-0.747695713706074,0.9106487355675252,0.6353643451988161,0.30189951880466726,-0.0015774553044896064,-0.6005968555264651,-0.0024671265059849298,-0.1829252043978846,-0.1555746863944297,-0.19861163319026945,-0.09767519238654923,-0.2458799587718728,-0.2976191218559237,0.05287447366402062,0.6843415529393824,0.1402321850746344,-0.5592463024360806,0.12566401087937865,1.0224684598123104,-0.09380491701070211,-0.1918432658542027,0.34779332048906164,-1.4053831907826242,-0.06204906698737784,-0.3931221840453864,0.5287391408927444,-0.43337310720565797,-0.004053914534948895,-0.1559417455184193,0.044677131301819585,0.10001823636186871,0.4432604717749541,0.09232318266411339,-0.14761651613429677,0.8038393428115939,0.4125179139813506,-1.6246519545739972,0.23026395163106755,-0.7470536176734467,-0.9549897087858585,0.021630203675583513,0.7401081261598481,-0.7902802104439332,-0.8157226104475194,0.7927403749114431,-0.7403681335491367,1.2706493306079132,0.7924026239072558,1.9588328579586243,0.3846265153199221,-0.11382261381302097,0.2549413718739748,-0.15266321756427936,-0.738058648417195,-0.6391484488413588,-0.52174471023429,0.7462266671644964,0.2978562795146066,-0.22800288534109045,-0.774631610403764,0.7763251054224565,-0.035941238455102824,0.20691305292176784,1.6013111772992406,1.3318512808527976,1.5633810332731384]}},"identity_factors":[[0,0,0,0],[1,0,0,1],[2,3,2,1],[2,1,4,1],[3,4,1,3],[1,2,8,1],[1,2,6,0]],"zne":{"method":"richardson","degree":1,"sampling":"default-2","data_points":[[4,1,0,1,-6.121739447703374],[12,1,0,3,-3.601332613166732],[20,7,20,3,-3.1245687414951644],[20,3,36,3,-3.124568741495061],[28,9,12,7,-1.35632792791775],[12,5,68,3,-3.601332613166859],[12,5,52,1,-5.26102778049478]]}},"output":{"exact_sol":-8.56677223350563,"zne_values":{"degree":1,"sampling":"default-2","sampled data":[[4,1,0,1,-6.121739447703374],[12,1,0,3,-3.601332613166732]],"extrapolated_value":-7.633983548425359,"others":{"sorted_noise":[6,16],"sorted_expectation_vals":[-6.121739447703374,-3.601332613166732],"beta_coeffiecients":[1.6,-0.6],"cost_richardson_zne":2.9200000000000004}},"run_time_sec":0.0}}