{"config":{"run":"redundant","nqubits":7,"state":"dmatrix","observable":{"def":"ising","coefficients":{"cn":[0.5,0.5,0.5,0.5,0.5,0.5],"bn":[1.0,1.0,1.0,1.0,1.0,1.0,1.0],"r":1}},"output":{"file_name_prefix":"expe4_ideal_unitary_sample#8","draw":{"status":false,"fig_dpi":100,"type":"png"}},"vqe":{"iteration":10,"optimization":{"status":false,"algorithm":"SLSQP","constraint":false},"ansatz":{"type":"xy-iss","layer":30,"gateset":1,"ugate":{"coefficients":{"cn":[0.5,0.5,0.5,0.5,0.5,0.5],"bn":[0,0,0,0,0,0,0],"r":0},"time":{"min":0.0,"max":10.0}},"noise":{"status":true,"value":[0.001,0.01,0,0]},"init_param":[0.8003683806914222,0.44689092318225776,1.554261683183172,2.769415132491252,3.0989432066103437,3.8703430468696087,3.117675517046816,3.061062069989411,4.9235737873249334,3.173915886283662,6.340253870845462,3.191309348009038,5.741214540114517,4.184148819671602,4.296569128765822,6.8328898087758345,6.707412662195428,6.959021476135972,6.344150172776628,8.644081461972961,8.343082314669381,9.726845438222231,8.77612836922414,9.942647135995383,8.402956090052676,9.520762643735665,9.276990912769259,9.859957139928015,8.770659950225983,9.55376465712125,-0.13429497736882406,-0.3335367521446809,0.5832506972498195,-1.010580411969441,0.18046331010976388,-0.3359862741053667,-0.5997247963167621,0.2093681412085435,0.2535520586376515,-0.30216058460511813,-0.3135594897480529,-0.6468346525242659,-0.8872031980956614,-0.017669630377997028,-0.7388888832327143,0.9439606276808606,-0.39532827968308315,-0.20620999750743352,0.44329761501305404,0.15689829594954735,0.6017349340339638,-0.9158193677500582,-0.393901926297361,0.7199297093375784,-0.1857573037765998,-0.04536423111655102,0.16475891929340697,-0.3581334631805248,1.4919068063296845,-0.6302674552130936,-0.09744484597882683,0.6338241165932086,0.7551632794594705,0.21932440203193482,-0.7466832236167354,-0.07437923163980134,-1.0272753258253404,-0.4369544921601126,-0.0887745305381727,-0.32710033861446736,0.7885662694390266,0.34397652451803257,-0.07035056139241606,0.57856467974786,0.4789339343907214,-0.8513772697856855,-0.2403125017475698,0.46184943072851353,-0.18760751637872247,0.24525874836438344,-0.16350897357120603,-0.8660842554067902,0.7275732727067356,0.3947762997629209,-0.2770908072036086,0.6487113984818452,-0.48040999890559066,-0.886890006487802,-0.20437022503183885,-0.09105043976976258,1.1677805273950312,-0.7802327462810668,-0.17755740332622966,-0.10613655671452188,0.2668080254189811,0.29027579123128067,0.260340792223799,0.6726473427870104,-2.0101624154750826,0.5911056113556906,0.017542567421556958,0.23723536883919114,-0.4899844500471692,0.49076357001462473,-0.40859682928268864,0.007557205887320048,-0.7282027352095187,-0.6248850759544903,-0.9869216990910071,-0.5073210031420096,0.2509722003391599,0.17192975023136814,0.9013942589677766,-0.336292770299998,1.3787613315153275,0.5366455193906837,0.6746221870235314,-0.37704264515893104,0.06415727016878847,1.1054050267773519,0.544035476776668,-0.7329810097519348,1.4102663577196268,-0.7422132000551659,0.045719682665284325,0.3017809360683052,0.4924159102794301,-0.2057381211907436,-0.3827450990434948,-0.009163053185808729,-0.3705756303314805,0.8169395963232411,0.3460226536674197,-0.34044497878852004,0.4075672443318634,0.8556985099005494,1.0384139931481333,0.7033879304794223,1.1984923866069332,0.7516342543154987,0.5653363960306653,-0.27782369733856094,-0.6746337983170446,0.25238966602879814,1.0533247468976747,-0.4424160413624287,0.6258897618056756,0.42819785479119943,1.0110536236726035,0.2075359463803982]}},"identity_factors":[[0,0,0,0],[1,0,0,1],[2,3,2,1],[2,1,4,1],[3,4,1,3],[1,2,8,1],[1,2,6,0]],"zne":{"method":"richardson","degree":1,"sampling":"default-2","data_points":null}},"output":{"data_points":[[4,1,0,1,-5.834891208296338],[12,1,0,3,-3.1388724073180176],[20,7,20,3,-2.6522553605426618],[20,3,36,3,-2.6522553605426196],[28,9,12,7,-0.960113706922895],[12,5,68,3,-3.1388724073180674],[12,5,52,1,-4.888814870596507]],"run_time_sec":16.01564073562622},"others":{"observable_string":"1 X 0 X 1 + 1 Z 0 + 1 X 1 X 2 + 1 Z 1 + 1 X 2 X 3 + 1 Z 2 + 1 X 3 X 4 + 1 Z 3 + 1 X 4 X 5 + 1 Z 4 + 1 X 5 X 6 + 1 Z 5 + 1 Z 6","time_evolution_gate_hamiltonian_string":["0.5 X 0 X 1 + 0.5 Z 0 Z 1 + 0.5 X 1 X 2 + 0.5 Z 1 Z 2 + 0.5 X 2 X 3 + 0.5 Z 2 Z 3 + 0.5 X 3 X 4 + 0.5 Z 3 Z 4 + 0.5 X 4 X 5 + 0.5 Z 4 Z 5 + 0.5 X 5 X 6 + 0.5 Z 5 Z 6"]}}