{"config":{"run":"zne","nqubits":7,"state":"dmatrix","observable":{"def":"ising","coefficients":{"cn":[0.5,0.5,0.5,0.5,0.5,0.5],"bn":[1.0,1.0,1.0,1.0,1.0,1.0,1.0],"r":1}},"output":{"file_name_prefix":"expe4_ideal_unitary_sample#10_default2_richardson","draw":{"status":false,"fig_dpi":100,"type":"png"}},"vqe":{"iteration":10,"optimization":{"status":true,"algorithm":"SLSQP","constraint":false},"ansatz":{"type":"xy-iss","layer":30,"gateset":1,"ugate":{"coefficients":{"cn":[0.5,0.5,0.5,0.5,0.5,0.5],"bn":[0,0,0,0,0,0,0],"r":0},"time":{"min":0.0,"max":10.0}},"noise":{"status":true,"value":[0.001,0.01,0,0]},"init_param":[0.52932309819901,1.8402321852901558,-0.18018364286418231,1.8282935017319701,0.7987154132261585,2.4751646190478906,3.0538652495029144,1.8155834259880488,3.7086791689600322,2.7331445813430886,5.4670323841252015,5.457138334895682,5.459613441917944,4.842559691042096,5.53403427452327,4.789903832727373,4.904716516097857,5.1321883913884925,5.603641998263455,7.842491125606804,6.93033435120741,8.950307696041094,6.945729024068525,9.404288812484028,6.365444706743955,9.586347613044373,6.4399437717276715,9.666155823311671,7.730988563057816,9.993388297784147,0.12060077536657958,-0.5675302487928112,0.5298388670647228,-0.6761385124263318,1.002082252822338,1.8544687487293214,1.0324996457587539,0.524480307965928,1.509527940799264,0.8686527076749181,0.613915563004116,0.97968959269855,-0.5245227992887065,0.5827188643255864,0.26002610603012843,0.3463588200504799,0.46904811069635755,-0.8475735439146304,0.24852271206679577,0.19258763558241074,-0.5338120323517193,-0.4711416358600417,-0.15771768174664774,0.5072892279083926,0.052657316214141665,0.7377345851519248,-0.5362433183365602,-1.042660257885309,0.010497321856952568,0.18452339341067336,0.20774932459783227,0.37155511662178475,-0.5796999804363651,-1.1373621895648547,0.7993246860546539,0.4084739687835909,-0.049324506281000685,-0.8012411178566631,-1.2134523325478426,0.7125067810581006,-0.04440301418839187,0.8219042310229709,1.1381626876495758,-0.04917886642063045,0.08626708383394117,0.8151928735989178,-0.31425662156070167,-0.15059883832235188,-0.7721527997992469,1.320299215950714,-0.5989645295860988,-0.9229226007253031,1.2474544022146175,-0.10625405774699176,0.6757694962783852,1.072959216158082,-0.9723071860892741,1.341904161526839,-0.008620016573289611,0.877866898684891,1.533794215580582,-0.27415039264236407,0.19395229527288496,-0.33545110343325,0.471762175192667,-0.2775342376447508,-0.6653382170610336,-0.5748849642714794,-0.28877459271108535,-0.33835050639508396,-0.19810264433637687,0.9375151363964451,0.2870606332509649,-0.38332078436852707,-0.7439348324001288,-0.39563587300625724,-0.6418978248144123,0.9676819717256444,0.9634758478370739,0.2583159175279212,-0.6357866895983277,0.22817953866327295,0.5812913444070598,-1.0546932669678308,-0.3051310460010036,0.2926718893073208,-0.9617846981888317,0.5042696697005673,-0.4132804834134751,1.0852899655332113,0.27612421431481,0.7084627456968792,0.7716816950975246,-0.2713923169030483,-0.1332185901815478,0.18072241650218013,0.7095120014852306,-0.2920102652597627,-0.6313033100938431,0.6535818539961122,1.891354306163378,0.5461251286164478,0.5740616553207861,0.30390469864426384,0.7867197535852779,-0.7027935731071869,0.3153960349691525,0.14319087306220546,0.6993791966045779,-0.7636075332784844,0.12739732524951217,-0.5030386522219792,-0.4865402709679755,-1.0779128732812195,0.6611469141189605,-1.000971172440401,-0.1125568447058433,-1.2935721850303072,-0.15871351131896388,-0.9110046630750156]}},"identity_factors":[[0,0,0,0],[1,0,0,1],[2,3,2,1],[2,1,4,1],[3,4,1,3],[1,2,8,1],[1,2,6,0]],"zne":{"method":"richardson","degree":1,"sampling":"default-2","data_points":[[4,1,0,1,-5.887310853870472],[12,1,0,3,-3.2496473547282596],[20,7,20,3,-2.7714559001523575],[20,3,36,3,-2.771455900152297],[28,9,12,7,-1.104254686527169],[12,5,68,3,-3.2496473547283333],[12,5,52,1,-4.962471362971399]]}},"output":{"exact_sol":-8.56677223350563,"zne_values":{"degree":1,"sampling":"default-2","sampled data":[[4,1,0,1,-5.887310853870472],[12,1,0,3,-3.2496473547282596]],"extrapolated_value":-7.4699089533558,"others":{"sorted_noise":[6,16],"sorted_expectation_vals":[-5.887310853870472,-3.2496473547282596],"beta_coeffiecients":[1.6,-0.6],"cost_richardson_zne":2.9200000000000004}},"run_time_sec":0.0}}