{"config":{"run":"zne","nqubits":7,"state":"dmatrix","output":{"file_name_prefix":"AUTOMATE_heisenberg_noisefree_time_evo_ric3_sample#3","draw":{"status":false,"fig_dpi":100,"type":"png"}},"observable":{"def":"ising","coefficients":{"cn":[0.5,0.5,0.5,0.5,0.5,0.5],"bn":[1.0,1.0,1.0,1.0,1.0,1.0,1.0],"r":1}},"ansatz":{"layer":30,"gateset":1,"ugate":{"type":"heisenberg","coefficients":{"cn":[0.5,0.5,0.5,0.5,0.5,0.5],"bn":[0,0,0,0,0,0,0],"r":0},"time":{"min":0.0,"max":10.0}}},"vqe":{"iteration":1,"optimization":{"status":false,"algorithm":"SLSQP","constraint":false}},"init_param":{"value":[0.6189603325174557,0.7142372255934472,0.818217611349809,1.1433975540074377,1.9121137997887092,1.912113799788709,1.9189666863881127,2.194219841514053,2.734492156740232,4.250258815642276,4.250258815642276,5.774076859791501,6.527612880112256,6.532834731882501,8.049613322901676,8.049613322901676,8.050730377555883,8.561643142317116,8.561643142317116,8.758357012835646,8.758357012835646,8.78353884989931,9.477076383056275,9.536600626467342,9.536600626467342,9.536600626467342,10.241295505019522,10.318321333031077,10.579129354925781,10.82886994059623,3.662494394083504,0.08309129295248968,1.5295376506525808,-1.5964000102221196,1.8988970610647178,-0.07218621526676876,0.7238532160702689,-1.2917423920622229,1.8532222971765195,-0.40818119715800666,0.469598065996274,-1.2652675561295137,0.41465882817859046,0.48683539382624846,-0.15336518315146752,-1.6419783820068856,1.2136622236743368,0.5933123377118196,0.9666225223219593,0.9539776194708611,-0.3793986531891993,-0.2570964298405315,1.5884302353807402,0.19867970725527498,1.0036205245072367,-1.7266220384949087,0.6519864384701275,0.173373648086925,1.8697046853700252,0.5263944462203128,2.9785129063723943,-0.5937256494260224,0.22753174799850245,0.24918335157216837,1.5438671949833176,-0.2981477150404249,-0.0503664733834821,0.542442835193611,1.8096859498837612,-2.2260935596321993,0.28693396030012636,0.9986781622414097,-0.01940263773226835,-1.8805315707929653,-0.1513202473661221,0.1836836320118686,-0.5655439481125303,-0.30323205019871646,-0.4186198812206128,0.2357002564872809,2.8296979465953833,-1.0776781071762758,-0.08378558447273823,1.7446476514004516,-0.4606832586075214,-1.762173446350097,0.10241780783627007,1.6018254886002428,0.2621004786967086,1.349261138919249,0.14987623247602613,0.5068543254371847,-1.3474781551208477,1.0890436270679893,1.6662048029626129,0.3608718991529565,-0.11137748070221386,0.5641204379289552,2.2546014997074266,1.8888740160956543,-0.23345107582518032,-1.5772444286238798,2.1408383357361265,-0.4968079560788485,0.1533667959779154,-0.40238715350257875,0.25591729793510365,2.947382531044255,-0.32162602471486745,-0.7587223675916386,-0.8983111566200868,0.006114119281372181,2.9372824954589514,0.48288231335139287,0.7939297064609614,1.9454360656955985,2.092519500518508,0.8995449331251366,0.10171517677156572,0.45235144869603666,1.02501950409702,0.24331156538914245,0.48973195386607005,2.672871435464254,1.313352678455905,2.010046934709317,-0.42153209835304317,-0.13436700176919486,-0.6950305532982513,0.6026553555930264,1.6681913778840949,0.4125109526933123,0.514533549588801,1.0794873063708696,-0.9571806916209341,0.27630815458061647,0.6001387806934945,0.5059087494947612,-0.5722342732268321,0.3986919058890637,1.0044202485382987,0.3352295947729849,1.3777059541173544,-2.835684252944388,0.6104690716589696,1.838086538234438,-0.3106134411398272,-2.2167272073692903,0.10706372359431235,-0.17469850626418476]},"noise_profile":{"status":true,"type":"depolarizing","noise_prob":[0.001,0.001,0,0],"noise_on_init_param":{"status":false,"value":0}},"redundant":{"identity_factors":[[0,0,0,0],[1,1,0,0],[2,1,0,0]]},"zne":{"method":"richardson","degree":1,"sampling":"default","data_points":[[4,2,0,0,-6.218690041461778],[12,6,0,0,-4.805156509769758],[20,6,0,0,-4.045922430116711]]}},"output":{"exact_sol":-8.566772233505624,"zne_values":{"degree":1,"sampling":"default","sampled data":[[4,2,0,0,-6.218690041461778],[12,6,0,0,-4.805156509769758],[20,6,0,0,-4.045922430116711]],"extrapolated_value":-7.04906389280339,"others":{"sorted_noise":[6,18,26],"sorted_expectation_vals":[-6.218690041461778,-4.805156509769758,-4.045922430116711],"beta_coeffiecients":[1.9500000000000002,-1.625,0.6749999999999999],"cost_richardson_zne":6.89875}},"run_time_sec":3.886222839355469e-05}}