{"config":{"run":"redundant","nqubits":7,"state":"dmatrix","output":{"file_name_prefix":"AUTOMATE_heisenberg_noisefree_time_evo_ric3_sample#8","draw":{"status":false,"fig_dpi":100,"type":"png"}},"observable":{"def":"ising","coefficients":{"cn":[0.5,0.5,0.5,0.5,0.5,0.5],"bn":[1.0,1.0,1.0,1.0,1.0,1.0,1.0],"r":1}},"ansatz":{"layer":30,"gateset":1,"ugate":{"type":"heisenberg","coefficients":{"cn":[0.5,0.5,0.5,0.5,0.5,0.5],"bn":[0,0,0,0,0,0,0],"r":0},"time":{"min":0.0,"max":10.0}}},"vqe":{"iteration":1,"optimization":{"status":false,"algorithm":"SLSQP","constraint":false}},"init_param":{"value":[0.4022850038273885,0.4222288083135141,0.7644599371513524,0.7900179023917507,1.1026508993249646,1.1630326759467198,1.1630326759467198,1.2119340062926192,1.9859325565890973,1.985932556589097,2.096166401632718,3.378647998605865,3.378647998605865,3.378647998605865,4.354848115861854,6.006218342726225,6.006218342726225,6.009974297352436,8.225327865566033,8.242093148909708,9.222354355246733,9.369468664000962,9.432712219232048,9.692289963799956,9.692829942577658,10.391360826688166,10.391360826688166,10.529867035412478,10.529867035412478,11.06290493838992,2.9062307172979733,-1.7788694936155562,-0.1145266982224492,-0.9311559923392093,0.9691998209476543,1.7463479137973288,-0.7663862807329105,-0.9694574896037749,2.8979112386638413,1.1400097878698292,0.8096361549155084,-1.5900494197653285,0.09829667109053167,0.31839493135320834,0.3886777840539921,0.12229184789371997,1.7250225844898464,1.0065795676456808,1.4535641205083867,-0.3486770669120958,0.2556790893233589,1.778531141883236,0.269972269049403,1.0155903957099945,0.8041163886037216,0.5381821926966456,-0.30108604163317454,0.6396533041678052,2.1819991440037696,1.4978086658278347,2.5181040929106753,0.4624415671193703,-0.17701736987873673,0.6910098122382194,2.947172461882987,-1.0727539032453073,0.4023854197196741,1.650490750838525,0.9313998963798695,-0.6769162055305248,-0.5620785927454173,-0.20885673940707247,2.5019757090972443,-0.37561416876024456,-0.9329392032282731,0.7818961506889994,0.44350434198669075,-0.10644929099379355,-2.498928032568615,-1.2046085786256906,-0.06365416567297402,0.17257236645054272,1.2516209341031546,-0.3591527663232026,0.46789807326225935,0.24374638092155315,0.02110383811013195,0.12714835746845662,-0.5505736947218767,-0.03497727012222505,-2.2168334497478877,-0.21485512988314215,1.7552902914988067,0.6189795903733311,0.3191491062237487,0.522632432692797,-1.1121089236913335,1.1371618962620422,-0.2410043783817164,0.24168543661014927,0.39418565996934685,1.2107667809264395,2.398781467533486,0.6948257569073976,0.6170229142231725,0.7050419245924102,1.768546262611762,1.5562956304120967,-0.4269237214365518,0.6302835616447369,1.7710848704009405,1.2281100264507194,1.5036530549577243,-0.7435268012971183,0.7613541379199313,0.8523298100708424,-0.6655959646469325,1.1543911681084875,2.2675628634479494,1.0299985170060308,1.400963430022522,0.27759304330136975,0.6960561589746208,-0.4210335016880339,0.0336463669485127,-2.099660094290342,0.6674819238895001,0.5049668435179431,0.48001405045948287,1.3574871122533543,-2.2986993170736225,9.601426007351498e-05,1.3312470798272018,0.7582238004326416,-0.35033967277151296,-0.4108552112493075,0.1982910129710702,0.6700017270602091,0.26559360983179486,-0.14563210230012705,-0.39610135234418875,1.1727729846793147,0.6713573564879365,0.8527070052929181,0.8268283343075853,2.2918575835381745,0.5082103460913493,1.8600493489550152,0.49576811175353974,2.232387985311215]},"noise_profile":{"status":true,"type":"depolarizing","noise_prob":[0.001,0.001,0,0],"noise_on_init_param":{"status":false,"value":0}},"redundant":{"identity_factors":[[0,0,0,0],[1,1,0,0],[2,1,0,0]]},"zne":{"method":"richardson","degree":1,"sampling":"default","data_points":null}},"output":{"data_points":[[4,2,0,0,-5.743389283741308],[12,6,0,0,-4.3560016590478785],[20,6,0,0,-3.6094169528805082]],"noise_details":[{"identity_factors":[0,0,0,0],"noise_level":[4,2,0,0],"gates_num":[4,1,1,0],"noise_profile":{"status":true,"type":"depolarizing","noise_prob":[0.001,0.001,0,0],"noise_on_init_param":{"status":false,"value":0}},"odd_wires":4},{"identity_factors":[1,1,0,0],"noise_level":[12,6,0,0],"gates_num":[12,3,1,0],"noise_profile":{"status":true,"type":"depolarizing","noise_prob":[0.001,0.001,0,0],"noise_on_init_param":{"status":false,"value":0}},"odd_wires":4},{"identity_factors":[2,1,0,0],"noise_level":[20,6,0,0],"gates_num":[20,3,1,0],"noise_profile":{"status":true,"type":"depolarizing","noise_prob":[0.001,0.001,0,0],"noise_on_init_param":{"status":false,"value":0}},"odd_wires":4}],"run_time_sec":7.126401901245117},"others":{"observable_string":"1 X 0 X 1 + 1 Z 0 + 1 X 1 X 2 + 1 Z 1 + 1 X 2 X 3 + 1 Z 2 + 1 X 3 X 4 + 1 Z 3 + 1 X 4 X 5 + 1 Z 4 + 1 X 5 X 6 + 1 Z 5 + 1 Z 6","time_evolution_gate_hamiltonian_string":["0.5 X 0 X 1 + 0.5 Y 0 Y 1 + 0.5 Z 0 Z 1 + 0.5 X 1 X 2 + 0.5 Y 1 Y 2 + 0.5 Z 1 Z 2 + 0.5 X 2 X 3 + 0.5 Y 2 Y 3 + 0.5 Z 2 Z 3 + 0.5 X 3 X 4 + 0.5 Y 3 Y 4 + 0.5 Z 3 Z 4 + 0.5 X 4 X 5 + 0.5 Y 4 Y 5 + 0.5 Z 4 Z 5 + 0.5 X 5 X 6 + 0.5 Y 5 Y 6 + 0.5 Z 5 Z 6"]}}