{"Config":{"run":"redundant","nqubits":7,"state":"dmatrix","observable":{"def":"ising","coefficients":{"cn":[0.5,0.5,0.5,0.5,0.5,0.5],"bn":[1.0,1.0,1.0,1.0,1.0,1.0,1.0],"r":1}},"output":{"file_name_prefix":"expe3_ideal_unitary_#5","fig_dpi":100},"vqe":{"optimization":{"status":false,"algorithm":"SLSQP","iteration":10,"constraint":false},"ansatz":{"draw":true,"type":"xy","layer":30,"gateset":1,"ugate":{"coefficients":{"cn":[0.5,0.5,0.5,0.5,0.5,0.5],"bn":[0,0,0,0,0,0,0],"r":0},"time":{"min":0.0,"max":10.0}},"noise":{"status":true,"value":[0.001,0.01,0,0]},"init_param":[0.7915604110691428,0.1310147269225001,1.1647674083468997,1.3367002357044329,2.3335450858522044,1.1557896330849744,2.01085502258684,1.47177516560402,2.2667110850740313,1.307411602748723,2.920853829818702,3.3322303973721836,3.0507414327409803,4.722398388764687,3.8258577318400593,4.954762166979342,3.981960473490335,4.694702925320757,4.984027976180092,4.459599598974376,4.6878769727361504,4.718297379593119,4.378820005930185,5.360278428244729,5.407762410884066,8.330624970078023,8.274514533351622,10.291258326103273,11.118232340582328,10.956499198769452,1.5399198602366497,-0.07346316457399589,0.19097482839682753,1.0070241534638162,0.9546148070061686,-0.15147956209627356,0.4617478878125851,0.75529368192353,0.14543059486116225,-1.7895094882487024,0.46766504350653926,0.09369253499453885,0.40275486426765555,-1.8238612428035943,-0.07473825355395904,-1.3589384564678335,0.3855755348770912,-1.096186612317235,1.984948224952921,-0.1569023867793291,-1.8430270524449033,-0.3452081838274381,0.08511108012574473,0.8134709426913587,0.47174533814303315,0.7183549707576614,0.6974851156130054,0.1122481005277083,-0.9557524075152459,0.10292242037125234,0.03809127872748243,0.16919737305999705,1.5445491383485175,0.08307403127203364,-0.2401942314100616,-0.14777895440859184,0.9201886108383075,-0.7356352542410126,-0.5187391080425413,0.24504851083290397,-0.36322040491270524,0.17258210221488518,-0.6744952528689084,-0.29988291572068515,0.5764170266733414,-0.36592279028037544,0.15046863429868498,-0.34291405394617963,-0.2561068408451464,0.35745449721075867,-0.25861876085028296,0.5736077206576536,-1.4423657618951389,1.0805454889962665,-1.5379770669209902,-1.1497207549217152,0.8844090784412126,-0.19530816616948363,-0.8860989689063345,-1.015007977019368,0.010453940773538065,0.7254495401364085,-0.5644329686362792,-1.4281566600245852,0.8550837805424301,1.1179527888624623,-1.2396834728913022,-0.5859786573197228,0.29919654932697176,0.5989874649856327,-1.4098055108243859,-0.7833957147466925,-0.1991999029344704,0.620291680999294,-0.49106959127411065,-0.1626974048313686,-0.5686463785338345,0.32603368765947843,0.971121006919139,0.7589869116320596,-0.06859865842604354,-0.0992270376876903,2.0618924638168457,1.0535528076748741,-0.20865375578275663,0.44439553990579067,0.031486132948144445,0.2654031484121181,-0.8029888195347687,0.16854299058202957,0.5890361405279391,-0.29015967525444175,-0.8231329638768573,0.20023055800047657,-1.027269956392756,0.5188143817913643,0.6194352179493379,-1.141087870679192,-0.12470895557461675,0.31320580428258327,-0.6129515537369863,0.009472534130927308,-1.3385752692179789,0.19773805575785358,-0.18749954709794647,0.016304808469128303,0.9334183122512083,-0.03786954368522151,0.6687854189334604,-1.4489960394465402,0.9136684031001479,-1.3990729522943175,-0.6172369687322463,-0.0062043821596278505,0.8634175453456223,0.8657917148293366,-0.39614790490673363,-0.8135354850752462,-1.9282542720948161,-0.07843891880931722]}},"identity_factors":[[0,0,0],[1,0,0],[2,0,0],[3,0,0],[4,0,0],[5,0,0]],"zne":{"method":"linear","degree":1,"sampling":"default","data_points":null}},"Symbol_count":25,"Data_points":[[4,1,0,-6.903517944959475],[12,1,0,-6.212847126408432],[20,1,0,-5.612864630354879],[28,1,0,-5.089381522050973],[36,1,0,-4.630662702983298],[44,1,0,-4.226974823924086]],"Run_time_sec":3.2018630504608154}