{"Config":{"run":"redundant","nqubits":7,"state":"dmatrix","observable":{"def":"ising","coefficients":{"cn":[0.5,0.5,0.5,0.5,0.5,0.5],"bn":[1.0,1.0,1.0,1.0,1.0,1.0,1.0],"r":1}},"output":{"file_name_prefix":"expe3_ideal_unitary_#8","fig_dpi":100},"vqe":{"optimization":{"status":false,"algorithm":"SLSQP","iteration":10,"constraint":false},"ansatz":{"draw":true,"type":"xy","layer":30,"gateset":1,"ugate":{"coefficients":{"cn":[0.5,0.5,0.5,0.5,0.5,0.5],"bn":[0,0,0,0,0,0,0],"r":0},"time":{"min":0.0,"max":10.0}},"noise":{"status":true,"value":[0.001,0.01,0,0]},"init_param":[0.9820055710774379,-0.25910277534403536,-0.1974034781714001,0.9621209197384019,0.9754257618433769,1.9368411912327965,2.224823834791141,2.3122053631482005,3.003988184783141,2.506590064678875,3.2725987586123817,2.7324787200115996,4.004024193886958,2.0888400101656948,3.968056455576596,3.7947453735224066,3.787060032637998,5.5977171514487605,5.4979032312132725,5.09202033665063,5.161529367164181,6.687605637310863,6.7282681564131,5.946059661418436,5.861647231006829,8.576221465945668,8.545219754470464,9.770095479339826,8.941482900258487,10.68381775464202,1.3437581995728862,0.3323308152558609,-0.27048325686719854,1.5261944028515768,2.0934428717197133,0.015812275361642907,0.33676627595603126,0.8684087666681793,-1.154174243759115,-0.14027170697481386,0.04147441179818533,-0.1015388809152814,1.641463725915479,-0.6108269452080372,-0.2475064822381956,-0.7867427912854442,0.4882330742133794,0.4042566454023428,0.17779118560706517,-0.06962267760392901,-0.2497624023705429,-1.1866735485875166,0.9964324949340962,-0.10416214909716691,0.28519915791854117,0.4389136000028443,1.1041121370245313,0.22989016707640655,0.7148218228036267,1.2938483577718978,-0.2694074823700032,0.40803371334801497,0.2348582150096991,-0.7822531366623543,-0.7010093006351079,0.9949406599834786,0.08386687002748236,0.5396955274982372,0.8905154991863139,0.47275453045439425,-0.6407875304197953,0.3377023693544321,1.2242401966680498,-0.7122554751137118,-0.8261599829516396,0.1939000807727625,0.3451146370060286,0.062137638192425265,-0.326326061013925,0.9301809548870168,0.5106892739174944,-1.4287868384581945,-0.7127019434288263,1.4653907170788223,-0.33996976884263763,0.7403884293344197,-0.5312611817584798,-0.02154877298162589,-0.926087864258388,-0.37897337591150837,1.2562725779501909,0.13242478789687998,-0.8406949761139272,0.8713167736280749,0.29889953697057503,-0.19632654469701205,-1.2856041745969207,0.8626566400831058,0.07061024127258256,-0.05340442623754594,1.446585572657703,-0.43533157967964703,-0.8679832104834929,1.0476094828637184,0.7454380424884535,0.06559713816903048,-0.4030970677270239,-0.11065069746097746,0.447075631081098,-0.21571768513335043,0.3853397702576499,0.6291284291621565,-1.0541942072929493,0.023516154487138424,-0.08066313307463319,0.014152322092784655,1.3954852624913288,-0.8465823747419682,1.2881824771181791,-1.3517746995998279,0.35689608610414486,0.05020612175487288,-0.4756469577391116,-0.0233904654786015,-0.4278697087840049,-1.0207629252890407,1.603910135647604,1.2276255898925659,-0.519788788860067,-0.024826755262796363,-0.6827989232921543,0.024308378023053967,-0.023197570243422807,1.2068270403369787,-0.5368183465049532,0.021743006668776665,0.7498862396709951,-0.005177306231840243,0.9427967561818181,-1.5964855972324548,-1.3283251488128613,1.5536849730522109,-0.3389437018811942,-1.596047491560175,1.9528462416855445,-1.6127747133635817,-0.26223871434947144,-1.5937873199079315,-0.6783613585652727,1.5116459433651466]}},"identity_factors":[[0,0,0],[1,0,0],[2,0,0],[3,0,0],[4,0,0],[5,0,0]],"zne":{"method":"linear","degree":1,"sampling":"default","data_points":null}},"Symbol_count":25,"Data_points":[[4,1,0,-6.956573971793441],[12,1,0,-6.243713697798469],[20,1,0,-5.618565093083701],[28,1,0,-5.0684984752624676],[36,1,0,-4.58291628822669],[44,1,0,-4.152899310370883]],"Run_time_sec":3.279543876647949}