{"config":{"run":"redundant","nqubits":7,"state":"dmatrix","output":{"file_name_prefix":"AUTOMATE_ising_noisefree_time_evo_ric3_unifrom_scaling_sample#8","draw":{"status":false,"fig_dpi":100,"type":"png"}},"observable":{"def":"ising","coefficients":{"cn":[0.5,0.5,0.5,0.5,0.5,0.5],"bn":[1.0,1.0,1.0,1.0,1.0,1.0,1.0],"r":1}},"ansatz":{"layer":30,"gateset":1,"ugate":{"type":"ising","coefficients":{"cn":[0.5,0.5,0.5,0.5,0.5,0.5],"bn":[0,0,0,0,0,0,0],"r":0},"time":{"min":0.0,"max":10.0}}},"vqe":{"iteration":1,"optimization":{"status":false,"algorithm":"SLSQP","constraint":true}},"init_param":{"value":[0.4349098035102067,0.5281397824211302,0.6402833431740305,0.701719039924861,0.8953768954552646,1.4118719346144908,2.230113621742168,2.6548053250922607,3.10433397641996,3.1043339764199596,4.146783795497047,4.146783795497047,4.149760661232294,4.149760661232294,4.223539194779984,4.223539194779984,6.7727886487081435,6.7727886487081435,7.243551717080481,7.282491880183138,7.282491880183137,7.282491880183138,8.806989173945695,8.80698917394569,9.706285648296737,9.809777023075187,9.837118725166619,10.701586770517197,11.185931122995514,11.185931122995514,0.39919688039300266,1.4533249104921768,0.7852252158845567,-0.4957764525834907,-0.3354719566017423,0.16097458435951068,-0.21971891747261646,1.5370438656668401,0.26531517225969137,-0.6386119707402834,0.37748437574064975,1.2333814560270282,0.5934062959304571,1.633059089666515,0.31170790405459564,0.3995146629536743,-0.11155094016301184,0.8138063699882787,0.019467271717771087,-0.38186317682975884,-2.778803401027002,0.7887082829537533,-3.1348050840084074,-1.5109224736536222,-0.38589710406642097,-1.105927053527023,0.3451707237315739,0.6290043291617069,-1.834722402137916,-1.0551446159380258,-1.3581260193610523,0.9666180881078981,-0.05759676522292653,1.1866392284178628,-1.1308471740259582,0.34327443183487805,0.17662613760194443,-0.043135596735193626,-0.03667546733606037,-0.4901895513664937,-1.0399227541005371,0.4880459765792483,0.053089003166299456,-0.6259966396796703,0.03159579372412852,-0.09798805529491862,0.052872660107769434,1.490194875693949,0.22167423812356596,-0.33497064714209324,1.0144679614160885,0.01608415027143934,0.49167899744128424,0.12491439548600353,-0.1329609067962543,0.8639852596635488,-1.6607871811173882,0.2801513494447602,0.3908501333463579,0.6044891435983025,0.08637544621327581,1.2270127042754213,0.11860545946003472,-0.13066468162372125,-0.998222267933649,-1.2643438207146234,0.7835210648968657,0.8370312354478452,0.06527740704106412,-1.0235950282739155,-0.705070781232052,0.037682760290170314,1.4778132318704873,1.7053977225841355,-0.1291331271719845,0.1648924115529835,2.208642048449397,1.1885953055185114,-0.8138037079028133,0.6715189891287302,0.7819572861394978,-0.4022064636590845,-0.3927127310055937,-0.4118784323717791,1.3463239978578432,-0.3323606385924751,0.6664683657180488,1.58852177854836,-1.212203169826861,-0.031436536468697034,0.5094262403458202,-0.0616688967239856,-0.0666169691754888,-0.7277012125404719,-0.12684196683036533,0.5325519345188151,2.2778420441533447,0.8735933622003313,0.9907279467768721,1.1448787224294625,0.4291077507842401,-0.21356701746617238,1.7174041100732933,0.1885112766205208,0.3630143936992631,0.6395640633025061,-0.2937369198596852,-0.18128670495631546,0.9504587478277511,-0.6241293783488098,1.8733903679237267,0.4875344831143031,-0.9182747577406853,0.850791268752179,-0.46183623376516114,-0.634145646812118,-0.9165900492445601,-0.8973746003077631,-0.879107286657044,0.15645801311276636]},"noise_profile":{"status":true,"type":"depolarizing","noise_prob":[0.001,0.001,0,0],"noise_on_init_param":{"status":false,"value":0}},"redundant":{"identity_factors":[[0,0,0,0],[1,1,0,0],[2,2,0,0]]},"zne":{"method":"richardson","degree":0,"sampling":"default","data_points":null}},"output":{"data_points":[[4,2,0,0,-6.672780190342767],[12,6,0,0,-5.522238922989663],[20,10,0,0,-4.5712287338679385]],"noise_details":[{"identity_factors":[0,0,0,0],"noise_level":[4,2,0,0],"gates_num":[4,1,1,0],"noise_profile":{"status":true,"type":"depolarizing","noise_prob":[0.001,0.001,0,0],"noise_on_init_param":{"status":false,"value":0}},"odd_wires":4},{"identity_factors":[1,1,0,0],"noise_level":[12,6,0,0],"gates_num":[12,3,1,0],"noise_profile":{"status":true,"type":"depolarizing","noise_prob":[0.001,0.001,0,0],"noise_on_init_param":{"status":false,"value":0}},"odd_wires":4},{"identity_factors":[2,2,0,0],"noise_level":[20,10,0,0],"gates_num":[20,5,1,0],"noise_profile":{"status":true,"type":"depolarizing","noise_prob":[0.001,0.001,0,0],"noise_on_init_param":{"status":false,"value":0}},"odd_wires":4}],"run_time_sec":8.05130386352539},"others":{"observable_string":"1 X 0 X 1 + 1 Z 0 + 1 X 1 X 2 + 1 Z 1 + 1 X 2 X 3 + 1 Z 2 + 1 X 3 X 4 + 1 Z 3 + 1 X 4 X 5 + 1 Z 4 + 1 X 5 X 6 + 1 Z 5 + 1 Z 6","time_evolution_gate_hamiltonian_string":["1 X 0 X 1 + 1 Z 0 + 1 X 1 X 2 + 1 Z 1 + 1 X 2 X 3 + 1 Z 2 + 1 X 3 X 4 + 1 Z 3 + 1 X 4 X 5 + 1 Z 4 + 1 X 5 X 6 + 1 Z 5 + 1 Z 6"]}}