{"config":{"run":"redundant","nqubits":7,"state":"dmatrix","output":{"file_name_prefix":"AUTOMATE_ising_noisefree_time_evo_ric3_unifrom_scaling_sample#1","draw":{"status":false,"fig_dpi":100,"type":"png"}},"observable":{"def":"ising","coefficients":{"cn":[0.5,0.5,0.5,0.5,0.5,0.5],"bn":[1.0,1.0,1.0,1.0,1.0,1.0,1.0],"r":1}},"ansatz":{"layer":30,"gateset":1,"ugate":{"type":"ising","coefficients":{"cn":[0.5,0.5,0.5,0.5,0.5,0.5],"bn":[0,0,0,0,0,0,0],"r":0},"time":{"min":0.0,"max":10.0}}},"vqe":{"iteration":1,"optimization":{"status":false,"algorithm":"SLSQP","constraint":true}},"init_param":{"value":[-4.1290471568429383e-17,0.028387941050870547,0.028387941050870516,0.028387941050870544,0.4764187545019148,0.485154879376271,0.7094706976105217,2.998376901501724,3.486264965503922,3.487775573446841,4.058897205630428,5.020552086463093,5.02158492362958,5.02158492362958,5.0846878698400815,5.0846878698400815,6.794704827143902,6.794704827143902,6.794704827143902,8.013356083289752,8.21076169573117,8.21076169573117,8.633075344303478,8.633075344303478,8.930018414781724,8.930018414781724,8.930018414781724,9.990329186240457,9.990329186240457,12.915390927357043,0.8289215528981712,0.6465354442587259,-0.06922368073773534,-2.0853926237797484,0.25605409461249207,-0.765586831155604,0.9589723041272441,0.27455658215646966,-0.07189982532198122,-0.3449139525561357,-0.46800027418386986,1.016480689947782,-0.9706976058410632,-0.9556868223128826,0.9323574793538898,-0.4376613900889883,0.44138701419965265,1.4418520162063444,0.8420619129497768,-0.025530845682239494,-2.3076344184440156,0.37458463155346333,-0.47031338116346383,0.07338001085955462,-0.869249007732584,1.6824786550253577,1.719346297136726,-0.9622509832303179,0.5779076253870294,0.4760527439731688,-0.2451715046346434,1.5906513054768954,0.35918458386075697,-0.44817294000256097,-0.37416377940751877,0.37048554789855764,0.693137718643464,2.288219219235325,-0.26501198620577204,0.3689053264668303,0.10166782579927121,-0.3356073800920907,-0.6413954053758932,0.28636656044125136,-0.8690978212322298,1.166030172665772,-0.46365263204645707,-0.8505396438729699,2.4328989003329693,-1.4554443951257197,2.09134311034601,1.7695145471360614,1.1170184462314887,0.20325573406500014,0.34206355374635444,0.016804831103183593,-0.19882507083844791,1.4011478969931443,-0.0572616468882171,-1.3773340344964602,1.1031086912886459,0.47433623341773395,-0.037679845343088075,0.7450954028512253,1.3114871459373192,-0.18651966717154955,1.0750199871192778,0.48905379729033566,-0.6281827821606347,1.322074656325554,-1.4761484868509396,0.2859918816514792,-1.0033541595176405,0.8264053813863532,0.622010811103528,1.1636747207646185,-0.31883271288389914,-0.0013981850979601159,-0.09999405171802342,1.3085280853238759,-1.3727969089464465,-0.08341159264840771,1.6249369276484606,-0.28082331570516694,1.863294400254821,2.2932652495309953,1.4849536675442596,0.6811668802751195,1.5380110980874968,-0.6615225065895972,0.4000828281024264,0.33932121588009856,0.48855764825038867,2.5371111232777053,-0.7260430040504564,0.09005940379987407,-0.8762980817992282,-0.23800314057977784,0.9728027685352436,-0.20857834368009137,0.6148333457084475,-1.5171898336040224,0.8658542069129427,-1.6478287868490311,0.5770049367106069,0.134497700004433,-0.11612046371881249,1.5826352840237945,1.6045820840261675,-0.08805669980595342,-1.507745125921201,-0.11276651576435986,0.07206005105970639,-1.7788122679933258,-0.002988765738482436,0.7255804452314191,2.7661804504965604,-3.1943627011957507,-0.07088434770936546,0.10949711075632612]},"noise_profile":{"status":true,"type":"depolarizing","noise_prob":[0.001,0.001,0,0],"noise_on_init_param":{"status":false,"value":0}},"redundant":{"identity_factors":[[0,0,0,0],[1,1,0,0],[2,2,0,0]]},"zne":{"method":"richardson","degree":0,"sampling":"default","data_points":null}},"output":{"data_points":[[4,2,0,0,-6.833109640228284],[12,6,0,0,-5.610198560557999],[20,10,0,0,-4.609901567200479]],"noise_details":[{"identity_factors":[0,0,0,0],"noise_level":[4,2,0,0],"gates_num":[4,1,1,0],"noise_profile":{"status":true,"type":"depolarizing","noise_prob":[0.001,0.001,0,0],"noise_on_init_param":{"status":false,"value":0}},"odd_wires":4},{"identity_factors":[1,1,0,0],"noise_level":[12,6,0,0],"gates_num":[12,3,1,0],"noise_profile":{"status":true,"type":"depolarizing","noise_prob":[0.001,0.001,0,0],"noise_on_init_param":{"status":false,"value":0}},"odd_wires":4},{"identity_factors":[2,2,0,0],"noise_level":[20,10,0,0],"gates_num":[20,5,1,0],"noise_profile":{"status":true,"type":"depolarizing","noise_prob":[0.001,0.001,0,0],"noise_on_init_param":{"status":false,"value":0}},"odd_wires":4}],"run_time_sec":6.902796030044556},"others":{"observable_string":"1 X 0 X 1 + 1 Z 0 + 1 X 1 X 2 + 1 Z 1 + 1 X 2 X 3 + 1 Z 2 + 1 X 3 X 4 + 1 Z 3 + 1 X 4 X 5 + 1 Z 4 + 1 X 5 X 6 + 1 Z 5 + 1 Z 6","time_evolution_gate_hamiltonian_string":["1 X 0 X 1 + 1 Z 0 + 1 X 1 X 2 + 1 Z 1 + 1 X 2 X 3 + 1 Z 2 + 1 X 3 X 4 + 1 Z 3 + 1 X 4 X 5 + 1 Z 4 + 1 X 5 X 6 + 1 Z 5 + 1 Z 6"]}}