{"config":{"run":"zne","nqubits":7,"state":"dmatrix","output":{"file_name_prefix":"AUTOMATE_ising_noisefree_time_evo_ric3_unifrom_scaling_sample#3","draw":{"status":false,"fig_dpi":100,"type":"png"}},"observable":{"def":"ising","coefficients":{"cn":[0.5,0.5,0.5,0.5,0.5,0.5],"bn":[1.0,1.0,1.0,1.0,1.0,1.0,1.0],"r":1}},"ansatz":{"layer":30,"gateset":1,"ugate":{"type":"ising","coefficients":{"cn":[0.5,0.5,0.5,0.5,0.5,0.5],"bn":[0,0,0,0,0,0,0],"r":0},"time":{"min":0.0,"max":10.0}}},"vqe":{"iteration":1,"optimization":{"status":false,"algorithm":"SLSQP","constraint":true}},"init_param":{"value":[0.3463233138801294,0.34632331388012944,0.3463233138801294,0.3463233138801293,1.2403205490491955,1.38033446895038,3.6939218351946623,3.6939218351946623,3.693921835194662,3.693921835194662,3.9412089126587,3.9412089126587,3.9412089126587007,3.9412089126587007,4.8310999601027795,4.870844593548848,4.900228671797898,4.9002286717978984,4.9002286717978984,4.900228671797898,5.70167657474683,6.21188441483336,6.21188441483336,6.686419232103557,6.723504371727371,7.618130890836856,7.618130890836856,9.420364260644014,9.420364260644014,10.775132222422771,-0.3525750090684208,1.2748976558430758,-0.16146998454247521,1.3224575871686013,0.0349265192498484,0.36138711032415904,-0.5043488106619078,0.7634801084306476,-0.3536814593617201,0.9606809354246906,-1.1143894720984433,-0.45289061390722213,-0.1605333784989486,-1.594210268458609,-0.09465166736510336,0.11132251138190599,1.004235666711761,-0.23115493220428254,0.9451761882751959,-0.3707284170975133,-0.17782948231634454,-0.18433417990028922,-0.06421460341189031,-1.155489001827845,-0.2074908306187579,-0.036360325422879626,0.5283181819327893,0.3603171208434518,0.6819349944270952,-0.2733083993242672,0.7075879191324372,-0.042779623335368125,0.7032435595714176,-0.7363942983542189,0.9583235184546098,-0.5892472427173001,-0.7139877518112785,-0.12446625268371646,-0.439646171766664,0.7129808957109575,0.3373075268097138,0.3345550414369601,-0.38068761370203624,0.07864964370676188,-0.3383553862900091,0.6633419895127639,-0.578720703894673,0.486162302530746,-0.06112668401522289,0.34417654454775265,-0.09182266750822224,0.012215000731405658,0.5658291917160285,-0.16728488191683846,0.3754616489195623,-0.30497315054621493,-0.7559846133933803,0.9474959005813702,-0.5904076686561035,-0.2620011537974264,0.1328515248519479,-0.44066408562446224,-0.7849425610737308,0.44059474279745625,-0.04646983134951628,0.27897770882356554,0.36838349877106535,1.1610009997739648,0.9058411506824863,0.3119955912029684,-0.5265683545543336,1.0661822357546584,0.8560044406571757,0.5004409227892788,0.5192086876555008,-0.0019665558968806392,-0.23949800878404184,0.32563956832297103,0.795323960796817,1.5213873243487468,0.8637563634588281,0.07945031145196896,1.7583315097859118,0.5335864884320034,-0.1366270407456156,-0.9111102828185913,-0.41650979281126865,0.20926691692934202,0.2776061293997892,1.4257231544028384,-0.10754544247245298,1.0035199546983695,1.1162390986419686,1.7211522778091677,-1.4332245925979028,1.4417595659646931,-2.106784537892007,-0.6878309432904478,-0.20360639354575213,0.6373705186717347,0.051333236332203484,-0.35868991955772395,-0.24365907607080922,1.619736185871098,0.5895182658245096,-0.6086170057348131,0.39774539931448055,1.409837948786624,0.17438880158294706,-0.0415548590378924,0.1413623732119859,-0.8192475896231625,0.5823982141653503,-0.8462302367353051,-0.60454163385331,1.8216629921858374,1.2634551976945552,-0.40200420270308274,-1.5954759495917508,-1.7732438129518737]},"noise_profile":{"status":true,"type":"depolarizing","noise_prob":[0.001,0.001,0,0],"noise_on_init_param":{"status":false,"value":0}},"redundant":{"identity_factors":[[0,0,0,0],[1,1,0,0],[2,2,0,0]]},"zne":{"method":"richardson","degree":0,"sampling":"default","data_points":[[4,2,0,0,-6.1514222647937595],[12,6,0,0,-4.906882414400225],[20,10,0,0,-3.911546483229528]]}},"output":{"exact_sol":-8.566772233505624,"zne_values":{"degree":0,"sampling":"default","sampled data":[[4,2,0,0,-6.1514222647937595],[12,6,0,0,-4.906882414400225],[20,10,0,0,-3.911546483229528]],"extrapolated_value":-6.8671436596990905,"others":{"sorted_noise":[6,18,30],"sorted_expectation_vals":[-6.1514222647937595,-4.906882414400225,-3.911546483229528],"beta_coeffiecients":[1.875,-1.25,0.375],"cost_richardson_zne":5.21875}},"run_time_sec":4.076957702636719e-05}}