{"config":{"run":"zne","nqubits":7,"state":"dmatrix","output":{"file_name_prefix":"heisenberg_ansatz_sample#5","draw":{"status":false,"fig_dpi":100,"type":"png"}},"observable":{"def":"ising","coefficients":{"cn":[0.5,0.5,0.5,0.5,0.5,0.5],"bn":[1.0,1.0,1.0,1.0,1.0,1.0,1.0],"r":1}},"ansatz":{"layer":30,"gateset":1,"ugate":{"type":"heisenberg","coefficients":{"cn":[0.5,0.5,0.5,0.5,0.5,0.5],"bn":[0,0,0,0,0,0,0],"r":0},"time":{"min":0.0,"max":10.0}}},"vqe":{"iteration":1,"optimization":{"status":false,"algorithm":"SLSQP","constraint":false}},"init_param":{"value":[-0.4947692924557867,0.07152178045820379,0.8499198167983941,0.6552692738070308,1.31256449748453,2.707455410122738,1.3370056429132955,2.2163079248800126,0.9619158809241628,2.059023424154302,4.037281042659669,4.026809462335438,4.7324416647872125,4.480160844054207,5.402259969355802,5.773600182908809,5.548424107670979,5.234926680881464,5.858943438974638,5.655277774208862,6.132305837020898,6.267217271235812,6.309860479980914,7.849466925587608,6.366335005323069,8.975547190761494,9.525786060502918,9.46502714633128,9.91018226602144,10.254519645357908,4.148673522694231,3.341470945101569,-2.024752085926713,-1.5901205133246643,4.858664688838336,2.5588909090842846,-2.053577070630158,-0.41083015958276353,2.512631076435708,1.9744411756193507,-2.2522287535173007,0.45711701148652106,3.2903684752570155,0.1734822894405026,-1.2781479047364688,-0.41758388027766785,2.911911087259457,2.9939532630308965,0.06586862880912403,-3.3787270328151835,1.2807910988077464,1.032818434856249,-0.12677297763875411,-2.8982396893277746,1.5939887496429517,2.375537421068681,0.6700033975860261,-2.662512253903444,1.1470554658609022,2.777403386716861,0.19656133851392038,-1.1566648331705367,2.4876988648474385,2.483149830445093,1.4729062896275475,0.22665346196546104,0.0766157452389311,1.1072844479814876,1.1206308668218274,1.1978563074015296,-0.3332181457769316,2.5233106794112907,-0.040794569575858045,-1.6446595812772815,-1.0066675452887477,1.6610943131508586,-0.10710878515894401,1.9300462940903904,2.5814169321468,-1.0866449961609475,-0.8986013283068373,0.6605095907444581,0.4835062799501854,-0.7026633523655713,0.7132181098719501,-0.9463071247288213,1.0596156927382043,1.3015488185313435,0.3896762168038527,-1.7371724603435756,-0.6204839167377217,1.6535901493778238,-0.4664766266929762,-1.3443707943137342,-0.08348441535488815,2.053822375760643,0.9737085496394766,0.5906815754822871,0.5142295143107818,1.2398700022952083,0.30404616763638737,-0.5055593589289772,-1.2577934193218643,0.8116705193931231,0.7986350543678488,0.25822380770932485,-0.2826241047050143,0.6927068260187486,-1.4913431523403466,0.1342208592093446,0.8634202335697211,0.13094359695801022,-0.1834388826829083,0.5146423791748901,1.336010840732627,0.9343727458430269,-0.5822810096222363,0.3246151069736648,-0.567747720438842,0.6322701178534662,0.7456285489114766,-1.411070545296183,0.6833442927873851,3.0943049991252503,1.8426660194742321,1.528525457842272,-1.367107180568202,1.2185383968669516,-0.09419586863676414,-0.10263824541523825,0.6162175624868698,1.2371750913375386,1.8130150844141422,1.2110623098356925,-2.5796709732014107,-0.15451460542239379,2.9825967820503343,0.7881562787449184,-2.084338699669482,1.112550526406352,2.108431430625934,2.762182817838427,-1.863645623730703,-0.9893390496840475,-0.34849775113402537,3.2517509099485675,0.06956758038514667,0.11053765571695481,0.9701736494567467,3.0401340485282144]},"noise_profile":{"status":true,"type":"depolarizing","noise_prob":[0.001,0.001,0,0],"noise_on_init_param":{"status":false,"value":0.01}},"redundant":{"identity_factors":[[0,0,0,0],[1,1,0,0],[2,2,0,0]]},"zne":{"method":"richardson","degree":1,"sampling":"default","data_points":[[4,2,0,0,-6.694093018380023],[12,6,0,0,-5.185474114901767],[20,10,0,0,-4.002832250562998]]}},"output":{"exact_sol":-8.566772233505624,"zne_values":{"degree":1,"sampling":"default","sampled data":[[4,2,0,0,-6.694093018380023],[12,6,0,0,-5.185474114901767],[20,10,0,0,-4.002832250562998]],"extrapolated_value":-7.57064385979646,"others":{"sorted_noise":[6,18,30],"sorted_expectation_vals":[-6.694093018380023,-5.185474114901767,-4.002832250562998],"beta_coeffiecients":[1.875,-1.25,0.375],"cost_richardson_zne":5.21875}},"run_time_sec":2.6941299438476562e-05}}