{"Config":{"run":"zne","nqubits":7,"state":"dmatrix","observable":{"def":"ising","coefficients":{"cn":[0.5,0.5,0.5,0.5,0.5,0.5],"bn":[1.0,1.0,1.0,1.0,1.0,1.0,1.0],"r":1}},"output":{"file_name_prefix":"expe1_ideal_unitary_#9","fig_dpi":100},"vqe":{"optimization":{"status":false,"algorithm":"SLSQP","iteration":10,"constraint":false},"ansatz":{"draw":false,"type":"xy","layer":30,"gateset":1,"ugate":{"coefficients":{"cn":[0.5,0.5,0.5,0.5,0.5,0.5],"bn":[0,0,0,0,0,0,0],"r":0},"time":{"min":0.0,"max":10.0}},"noise":{"status":true,"value":[0.0001,0.0001,0,0]},"init_param":[0.9385321554796291,-0.1210178255689221,0.46458425732350467,0.4136755276737253,2.0025443334650324,1.6456609230938728,2.757609937126119,1.8794756009280167,3.3734878350748105,2.64610803495656,3.6887397425651187,3.5935069870827707,2.5745550392884073,4.434506374227934,2.6045689487223926,3.2544644299068843,4.410906321551055,5.722348070008009,5.459694216956208,5.6076561964863,5.343913776299785,5.645822395763499,7.283756512015555,7.271851818812994,8.53842632244421,8.580465192084826,9.060089203816487,9.19685473911329,9.204763134339277,11.533053064338839,1.2885518256358985,0.15093682636053923,1.3983738382644888,0.683650688585194,1.4435316720426117,1.056345445582263,0.8943911379536459,0.9624272103796525,0.03788352215990915,-0.1428528719151291,-0.548334123481211,0.6680637811914861,0.03649227097668192,-1.6218448681427673,-0.5092776296821874,-0.2930003517496874,-0.5462480163080286,0.6519713327356406,0.528264741720266,-0.4035044994955438,0.010701898417364844,-0.1700141152396377,0.7109587915871931,-0.6272925755322407,-0.25811189224591163,1.130669860674963,-0.26184597674739446,-0.10001954090645947,-0.8783462456685118,0.5252008388096108,-1.1112105404188757,-0.19974835829291238,0.1075689545555357,-0.686977381864086,0.2779845423838465,0.15191204127129973,-0.4108519295554841,0.8357016036004192,0.45551896895645333,0.8092951537258367,-0.16358603134164268,-0.9360462901131374,0.1812592549692563,-0.24008372622430638,-0.7305531130794586,1.6785543200002542,-1.1072650713773309,0.5449262116000662,1.3972535143452065,-0.5388504002518603,-0.5302580981337434,-0.33819091700900056,-0.21280084910120833,0.21881594186324946,0.12221039225339031,-1.8436071534156449,0.2211836931195052,0.4956838126873962,-0.3859960464068253,0.5824755547254622,0.0058344360219101865,0.5372839062511345,-1.202114422837371,-1.026150443076867,1.1317411262699248,0.7987290593043541,-0.7803128011694985,-0.08293807407078081,1.2581873351379045,0.90494464514388,0.8845317651214072,-0.12073853384973564,0.1821385836373698,1.5905082495519678,0.6388405246001471,-0.15538768273000853,0.07342020082489993,0.5785101665270956,0.0017686865073122768,-1.1619471971714326,0.6418316280256293,-0.6798367630845158,1.8936770922369823,-1.4258200266870125,-0.6661515473912184,-0.3380555100450388,-1.1914167054845013,0.46209406882694193,0.0166252821327402,-0.05850992116657143,0.25978676998544165,-0.3659567746298143,1.0767363270781762,0.46910082075783144,-0.6180818655876107,0.06315967373134888,0.30440392271693906,0.06314534487699314,0.9162065681615804,-0.19081902974059323,-1.6337394612089287,-0.6711860444911633,-0.3023401569693033,0.025530850966699086,0.17510018611586575,-1.6253062653399444,0.4149617827057272,-1.6753793923072104,-1.2461461667001286,0.0417923149635977,0.4178311268167698,-0.7842894268041635,0.7450496388851686,0.4947174386433314,0.5742392810003831,0.00981219710756955,-0.3528886466967584,1.5519271517028626,0.5035671672600164,-1.5402572188665258]}},"identity_factors":[[0,0,0],[1,0,0],[2,0,0],[3,0,0],[4,0,0],[5,0,0]],"zne":{"method":"linear","degree":1,"sampling":"default","data_points":[[4,1,0,-8.4459088887459],[12,1,0,-8.32342495004205],[20,1,0,-8.202987225880253],[28,1,0,-8.084557440942277],[36,1,0,-7.968098092214959],[44,1,0,-7.853572432556627]]}},"ZNE_values":{"Degree":1,"Sampling":"default","sampled data":[[4,1,0,-8.4459088887459],[12,1,0,-8.32342495004205],[20,1,0,-8.202987225880253],[28,1,0,-8.084557440942277],[36,1,0,-7.968098092214959],[44,1,0,-7.853572432556627]],"Value":-8.501804207485494},"Run_time_sec":0.001519918441772461}