{"Config":{"run":"redundant","nqubits":7,"state":"dmatrix","observable":{"def":"ising","coefficients":{"cn":[0.5,0.5,0.5,0.5,0.5,0.5],"bn":[1.0,1.0,1.0,1.0,1.0,1.0,1.0],"r":1}},"output":{"file_name_prefix":"expe1_ideal_unitary_#5","fig_dpi":100},"vqe":{"optimization":{"status":false,"algorithm":"SLSQP","iteration":10,"constraint":false},"ansatz":{"draw":false,"type":"xy","layer":30,"gateset":1,"ugate":{"coefficients":{"cn":[0.5,0.5,0.5,0.5,0.5,0.5],"bn":[0,0,0,0,0,0,0],"r":0},"time":{"min":0.0,"max":10.0}},"noise":{"status":true,"value":[0.0001,0.0001,0,0]},"init_param":[0.5854820411159546,1.8724132175763073,0.31779873809851716,1.8231056080656673,1.4310838593118083,0.323540914673345,3.396651936560812,3.2513086936099125,4.647049632215521,4.490910298097165,4.776693072649285,5.416108881960969,5.50120065767949,4.923859338012637,6.596363813747617,5.80828010999915,6.490217856867835,6.039143204434966,5.813983812704322,5.945193889507591,6.681770560311217,8.700371751704557,8.674851906625904,9.308492548268122,9.447330241720874,8.873283549030782,9.053441806879587,10.013206911373144,9.476884983535745,10.560572806314338,-0.43141340455551513,-1.0807384525371155,0.14462263596917105,0.32146081506236934,-0.6093835232196487,0.11965240276527167,0.854031724686516,0.40735744250401135,-0.38374568753694455,-0.6709973403987964,0.7550688941621099,-0.32696239546286393,0.09372054734273592,0.07618923974375288,0.99751973219519,0.01885678807852815,-1.0585213869343213,1.4120795312372898,-0.09410178236423658,-0.31252127944460006,-0.3647356099723683,1.3007402604801572,1.1362050686942364,-0.34435560093416434,-0.2471660507455393,-0.31023579671881985,-0.022576680626271606,-0.23936980201631378,0.513522212991669,-0.7869141733694295,-0.3171560948738126,-0.3268338242970904,-0.6271059864008912,0.16024787425741208,0.827185692707961,-0.11370333624879363,-0.5930413745632007,1.6534001592764982,-1.4531023974520683,0.15882941396128689,0.6652806124289915,-0.1865119459431182,-0.9868332277863937,0.597450385405559,1.3841235715992435,-1.5810444259651344,0.13911018678833795,-0.5035971171257128,-0.22481649561974787,0.16418961518334915,0.23830230793433432,-0.18303205245567467,0.5730033171334542,0.9598195146866508,0.811868149536167,-0.02816777851405297,-0.7487867188795776,0.35978233450070257,-0.18689864248992386,-1.3096610789261562,0.9165841186888876,1.0845844434607523,-0.7557858042829059,-0.20543530392601558,-0.2606580301320976,0.40208198387531535,-0.42938329384413304,0.9367708716812604,0.21795101406638348,-0.6321453099509049,0.013566243188051575,0.3551887860132651,-0.24616345894758213,-1.3794927370707013,-1.271234642994531,0.5823046501639244,1.630435413842348,1.1597158767115656,-0.3981324610935919,-0.21025982499325668,0.42454194295286724,-0.036431018658799934,-1.2218756272228237,-0.057105433009200735,-0.6066688675173849,-0.5303120200439575,-0.6760601240910641,-0.7086336468152656,-0.339459533138141,0.9638651673884591,-0.18894901217668778,0.1233626840497181,-0.20522729959083816,0.24607288183425355,-0.15876624833499237,-0.19993291334926322,0.5662251276756488,0.3645504801343145,0.2679468581077253,-0.24190000789076416,0.9815461041636198,0.6906975924703544,0.892598049025533,-0.5481314848051002,-1.2056818879107847,-0.39841527209709643,0.8898871158377765,-0.06707025012590291,0.19944611215249203,-0.8424169387367366,0.5052632915973346,-1.1662398709309791,0.3509270843648645,1.1796167001073736,1.4094199627903843,-0.8587205348092363,-0.8456607447367134,1.252640278456441,0.9859838841464668,0.9318953613390359]}},"identity_factors":[[0,0,0],[1,0,0],[2,0,0],[3,0,0],[4,0,0],[5,0,0]],"zne":{"method":"linear","degree":1,"sampling":"default","data_points":null}},"Symbol_count":25,"Data_points":[[4,1,0,-8.381860520165967],[12,1,0,-8.272001337386662],[20,1,0,-8.163841384643789],[28,1,0,-8.057350582258751],[36,1,0,-7.952499434853925],[44,1,0,-7.849259019237163]],"Run_time_sec":3.201448917388916}