{"Config":{"run":"zne","nqubits":7,"state":"dmatrix","observable":{"def":"ising","coefficients":{"cn":[0.5,0.5,0.5,0.5,0.5,0.5],"bn":[1.0,1.0,1.0,1.0,1.0,1.0,1.0],"r":1}},"output":{"file_name_prefix":"expe1_ideal_unitary_#10","fig_dpi":100},"vqe":{"optimization":{"status":false,"algorithm":"SLSQP","iteration":10,"constraint":false},"ansatz":{"draw":false,"type":"xy","layer":30,"gateset":1,"ugate":{"coefficients":{"cn":[0.5,0.5,0.5,0.5,0.5,0.5],"bn":[0,0,0,0,0,0,0],"r":0},"time":{"min":0.0,"max":10.0}},"noise":{"status":true,"value":[0.0001,0.0001,0,0]},"init_param":[0.5629442028211706,-0.01753338866554069,1.2525036104938052,2.175252493112993,1.5516923785307555,2.246820745779744,2.0809957344809478,2.4304223612224116,1.5101116394871703,3.325447398959919,2.545937555818132,3.956668746649326,3.0683446300656736,5.097661746392621,4.005946026601406,4.884704543930216,5.881961186390338,5.666023038952239,6.586206624981553,6.304531208826947,7.441086888054328,7.517682217317101,8.55221239218351,7.612675111109301,7.6594015232407235,7.3137648025663395,8.978106625383278,8.433940531915523,8.386774833966173,11.87615421992065,-0.17145130823090307,1.052652608909947,0.44423328191938904,1.665091533963479,1.744565276850113,0.7255455955501695,0.279389140222794,-0.46594629172771673,0.4433818176566612,-1.4418651545361918,-1.0102075888512265,0.979382108936386,-0.850328790011302,0.9270623612245359,-1.3903273907939415,1.0909441201109815,-0.017243583996384728,0.2972703504814052,-0.017527259316520525,-1.055467280907961,1.0946690309897515,-0.9678042115241463,-0.13645332370564014,-0.5289573190153407,-0.29169593894418544,-0.4171223940500083,-0.2913450959161561,0.9684693692761795,1.0941256583192354,1.0397161024404165,0.8660642553663586,0.7931709484616719,-1.7336795699550769,-0.37058047933983496,0.11587404606579446,0.5532179349867062,1.6090994491606472,1.0595316774910504,0.6989749172399918,-1.3935914167816357,0.6639578998968038,1.052077445933251,-0.37112250868290214,0.06692868774726675,-0.8706611479730938,1.4115560855816953,-0.24523818228865785,-0.0940209502080677,-0.35716628466064965,-0.011407966146703124,-0.20354528749992484,0.835495786125627,1.281957714845219,0.35437627417791384,-0.3078977888176834,-0.7187410359820476,-0.23115259006504646,0.021362178153082844,-0.1194867717827177,0.6793229570645329,-1.1460688280536775,-0.7522351843627495,-0.30814551299426024,1.185905033830324,0.16428347855520473,0.16280577837224336,0.7817881146069473,-0.7370192433785118,0.8911664262173443,1.1267015714428452,-1.5803188376258717,0.1922697750648241,1.1196153506952242,-0.05252489798088621,1.6198799323350828,-0.44203557680012845,0.09617186679438221,0.6116139934479181,-1.468170174916087,0.16537491105016483,-0.3806826629875071,0.596710233192332,-0.48961915667026906,-0.6382841004934823,0.5890200495544926,0.3602165172919364,-0.4356546291943388,-0.3418486325270919,-0.3519847575788868,1.3110268866122148,0.19103224350451514,0.5346947993224074,0.9387587538182814,-1.095257428361031,0.04569382743140789,0.905715829109987,-0.057151979286249745,-0.5965668891836958,0.592456755869972,0.373679433130507,0.8059218654110968,0.834278221452271,0.4835027092894653,0.5842608885700393,0.20315879573742898,0.46311913019670553,0.6354121963337737,0.19884956540517593,1.314500338905501,-0.11132763036729688,0.9699437965724481,-0.3421847954853345,-0.2486569189764756,-0.650954531250834,0.828434246236529,-0.48371789881494415,-2.2556148062033428,0.5082873888951562,0.21760655557859276,0.5087645135023513]}},"identity_factors":[[0,0,0],[1,0,0],[2,0,0],[3,0,0],[4,0,0],[5,0,0]],"zne":{"method":"linear","degree":1,"sampling":"default","data_points":[[4,1,0,-8.262325502569984],[12,1,0,-8.134429314653099],[20,1,0,-8.008763056201365],[28,1,0,-7.885283898244353],[36,1,0,-7.763949891119066],[44,1,0,-7.644719945533953]]}},"ZNE_values":{"Degree":1,"Sampling":"default","sampled data":[[4,1,0,-8.262325502569984],[12,1,0,-8.134429314653099],[20,1,0,-8.008763056201365],[28,1,0,-7.885283898244353],[36,1,0,-7.763949891119066],[44,1,0,-7.644719945533953]],"Value":-8.320450095897955},"Run_time_sec":0.0}