{"Config":{"run":"redundant","nqubits":7,"state":"dmatrix","observable":{"def":"ising","coefficients":{"cn":[0.5,0.5,0.5,0.5,0.5,0.5],"bn":[1.0,1.0,1.0,1.0,1.0,1.0,1.0],"r":1}},"output":{"file_name_prefix":"expe1_ideal_unitary_#3","fig_dpi":100},"vqe":{"optimization":{"status":false,"algorithm":"SLSQP","iteration":10,"constraint":false},"ansatz":{"draw":false,"type":"xy","layer":30,"gateset":1,"ugate":{"coefficients":{"cn":[0.5,0.5,0.5,0.5,0.5,0.5],"bn":[0,0,0,0,0,0,0],"r":0},"time":{"min":0.0,"max":10.0}},"noise":{"status":true,"value":[0.0001,0.0001,0,0]},"init_param":[2.0213260538839024,2.5864318736529035,2.1222720105931834,3.0259544181843103,2.5124081167701218,1.0191020050080049,2.560143130895264,1.772041091841293,2.8963648979572527,0.7838935887359122,3.9782841392391552,2.4073266690622597,4.128153085017994,3.8032556132813045,4.17443340094186,4.365189095007229,6.182654561893892,8.037445611436624,7.237468493209599,7.6628179933256835,7.792431345060598,8.848364225051029,8.394424381031145,8.680988801689614,8.758941211187151,10.889941889850508,8.895083199974218,10.553174357000307,9.055822905393189,11.144730060228367,1.0993891472787825,0.7697814262534627,-0.9046010645348487,0.5336129563373236,-0.6385803947666276,0.20039118516198348,-2.0153525993321995,-0.8029163425231559,-1.1285595479653407,0.7822577715999995,1.932785049986742,-0.39126779763642894,1.204324448112611,0.13213362386489969,-0.5302029980250015,-0.30516564073864216,0.10608050200975253,1.511283053905146,0.6555751699623736,0.1398495397715076,0.765624067057903,0.11156058214576606,0.4996137460385745,0.2122033908460832,-0.31344384232707534,0.5171342521578077,-1.32459572356915,-0.39800441702918743,-0.06881613559192332,1.3159142158383783,-0.5092942589449225,1.4891776186694468,0.5718839555539044,0.713309354402072,1.738211707115849,-0.11919013630105821,-1.0511839341596048,1.13997312237421,1.4595202159937317,0.02734419668897311,-1.0783198861242616,1.4028954782786618,0.5075075292412404,-0.6663513622523217,-0.7544931816038587,1.5534696501250136,-0.7547418331033721,-0.5295138903225316,0.2564734784074573,-0.005314755837030108,-1.0158034099991273,0.9548311229417165,-0.28961776574514964,-0.41172520621329267,-0.5389937055343532,-0.46362439709801584,-1.4372525789325363,0.9070249331550115,1.2709004297881636,-0.2896348591683508,0.5369898929501064,-0.7678419675696074,1.2526173499365842,-0.5993479210461925,-1.3455007929345189,-0.6121094405504783,0.23970719929100862,-0.9382333357577634,0.32035506981267636,-0.38158259879853645,-0.5260063562191648,0.8134601016779124,-1.623272167427115,-0.356962572112022,0.2317518385713223,-0.7916002849110987,0.6170987436205536,0.16267203241930606,0.010518771014129309,-0.057873407090393604,1.1807966748181697,0.24448057527185346,-0.17293081809234845,0.4194167071338057,0.5902433165866404,0.7108820385492179,-0.9504310285609932,-1.3001595389836882,-0.7799057250029644,0.39694297828360114,1.411140456782362,1.0416699829871094,1.3537180182549835,0.170248486548298,2.0850498126725814,0.18524074571431373,-1.1436731679153629,1.024338510526005,0.900281930926844,0.34341426967746064,0.059081839600855335,0.03700303141702228,1.1762324182389594,0.6186576204490458,-1.1125854559050248,0.22811090711241616,-0.10115062747833707,-0.6100224065901784,-2.002311574176077,-0.3489607737872086,0.30722059310047617,-0.27216989946845427,-1.9244758887357316,-0.29743312355801693,-0.1377077639337023,-0.3432485103218403,-1.2907365252189904,0.2963336707047049,1.4587095230499718,-0.16181815172123457]}},"identity_factors":[[0,0,0],[1,0,0],[2,0,0],[3,0,0],[4,0,0],[5,0,0]],"zne":{"method":"linear","degree":1,"sampling":"default","data_points":null}},"Symbol_count":25,"Data_points":[[4,1,0,-8.063731133625403],[12,1,0,-7.921578402022828],[20,1,0,-7.78221228653888],[28,1,0,-7.645573695690784],[36,1,0,-7.511604854691087],[44,1,0,-7.3802492751346325]],"Run_time_sec":3.270310878753662}