{"config":{"run":"redundant","nqubits":7,"state":"dmatrix","observable":{"def":"ising","coefficients":{"cn":[0.5,0.5,0.5,0.5,0.5,0.5],"bn":[1.0,1.0,1.0,1.0,1.0,1.0,1.0],"r":1}},"output":{"file_name_prefix":"noisefree_time_evo_xyiss_sample#1","draw":{"status":false,"fig_dpi":100,"type":"png"}},"vqe":{"iteration":30,"optimization":{"status":false,"algorithm":"SLSQP","constraint":false},"ansatz":{"type":"xy-iss","layer":30,"gateset":1,"ugate":{"coefficients":{"cn":[0.5,0.5,0.5,0.5,0.5,0.5],"bn":[0,0,0,0,0,0,0],"r":0},"time":{"min":0.0,"max":10.0}},"noise":{"status":true,"value":[0.001,0.001,0,0]},"init_param":[-0.5201790170102578,-0.5999353914870532,0.31143856481536203,0.07263136525819261,1.6275441931956405,1.5279287841939508,2.5028028845981916,2.78076531276569,2.632823706235069,2.4371046641665965,2.296453119277667,2.206198064724942,2.424256214183637,4.875741003249657,4.0922039419197525,4.208851108721869,6.56665764149667,6.584882315461871,7.887733614313882,8.520857891734476,7.752994867640705,8.519359897222976,7.572677136947753,7.831223759040954,7.868218492357507,8.463588254774226,8.132854393311131,8.993311976607442,8.966475211823186,8.637330505871466,0.6050981446565381,-0.019644971874872567,-0.4924898001334261,0.20554420888721173,-0.44044641353392444,-0.9445597300757833,0.9607171192909281,-2.0498174450746127,-0.46422559036933864,-0.864401130029586,0.3547386334906017,-0.9269422989766575,1.171629335920487,1.7707429207195087,0.13233094769179865,0.12275794014490708,1.442517851296992,-0.16372342106380255,1.9843049732839442,0.6853182218418008,2.408355809495989,0.6731969081162829,0.15851765210545007,-0.040601996626381635,2.3145973379732623,0.7597776021790885,0.7200319407644108,1.2985316013899808,0.5406144752007385,0.10065174380624985,0.07009234724829913,-1.2926665918549167,-0.4791136110926853,-1.1520497754223469,0.38512878612227164,0.2711637364481793,-0.3652496919402131,0.6707700147006006,-0.29185884958783925,1.2172862810213343,0.3045039985420352,-0.9039810936638697,-0.015988431948846915,0.8685247243541432,-0.05494070369283826,-0.4171702107667914,-0.05935834417610397,-0.45367959933828284,-0.9758925223547043,0.5141071781633495,1.8924960845399315,-1.0377471615727412,2.4283997436390097,-1.4716183502291442,-0.02695894896909601,-1.5363337935379824,0.581955724248639,0.019278001434802232,1.2741317275760622,0.4843351278559978,0.2891763258216661,-0.18212149776100006,0.04582267078692305,-0.08122140824166257,0.9746054644698254,-0.0021128441384667463,0.314906778023847,-1.4543058813351262,-0.34720982287345065,0.5149958413004186,-1.5434067686352964,0.05380440751931629,-0.32144275451052584,0.6671625515516832,-0.21154340530616972,0.4749671762632371,1.550310887735753,1.9947379730211658,-0.5128132155564815,1.0598395497450315,-0.0040892304372731406,0.7419954405395454,1.6060193089012154,-0.29812344608681507,0.615445539032241,1.7180638543969198,-0.5126149126172762,1.7281834230160824,-0.25670184139723534,0.11783961176019866,0.07535602657827191,-0.22204573806996317,-1.077853814315003,0.5115155525703999,-0.8746948375826851,0.5420922822676862,1.2837594258836946,0.37216340127033637,0.19869464726429656,-0.08031674667430831,0.4341262496871889,0.4381778411631315,-0.09202064047977498,0.19199742474842268,1.2863062120020632,0.7538520956913533,-0.7236322198465174,0.8976446831789472,0.7590673428806414,0.9392340172600234,-0.27629530503757654,1.2160005976739776,0.8601032441589638,0.09783289193327914,0.8990954313308516,-0.2783696460575544,0.1875655803620853,1.451058197978519,-0.22613004675143356,0.42339907703795926]}},"identity_factors":[[0,0,0,0],[1,0,0,1]],"zne":{"method":"richardson","degree":1,"sampling":"default-2","data_points":null}},"output":{"data_points":[[4,1,0,1,-7.533542004383179],[12,1,0,3,-6.11876034423692]],"run_time_sec":3.2895045280456543},"others":{"observable_string":"1 X 0 X 1 + 1 Z 0 + 1 X 1 X 2 + 1 Z 1 + 1 X 2 X 3 + 1 Z 2 + 1 X 3 X 4 + 1 Z 3 + 1 X 4 X 5 + 1 Z 4 + 1 X 5 X 6 + 1 Z 5 + 1 Z 6","time_evolution_gate_hamiltonian_string":["0.5 X 0 X 1 + 0.5 Z 0 Z 1 + 0.5 X 1 X 2 + 0.5 Z 1 Z 2 + 0.5 X 2 X 3 + 0.5 Z 2 Z 3 + 0.5 X 3 X 4 + 0.5 Z 3 Z 4 + 0.5 X 4 X 5 + 0.5 Z 4 Z 5 + 0.5 X 5 X 6 + 0.5 Z 5 Z 6"]}}