{"config":{"run":"redundant","nqubits":7,"state":"dmatrix","observable":{"def":"ising","coefficients":{"cn":[0.5,0.5,0.5,0.5,0.5,0.5],"bn":[1.0,1.0,1.0,1.0,1.0,1.0,1.0],"r":1}},"output":{"file_name_prefix":"noisefree_time_evo_xyiss_sample#8","draw":{"status":false,"fig_dpi":100,"type":"png"}},"vqe":{"iteration":30,"optimization":{"status":false,"algorithm":"SLSQP","constraint":false},"ansatz":{"type":"xy-iss","layer":30,"gateset":1,"ugate":{"coefficients":{"cn":[0.5,0.5,0.5,0.5,0.5,0.5],"bn":[0,0,0,0,0,0,0],"r":0},"time":{"min":0.0,"max":10.0}},"noise":{"status":true,"value":[0.001,0.001,0,0]},"init_param":[1.0270419952459382,1.1395591732981591,1.7948380875146177,0.9310803575994836,2.8367638487378373,2.864469746269627,4.096261370772916,4.121457547034403,3.811996361124344,4.643350192870802,5.292685478988395,4.88714987886047,5.54323142496386,5.134469192974798,5.198959913066513,6.127650309108444,6.108440154837626,8.294573542832556,7.187115541673718,8.532701386775184,8.442471315793885,8.522087971918365,8.777433615732944,9.297229650186724,9.134925770901981,9.191983123666445,9.438532656345219,9.346998545960583,10.249655054360085,9.93191726239687,0.0015736239694304588,-1.0302603225150182,-0.41241284887262614,-1.3434089012870176,0.28887611730216806,-1.6532456496462238,0.42986229643360535,-1.0254365836979058,-0.05255267703320646,-0.31428910597945847,-0.009314545334838147,0.1239716755211554,-0.0034900009716269907,0.2403140065121122,-0.05538501917341776,1.1964260626541678,0.894677194055962,0.11149380512856555,0.02214644668472359,0.34507216391351914,-0.2947298965024804,0.7573296106707196,-0.1496022296675407,-0.0984650096654774,-0.25334844298038545,-0.4798576263872324,0.667718650592847,1.6011014386290443,0.3613415696664609,-0.6053330811855506,-0.10638863559178267,-1.6901952012268393,-0.15001806408054197,-0.8624806673766395,0.2741379198309571,-0.20250126902021265,0.21581297488085124,2.001402867829222,-0.3829417636652012,-0.2648637237475231,-1.9454760670788043,-0.19347555270968417,-0.25164825203035146,-1.1481182377617933,1.8927534763173544,-0.5683647797753367,0.8683925259762263,0.9847068157175303,-0.041719680792441004,0.2920330072942378,-0.29194771821396487,0.12108671985810282,0.9773503692232621,-0.07865023107249902,-0.6242700166932276,0.061066555730430974,-0.4674152405693755,-0.2223523208024935,0.8152764363688424,1.2045610112621687,1.040224828971541,0.10698721232467301,0.1627260754729137,0.4918907577580831,-0.8947697614715073,-0.395644587996774,-0.7690023974476581,0.09152708055626327,0.5017212654590013,0.9485178669133539,-0.5250413687247559,1.192542102445847,1.5697301735890126,-0.4242893586592257,-0.43345860247795687,-0.13049163091248595,0.8979510893002219,-0.26616110392177383,-0.20150326156631687,-0.8470988214036788,-0.4917488228982217,-1.3281454798150132,-0.04353391293332023,-0.08019964149038611,0.2425669807938058,-1.278975180757922,0.19157925500656614,0.304754453859441,-0.46897303273661456,0.2557557854819105,-0.5224538446589064,0.98835440159096,0.44395537927881124,0.787864675826025,0.8934369061327706,0.7795781977296918,-0.779473420343033,-0.4233791800648779,0.4951261699413791,-0.25268609203648307,-0.84038723437089,0.5628234816526936,-0.5623868119584585,0.904016985562459,-0.5391337177604542,-0.2905547459562551,-0.04948062771182701,1.5711334701137665,1.0359852218141956,-0.07488812358322199,0.9378345837496702,-0.22886989224171805,1.6553997554830548,0.03571995593280151,-0.9674942482448304,-0.2529212722747125,-0.1776047349106441,-0.2722158201058568,0.5123180936107217,-0.217266517528952]}},"identity_factors":[[0,0,0,0],[1,0,0,1]],"zne":{"method":"richardson","degree":1,"sampling":"default-2","data_points":null}},"output":{"data_points":[[4,1,0,1,-7.53956968502755],[12,1,0,3,-6.031893027746429]],"run_time_sec":3.5801310539245605},"others":{"observable_string":"1 X 0 X 1 + 1 Z 0 + 1 X 1 X 2 + 1 Z 1 + 1 X 2 X 3 + 1 Z 2 + 1 X 3 X 4 + 1 Z 3 + 1 X 4 X 5 + 1 Z 4 + 1 X 5 X 6 + 1 Z 5 + 1 Z 6","time_evolution_gate_hamiltonian_string":["0.5 X 0 X 1 + 0.5 Z 0 Z 1 + 0.5 X 1 X 2 + 0.5 Z 1 Z 2 + 0.5 X 2 X 3 + 0.5 Z 2 Z 3 + 0.5 X 3 X 4 + 0.5 Z 3 Z 4 + 0.5 X 4 X 5 + 0.5 Z 4 Z 5 + 0.5 X 5 X 6 + 0.5 Z 5 Z 6"]}}