{"config":{"run":"redundant","nqubits":7,"state":"dmatrix","observable":{"def":"ising","coefficients":{"cn":[0.5,0.5,0.5,0.5,0.5,0.5],"bn":[1.0,1.0,1.0,1.0,1.0,1.0,1.0],"r":1}},"output":{"file_name_prefix":"noisefree_time_evo_xyiss_sample#5","draw":{"status":false,"fig_dpi":100,"type":"png"}},"vqe":{"iteration":30,"optimization":{"status":false,"algorithm":"SLSQP","constraint":false},"ansatz":{"type":"xy-iss","layer":30,"gateset":1,"ugate":{"coefficients":{"cn":[0.5,0.5,0.5,0.5,0.5,0.5],"bn":[0,0,0,0,0,0,0],"r":0},"time":{"min":0.0,"max":10.0}},"noise":{"status":true,"value":[0.001,0.001,0,0]},"init_param":[0.7455931988025232,0.23161860327719236,1.9172110267996736,1.888734384508377,3.780924032387212,2.7323721688518328,3.7437171662594095,3.8712077738328006,2.9214280222819093,4.218114968704778,5.07138434296683,4.5427657223392135,5.465591731860346,4.585803150713832,5.5236054835151895,4.435623062493808,5.890829441966379,5.969893129185704,5.9202301980387215,6.685673816407853,6.459150957023164,7.145910697056564,6.7254325055103665,7.867639730227652,7.617033844114906,9.41283200272917,8.172735330825454,9.736633249492547,9.152929719296447,9.835799512531233,0.3990768586336526,-0.4619071295973112,0.23767352437934536,-0.5241284884372251,0.02942323520884194,0.5569505392083501,-0.8052403338758014,0.7263539498143076,-0.6245116363497505,-0.09868172989602214,-0.30426271112599035,0.39079938624496047,-2.2244229022588695,0.8188643331735828,-0.3547966540516136,-0.042316514192297004,-0.6257604884933515,0.5655421712604874,0.9978997195455009,-1.218079647773215,0.10505935157478956,1.0353219186349523,-0.7199835063300571,-0.3583303140575821,-1.100295917208405,-0.5270334363679205,-0.4414538579110815,0.3280265648089176,-0.004444404727235413,0.2806799300895417,0.8745447684549488,0.6091369093669023,-0.015401190934460048,-0.8086426070424245,-0.31705818783886214,-0.42970694870456394,0.7405486793156034,-1.3406503566181722,0.5715521136341324,-0.4741014359257193,-0.7572231920322733,-0.5973891127614224,0.048564687907575836,-0.1517391224438318,1.411673698737959,0.40800700577515125,-0.03218767850290984,1.196777805271751,0.25197977891718915,0.6503440349886286,0.7482718530487104,0.4064735537462859,0.5016591416904497,0.34854649419977024,0.9832706052811495,-0.28244799681874966,0.25572878001974164,-0.010703454525151737,0.35853820131834496,0.49340505212331237,0.47798211951777414,-0.4090813627760231,-1.6749684507633529,0.07015161137738167,-0.8127570831716939,-0.26801122771714136,-0.8191096140656855,-0.22870425724265175,0.20562967352381717,-1.1835785535803491,0.4391435100404447,-0.9015204553152576,-0.3060619346693027,1.0876975916289306,-0.02530330355801077,-0.6017080608756811,-0.6750805446143454,0.3708430190795074,0.129294346004588,-0.26937122898610255,0.8310745845915319,-1.0605867358870602,0.9378801785225624,-0.11878518738727001,-0.146730376765676,1.2063586999860139,0.4374333317603038,-0.02172936210839313,-1.5239649475814765,0.4309206850719575,1.2128268455967834,0.16897177408941444,1.1179162328196022,-0.3160510802062741,-0.4850360114442428,-0.33005847501064617,-0.5841252717721531,-0.2614762946001896,0.20970540875502777,0.3635015165186312,0.7057034510008107,0.7782569389600703,0.22368371053124264,-0.3674399564031298,-0.6977883296922582,0.5378861151454476,0.7153505672572076,0.24156227995757346,0.28786333813436027,0.811419130836084,-1.0940667290515769,1.1246154594018567,0.3919311967264851,-0.45588862291809,-1.3935211800981149,-0.0908429069406105,-1.1914919941243993,-0.7595462553982243,0.9621516408415017,-0.20104734170334349]}},"identity_factors":[[0,0,0,0],[1,0,0,1]],"zne":{"method":"richardson","degree":1,"sampling":"default-2","data_points":null}},"output":{"data_points":[[4,1,0,1,-7.247565835957802],[12,1,0,3,-5.672121527593176]],"run_time_sec":3.047957420349121},"others":{"observable_string":"1 X 0 X 1 + 1 Z 0 + 1 X 1 X 2 + 1 Z 1 + 1 X 2 X 3 + 1 Z 2 + 1 X 3 X 4 + 1 Z 3 + 1 X 4 X 5 + 1 Z 4 + 1 X 5 X 6 + 1 Z 5 + 1 Z 6","time_evolution_gate_hamiltonian_string":["0.5 X 0 X 1 + 0.5 Z 0 Z 1 + 0.5 X 1 X 2 + 0.5 Z 1 Z 2 + 0.5 X 2 X 3 + 0.5 Z 2 Z 3 + 0.5 X 3 X 4 + 0.5 Z 3 Z 4 + 0.5 X 4 X 5 + 0.5 Z 4 Z 5 + 0.5 X 5 X 6 + 0.5 Z 5 Z 6"]}}