{"config":{"run":"redundant","nqubits":7,"state":"dmatrix","output":{"file_name_prefix":"AUTOMATE_heisenberg_noisefree_time_evo_sample#10","draw":{"status":false,"fig_dpi":100,"type":"png"}},"observable":{"def":"ising","coefficients":{"cn":[0.5,0.5,0.5,0.5,0.5,0.5],"bn":[1.0,1.0,1.0,1.0,1.0,1.0,1.0],"r":1}},"ansatz":{"layer":30,"gateset":1,"ugate":{"type":"heisenberg","coefficients":{"cn":[0.5,0.5,0.5,0.5,0.5,0.5],"bn":[0,0,0,0,0,0,0],"r":0},"time":{"min":0.0,"max":10.0}}},"vqe":{"iteration":10,"optimization":{"status":false,"algorithm":"SLSQP","constraint":true}},"init_param":{"value":[0.11853625011402234,0.11853625011402236,1.1173235551611367,1.7342580765110573,1.7342580765110573,2.108144483620023,3.054129947242328,3.054129947242328,3.054129947242328,3.056306360633301,4.638414750363569,5.0621851887275495,5.7503913724004905,5.774998407238176,6.917933224474368,6.917933224474368,8.061549209526286,8.061549209526286,8.061549209526286,8.591251503132888,8.591251503132888,9.051235537435975,9.081856762230144,9.467876152039107,9.545932016874406,9.591419209848118,10.465616352275608,10.465616352275608,10.465735173309618,10.980942228105905,2.0734674059611633,0.32892201175743896,-0.007356440825095051,0.7856576253246221,2.089457548986907,0.7744884921126718,-0.35049309306395837,-0.6556831494452968,2.0369525201874903,0.4739652080570001,-0.8564345639983049,1.25716179603495,1.7181260437331554,2.3978160665502384,1.1152024575020885,-1.3335737674295711,0.016650799076572978,1.6607129762234538,0.648059834763191,0.2438725527060928,-0.27307896000752346,1.4369017198677916,3.5672448343800007,-0.5379702113035718,-0.7420664562717484,-0.529699891930992,0.7301471483152846,0.781913925757813,0.6004078048346045,1.7324865479818374,0.4548236607944829,-1.4419813608219112,-0.684662976785234,0.8455512814500156,1.97751114408285,-0.833202517811791,1.110524460863052,2.6403320691876733,-0.3129427957408566,-0.06674204626492235,0.5842857778318762,-0.21132485649138796,-0.011842019288790376,-0.25743970610802486,0.7486616881233721,-0.1302029141156864,0.09497091477412227,-0.3715265429351211,0.39570077921274605,0.28643868832003017,0.7848413456471106,-0.7157146817058562,0.09411764456438232,-0.10910076647953601,1.1262761892344808,-0.27334997823872975,-0.44027652197942063,0.6740415100156434,-0.336256645457715,0.4268157265313067,-0.8611696251566416,-0.34560928156726306,0.5618074077714486,0.5866360379174992,1.8662876827821717,2.21592310898005,1.972223656383108,1.6141187926643297,0.856255815565121,-0.34275929095614754,-1.0642528745182613,-1.0618686751734654,0.2379582550153795,-0.6501770361983872,-0.19408645485522444,1.501330829125914,1.5726602727591479,0.7066066097903853,-1.4580936665368467,0.46940440748349077,-0.1287015677341077,-0.9805925033056946,-0.3754741669636888,-0.026817919501009202,1.1067346586651607,0.17547923725022047,0.8902143171896091,-0.22777698610446503,0.8082253583749343,-1.0674083601412958,-0.022706971436593337,0.34227899244110566,1.3527736523760083,2.0767841716125894,0.5778568145668401,-0.6555502504392442,1.2670274746873995,0.507694022232518,-0.2629991187543805,1.7048253080726326,1.4088065522309612,2.823918413203317,1.2763232744235296,-1.4348344213353486,-0.605496445996402,0.09645158262695042,0.024639736182597342,0.23997550724405606,0.9979895378690888,-0.40612123795993227,1.826790650755685,0.029599395583551916,-0.4592861834683686,0.0328358806035505,1.3612120706287358,0.8210402794880411,0.05688164146575431,0.03152531580318861,2.0316547976974904,2.795039607579165]},"noise_profile":{"status":true,"type":"depolarizing","noise_prob":[0.001,0.001,0,0],"noise_on_init_param":{"status":false,"value":0}},"redundant":{"identity_factors":[[0,0,0,0],[1,1,0,0]]},"zne":{"method":"richardson","degree":1,"sampling":"default","data_points":null}},"output":{"data_points":[[4,2,0,0,-6.28130195722698],[12,6,0,0,-4.778373581659957]],"noise_details":[{"identity_factors":[0,0,0,0],"noise_level":[4,2,0,0],"gates_num":[4,1,1,0],"noise_profile":{"status":true,"type":"depolarizing","noise_prob":[0.001,0.001,0,0],"noise_on_init_param":{"status":false,"value":0}},"odd_wires":4},{"identity_factors":[1,1,0,0],"noise_level":[12,6,0,0],"gates_num":[12,3,1,0],"noise_profile":{"status":true,"type":"depolarizing","noise_prob":[0.001,0.001,0,0],"noise_on_init_param":{"status":false,"value":0}},"odd_wires":4}],"run_time_sec":4.902389287948608},"others":{"observable_string":"1 X 0 X 1 + 1 Z 0 + 1 X 1 X 2 + 1 Z 1 + 1 X 2 X 3 + 1 Z 2 + 1 X 3 X 4 + 1 Z 3 + 1 X 4 X 5 + 1 Z 4 + 1 X 5 X 6 + 1 Z 5 + 1 Z 6","time_evolution_gate_hamiltonian_string":["0.5 X 0 X 1 + 0.5 Y 0 Y 1 + 0.5 Z 0 Z 1 + 0.5 X 1 X 2 + 0.5 Y 1 Y 2 + 0.5 Z 1 Z 2 + 0.5 X 2 X 3 + 0.5 Y 2 Y 3 + 0.5 Z 2 Z 3 + 0.5 X 3 X 4 + 0.5 Y 3 Y 4 + 0.5 Z 3 Z 4 + 0.5 X 4 X 5 + 0.5 Y 4 Y 5 + 0.5 Z 4 Z 5 + 0.5 X 5 X 6 + 0.5 Y 5 Y 6 + 0.5 Z 5 Z 6"]}}