{"config":{"run":"redundant","nqubits":7,"state":"dmatrix","output":{"file_name_prefix":"xy_ansatz_sample#7","draw":{"status":false,"fig_dpi":100,"type":"png"}},"observable":{"def":"ising","coefficients":{"cn":[0.5,0.5,0.5,0.5,0.5,0.5],"bn":[1.0,1.0,1.0,1.0,1.0,1.0,1.0],"r":1}},"ansatz":{"layer":30,"gateset":1,"ugate":{"type":"xy-iss","coefficients":{"cn":[0.5,0.5,0.5,0.5,0.5,0.5],"bn":[0,0,0,0,0,0,0],"r":0},"time":{"min":0.0,"max":10.0}}},"vqe":{"iteration":1,"optimization":{"status":false,"algorithm":"SLSQP","constraint":false}},"init_param":{"value":[0.9727023428946301,1.9660177718805583,1.8313444075307443,1.420292777983222,1.874498040545634,2.0574864391366816,2.594937808339717,2.035514991276542,3.7404818114818594,3.216819768993853,3.7806995416781164,5.1685442132182065,4.310784180106292,5.276129600422082,5.797941450267539,5.4252099179518245,6.539390138115852,5.668303177083796,6.592435666555358,5.425512936780901,6.68526154816554,5.735348242309596,6.83999397459281,7.505714603863932,7.3727664026219255,8.071004298890925,8.290172491314028,8.745014459849404,7.801756894597067,9.452477955694459,0.2379270475767527,0.8483973016702437,0.6855182939795846,-1.2925352548445919,0.4452975939217607,1.2583317710801034,-0.22835224047233185,0.483918084316195,0.40933178518174956,0.15268631675798663,-0.12938647443006732,-0.21498640150888287,0.28736476811385014,-1.1987540758671609,0.2040413638912551,-0.07482054595391813,-0.8810305073045492,-0.5328357600545761,-0.010960512409822905,-0.7990814794924569,0.7410554669842472,0.7429262685546888,0.4463732528075889,0.22501799705530676,-0.5396975489104026,-0.04434677426367503,-0.48086654976749993,0.2465725431812196,0.17254865358792082,0.17684113010992017,0.2580560410641645,0.253516172342505,0.3230744795195266,0.663037126581289,-1.4426196497033954,-0.5766845912356028,0.42143960898509314,0.3727643122430872,0.3318810687516444,0.4593868246541314,-0.31859850042695437,-0.11728572231464797,1.0635671521290977,1.0569452919585678,0.7138211634499316,0.9423983358958967,0.3629667964032488,1.4166303091524703,0.22869291820833448,-0.28978774827673026,-0.14018415453701286,0.1698378078127004,-0.07359423815785734,0.1131051957280961,1.1333515058955075,-0.3274147613003122,-0.6006255070229306,0.8437528844773872,-0.34772026190841965,-1.0760174294038432,-0.3847596818573671,0.16134910214585102,0.11970800566033978,0.8564082051486056,0.36802481385687713,0.20454763414365812,0.03979672461519584,0.7599776371517639,1.3571740177567426,0.5914755275451721,1.1670030684433033,0.3304123067336595,1.988396664086328,0.2788117890510548,-0.7167739066302341,0.21458215103540168,-1.4467420658369463,-0.9791571654284361,0.8147735015290903,0.27938038995587366,0.8669364113607436,-0.47156815464352164,-0.8277132446615231,0.1212904730959172,-0.32005481939999986,-0.2392671167051345,1.4528437926104099,0.6111415757889941,1.9622407056954716,1.2612431926355885,0.20413708725499607,0.7676156423763855,0.8964447487119124,0.3848632834260978,0.2365446277215678,-0.19527164872589245,0.01642460158388713,-0.02941809079273534,0.1954732187033943,0.17494252117453016,-0.7456901019442055,-0.2379312471596631,-0.2532105908719238,0.09154814869082703,-0.7772801852176923,0.5723515237870557,-0.6542248084781186,-0.5309729376776361,0.2144818996788164,0.3001639629095429,0.6898065688228103,-0.38898214038285495,0.6781986644995419,0.7610424607144247,0.6381025185611449,0.2322558334658152,-0.7343228190653952,0.10141532115249449,-1.2540022791869545,0.02984549438183685]},"noise_profile":{"status":true,"type":"depolarizing","noise_prob":[0.001,0.001,0,0],"noise_on_init_param":{"status":false,"value":0.01}},"redundant":{"identity_factors":[[0,0,0,0],[1,1,0,0]]},"zne":{"method":"richardson","degree":1,"sampling":"default","data_points":null}},"output":{"data_points":[[4,2,0,0,-7.285714220122888],[12,6,0,0,-5.788725483439066]],"noise_details":[{"identity_factors":[0,0,0,0],"noise_level":[4,2,0,0],"gates_num":[4,1,1,0],"noise_profile":{"status":true,"type":"depolarizing","noise_prob":[0.001,0.001,0,0],"noise_on_init_param":{"status":false,"value":0.01}},"odd_wires":4},{"identity_factors":[1,1,0,0],"noise_level":[12,6,0,0],"gates_num":[12,3,1,0],"noise_profile":{"status":true,"type":"depolarizing","noise_prob":[0.001,0.001,0,0],"noise_on_init_param":{"status":false,"value":0.01}},"odd_wires":4}],"run_time_sec":3.7071592807769775},"others":{"observable_string":"1 X 0 X 1 + 1 Z 0 + 1 X 1 X 2 + 1 Z 1 + 1 X 2 X 3 + 1 Z 2 + 1 X 3 X 4 + 1 Z 3 + 1 X 4 X 5 + 1 Z 4 + 1 X 5 X 6 + 1 Z 5 + 1 Z 6","time_evolution_gate_hamiltonian_string":["0.5 X 0 X 1 + 0.5 Z 0 Z 1 + 0.5 X 1 X 2 + 0.5 Z 1 Z 2 + 0.5 X 2 X 3 + 0.5 Z 2 Z 3 + 0.5 X 3 X 4 + 0.5 Z 3 Z 4 + 0.5 X 4 X 5 + 0.5 Z 4 Z 5 + 0.5 X 5 X 6 + 0.5 Z 5 Z 6"]}}