{"config":{"run":"zne","nqubits":7,"state":"dmatrix","output":{"file_name_prefix":"xy_ansatz_sample#10","draw":{"status":false,"fig_dpi":100,"type":"png"}},"observable":{"def":"ising","coefficients":{"cn":[0.5,0.5,0.5,0.5,0.5,0.5],"bn":[1.0,1.0,1.0,1.0,1.0,1.0,1.0],"r":1}},"ansatz":{"layer":30,"gateset":1,"ugate":{"type":"xy-iss","coefficients":{"cn":[0.5,0.5,0.5,0.5,0.5,0.5],"bn":[0,0,0,0,0,0,0],"r":0},"time":{"min":0.0,"max":10.0}}},"vqe":{"iteration":1,"optimization":{"status":false,"algorithm":"SLSQP","constraint":false}},"init_param":{"value":[0.6741183387774187,0.9162420911885426,0.26754716187959465,1.2453674105146122,1.8038428403680467,1.6757391108682365,2.8418808400474185,2.806908655781539,3.625043081707037,3.5029159752552292,4.277497463503131,4.291435625093753,4.546170128568146,3.8199206970270367,5.812882818251995,5.4734961060917895,6.054211377647007,7.159003765892488,6.855049900198936,7.956632053413532,7.566107778848569,8.879393521085087,8.637823781516902,8.289459658294247,8.467726540006979,9.401438030196523,9.400662976840312,9.245214817422987,9.511532364571154,9.53029868416619,0.16975004874828506,1.1960502448253032,0.7764187857717074,0.12486646751233506,0.27048592990363435,0.23832500802035764,0.6704560247409678,-1.119270932621779,0.3389577239370812,-0.21665441512621839,0.23373116526812732,-0.06847978702548689,0.18320055172205799,-1.0658700732303807,0.1802745873406888,0.745221958243705,0.6983390728999846,0.5350923819091608,-0.541509911256489,1.2757597932663218,0.20335974647659294,1.3589283981240863,-0.6064705690322865,-0.6805562202370705,-1.1313232895823304,-0.04425071303703653,-0.04598238836686664,-0.12862527406237925,0.6379092568559949,-0.05222189947496185,-0.7695801814324621,-0.1573711043878184,0.12767398996010929,1.483163881277662,-0.3818532157321564,0.6739800099636956,-0.2961662448104712,-0.4707538033432297,0.3479342748450569,0.11461361859120449,-0.09257439755489533,-1.0316718498051003,0.9332894108206007,-1.218336629674145,0.4903308925918511,0.5724542191065496,-0.2210777431820255,-0.42679152800532416,-0.6274431167787193,0.434489031030733,1.1771859691405815,-0.25127417332390434,0.6289631644765531,0.5347510964356702,-1.2181431427520453,1.344190932545329,0.16692467629634947,-0.25071246662102475,1.0532559147788585,-0.48825534197754067,-0.0579490735869614,0.3393762292810933,-0.12883735047986827,-0.5737922494164447,-0.9213099756260967,-1.000961239224792,0.44817124738014624,0.8781297300250769,-0.0742885356313053,0.37650468438926604,-0.32825869251030887,0.39464871430125237,0.6145609708092588,0.3185849632822679,-0.1729502168460628,0.22693748107505424,0.0581938911309799,-0.6828340046654678,-1.6066980341160304,-0.07670957009107537,0.7663334201573974,0.25036272669862175,-0.5572747111423546,-0.5659532502713269,-0.1582963109813923,-0.13848493211247645,0.6661553395069277,0.17366595433509255,1.4483643142298719,0.9711106245088731,-0.1182911942510922,0.042027496794612366,0.7460799018549722,-0.18434462434375845,-0.495898977923259,0.2437855114611236,-0.6039598469780928,0.5544248911366397,-0.5850071162411692,0.30060210174994545,1.8114156111267916,0.7437278683209495,1.0391773263541153,0.5692210779488012,0.7619040158829025,-0.0990673543791535,0.28017600232823053,-1.3742083815527073,-0.15339347884345927,-0.09856528413919834,-0.012308124341042405,-0.13838480544618148,0.3762430298327896,0.7809760330314238,-1.179514893616767,1.0481098989546487,-0.7814464134075413,-0.058574066185128226,1.0840651804785595,0.10042554354028306]},"noise_profile":{"status":true,"type":"depolarizing","noise_prob":[0.001,0.001,0,0],"noise_on_init_param":{"status":false,"value":0.01}},"redundant":{"identity_factors":[[0,0,0,0],[1,1,0,0]]},"zne":{"method":"richardson","degree":1,"sampling":"default","data_points":[[4,2,0,0,-7.558846403484065],[12,6,0,0,-6.166203538147347]]}},"output":{"exact_sol":-8.566772233505624,"zne_values":{"degree":1,"sampling":"default","sampled data":[[4,2,0,0,-7.558846403484065],[12,6,0,0,-6.166203538147347]],"extrapolated_value":-8.255167836152424,"others":{"sorted_noise":[6,18],"sorted_expectation_vals":[-7.558846403484065,-6.166203538147347],"beta_coeffiecients":[1.5,-0.5],"cost_richardson_zne":2.5}},"run_time_sec":2.7894973754882812e-05}}