{"config":{"run":"redundant","nqubits":7,"state":"dmatrix","output":{"file_name_prefix":"xy_ansatz_sample#4","draw":{"status":false,"fig_dpi":100,"type":"png"}},"observable":{"def":"ising","coefficients":{"cn":[0.5,0.5,0.5,0.5,0.5,0.5],"bn":[1.0,1.0,1.0,1.0,1.0,1.0,1.0],"r":1}},"ansatz":{"layer":30,"gateset":1,"ugate":{"type":"xy-iss","coefficients":{"cn":[0.5,0.5,0.5,0.5,0.5,0.5],"bn":[0,0,0,0,0,0,0],"r":0},"time":{"min":0.0,"max":10.0}}},"vqe":{"iteration":1,"optimization":{"status":false,"algorithm":"SLSQP","constraint":false}},"init_param":{"value":[0.8273478458067673,2.393226725003359,-0.16579525546377732,1.0312219701746441,-0.09695142727639817,0.8532201262654858,2.0855104291829853,1.159372287031498,2.7124590752243316,2.6511005446714697,4.080680648459238,4.064061000391652,4.2615175001100765,4.038746652394146,5.869151901939629,5.328862125214569,5.304379703973598,6.854075076727231,6.838502936472165,8.008056665742801,7.558342664756031,8.746863291764456,7.965119152059923,8.719896960222698,8.008357801960244,9.063712118360739,7.700680377324352,9.192369047776058,8.291102269059362,8.25795927161431,0.3237593134217522,-0.5296701320834174,-1.3214769408080342,0.46125631210123574,-0.2633484098730288,-0.7445497418315082,-0.11051347825645505,-0.13546242895242752,-0.7060342361134496,0.1491291005559192,0.3368429201397918,-0.03968363901270166,-1.3121717198308545,-0.6106314015121813,1.2526435002118967,0.3271433555859479,0.6131778796794748,0.9428626604939311,-0.1984867409003067,1.919939582698495,0.8089746153746232,0.425737895625827,0.588015561779977,0.13518600001504405,1.0090988595525006,1.577618509624225,-0.20569315888248604,-0.10434180016382293,0.7225801658225942,0.41149651822564337,-0.27034308139103796,-0.12892618935282768,0.454129035023641,-0.10087686758476022,-0.5838648291281578,-0.7595458592535891,-0.05572479403783676,-0.35880015959824685,0.3944064784133417,0.233656014111671,-1.6817887802683908,1.0275165864790141,-0.8545857237381019,-0.05295324120629784,-0.827316779947917,0.7531609518434145,0.3927347929014745,-0.46106966128817,-0.4358637751413583,-0.8762119727364237,-1.193629188498416,-0.20692826356854646,0.17642422563146745,-0.4514462260357739,0.2294293509106261,0.6105658926075198,0.00644370862463302,0.9319340462702389,-0.8157921565346725,-1.7540105962889407,1.6275409685823603,0.6777024645851583,0.850076986502843,0.8947087506118331,-0.6597041139637335,0.9923319749379025,0.48838865309962154,-0.4524741401477832,-0.5011484714947794,0.18389700930933423,-0.13374035552228156,-0.5813876126674207,2.285423139863694,1.1635826507914104,0.435996048893786,0.1422156387756518,-0.9296871467327944,0.4024187365605557,1.0206345596783994,-0.19892592709704118,0.6926684620186668,-0.6273209207191102,-0.6648004111271004,0.14802924471520082,0.5891593768592349,0.9583114604578653,0.05389204163838203,-1.1417171613120891,-0.6648298563499047,-0.2365561443236453,0.6618810151688335,0.8206012007143826,1.2671593414815094,-0.370748781560225,1.2811817343690994,0.39729592228677046,-1.2795741299066128,-0.8436686783482802,0.8457363383380937,-0.8472998616554298,0.33505250193850566,0.5854832959354661,1.8678673021096794,-0.4438346076378711,1.0162903567870867,-0.02230209139700621,-1.3478231232020277,0.22458202068440572,0.23359839038930377,1.0836647233392895,2.059951770415308,0.44849500939289266,1.3496231875268137,0.046057123193940334,0.5705421737590267,-0.8256401744159316,0.09749974251236568,0.5731991294133731,-0.37041652140277437,-0.3760217685296988]},"noise_profile":{"status":true,"type":"depolarizing","noise_prob":[0.001,0.001,0,0],"noise_on_init_param":{"status":false,"value":0.01}},"redundant":{"identity_factors":[[0,0,0,0],[1,1,0,0]]},"zne":{"method":"richardson","degree":1,"sampling":"default","data_points":null}},"output":{"data_points":[[4,2,0,0,-7.444776240460767],[12,6,0,0,-6.005949870332941]],"noise_details":[{"identity_factors":[0,0,0,0],"noise_level":[4,2,0,0],"gates_num":[4,1,1,0],"noise_profile":{"status":true,"type":"depolarizing","noise_prob":[0.001,0.001,0,0],"noise_on_init_param":{"status":false,"value":0.01}},"odd_wires":4},{"identity_factors":[1,1,0,0],"noise_level":[12,6,0,0],"gates_num":[12,3,1,0],"noise_profile":{"status":true,"type":"depolarizing","noise_prob":[0.001,0.001,0,0],"noise_on_init_param":{"status":false,"value":0.01}},"odd_wires":4}],"run_time_sec":3.334742546081543},"others":{"observable_string":"1 X 0 X 1 + 1 Z 0 + 1 X 1 X 2 + 1 Z 1 + 1 X 2 X 3 + 1 Z 2 + 1 X 3 X 4 + 1 Z 3 + 1 X 4 X 5 + 1 Z 4 + 1 X 5 X 6 + 1 Z 5 + 1 Z 6","time_evolution_gate_hamiltonian_string":["0.5 X 0 X 1 + 0.5 Z 0 Z 1 + 0.5 X 1 X 2 + 0.5 Z 1 Z 2 + 0.5 X 2 X 3 + 0.5 Z 2 Z 3 + 0.5 X 3 X 4 + 0.5 Z 3 Z 4 + 0.5 X 4 X 5 + 0.5 Z 4 Z 5 + 0.5 X 5 X 6 + 0.5 Z 5 Z 6"]}}