{"config":{"run":"zne","nqubits":7,"state":"dmatrix","output":{"file_name_prefix":"AUTOMATE_xy_noisefree_time_evo_sample#1","draw":{"status":false,"fig_dpi":100,"type":"png"}},"observable":{"def":"ising","coefficients":{"cn":[0.5,0.5,0.5,0.5,0.5,0.5],"bn":[1.0,1.0,1.0,1.0,1.0,1.0,1.0],"r":1}},"ansatz":{"layer":30,"gateset":1,"ugate":{"type":"xy-iss","coefficients":{"cn":[0.5,0.5,0.5,0.5,0.5,0.5],"bn":[0,0,0,0,0,0,0],"r":0},"time":{"min":0.0,"max":10.0}}},"vqe":{"iteration":10,"optimization":{"status":false,"algorithm":"SLSQP","constraint":true}},"init_param":{"value":[0.5482907189468895,0.6413620809492503,0.6422482149552934,1.5892409709442974,1.850708229814058,1.850708229814058,1.8745552660050262,2.400679867939261,2.402212278134192,2.485190345183722,2.485190345183722,2.4851903451837223,2.488397493491329,2.4883974934913287,5.077476636438464,5.077476636438464,5.732990197214016,5.806868622878696,5.817834245705687,6.166757373752113,7.3114292874931905,7.311858449036949,8.346734585466223,8.350435170229554,8.354614694314481,8.35659817980371,8.356905245901928,9.313534396314816,9.313534396314816,10.443787047737276,-0.5971318801423705,-0.6830583120471296,0.053446928626708114,-1.488251087277441,0.7409998345617078,-0.020561007687691084,-0.47029189134787985,-0.9187802118512801,-0.07390570205801456,0.6091612085770479,0.5696050095749661,-2.634874245900948,0.14733366015521565,1.0781100436188797,0.3459269460772517,1.2820636645787713,-1.605623121104658,0.856791024529966,0.16374864437029604,-0.7377840957855112,0.7603752030179747,0.4958590077418653,1.0293890027768824,0.4862585296205842,-1.0838654128292502,1.2632637762941026,-1.1043454462318527,-0.7867654190654241,0.8818217647037212,1.0406267750063978,0.05770567519039498,-0.5922070722918433,-0.3271403288282926,0.5980786503295974,-0.02050375112330311,-0.9007241609880184,0.5239405469453117,0.7601496703420288,-0.6449049942439851,1.7340858429103823,0.10050113333288421,0.3143347863780438,0.28408386490618526,-0.1222389867527315,-0.09502282329152913,-1.3004368662949968,0.16856179320059875,0.6790103402211991,0.3355977478652572,0.0935957266804422,0.42936820813464754,0.5148227650107633,0.10764356588532305,-0.054251737808208085,0.06525040933822983,-0.21143245853075732,-1.5801988491404158,0.023513208971767067,1.0921277689034055,-0.11501776583679489,-0.14182911234947893,1.8716225858725093,-1.0747761250482988,-0.01873186129021693,0.9952348515577564,1.5589645169221944,2.4625123021717044,1.5320934484141422,0.6264578101560674,0.015802850908690148,0.6559295719723718,0.5030706883609005,0.010357532831659657,-0.6971755064049523,-1.334963536555068,0.05714132580252865,0.9478292633237722,1.541635767019547,-1.2357775558070643,1.5753066317572375,1.2206753513411082,-0.013882574638756213,2.102115305768464,0.6867648509985108,-1.0810617894892982,0.608205793929093,-1.0701207529796843,-0.008804617073740417,1.0802724219136723,1.4472704941581649,-0.525983160453369,0.10347757085774918,0.07451664808136123,0.8113743025574697,-0.19830571509994802,0.20760359505818776,-0.5709476706639499,0.1791350390980861,-0.32061652775092425,-1.6382844876022806,2.271046687924862,0.09972766177435569,1.671157305178672,1.0596955078067567,-0.7395801076185267,-0.8217251410877643,1.2660358026872456,-0.149859182069558,1.7386861885389688,-0.003505497297480453,0.677126408740769,-1.0541684899696007,0.9437251450981726,1.7354017388586316,-0.8022872949930118,0.01881044769021433,-0.013699411839369284,1.5965466699123847,0.4486397166383021,1.5669137279484207]},"noise_profile":{"status":true,"type":"depolarizing","noise_prob":[0.001,0.001,0,0],"noise_on_init_param":{"status":false,"value":0}},"redundant":{"identity_factors":[[0,0,0,0],[1,1,0,0]]},"zne":{"method":"richardson","degree":1,"sampling":"default","data_points":[[4,2,0,0,-7.463351332654991],[12,6,0,0,-5.841676652164559]]}},"output":{"exact_sol":-8.566772233505624,"zne_values":{"degree":1,"sampling":"default","sampled data":[[4,2,0,0,-7.463351332654991],[12,6,0,0,-5.841676652164559]],"extrapolated_value":-8.274188672900207,"others":{"sorted_noise":[6,18],"sorted_expectation_vals":[-7.463351332654991,-5.841676652164559],"beta_coeffiecients":[1.5,-0.5],"cost_richardson_zne":2.5}},"run_time_sec":3.62396240234375e-05}}