{"config":{"run":"zne","nqubits":7,"state":"dmatrix","output":{"file_name_prefix":"AUTOMATE_xy_noisefree_time_evo_sample#6","draw":{"status":false,"fig_dpi":100,"type":"png"}},"observable":{"def":"ising","coefficients":{"cn":[0.5,0.5,0.5,0.5,0.5,0.5],"bn":[1.0,1.0,1.0,1.0,1.0,1.0,1.0],"r":1}},"ansatz":{"layer":30,"gateset":1,"ugate":{"type":"xy-iss","coefficients":{"cn":[0.5,0.5,0.5,0.5,0.5,0.5],"bn":[0,0,0,0,0,0,0],"r":0},"time":{"min":0.0,"max":10.0}}},"vqe":{"iteration":10,"optimization":{"status":false,"algorithm":"SLSQP","constraint":true}},"init_param":{"value":[0.02240293444906766,0.9863710197203618,1.3708545038264748,1.3757718928414557,1.7844795346244002,2.029643659915566,2.029643659915566,4.135298362317422,4.181946654536538,4.392782597821499,4.473609589126697,4.474471668054438,4.475838923576404,4.4785869343507265,4.4785869343507265,5.467009291914798,5.470281162008999,5.840541346188122,5.842392372241278,6.505508038171383,6.505508038171383,7.536348099553183,7.536348099553183,9.63019412694799,9.63019412694799,9.63019412694799,9.63019412694799,9.63019412694799,9.63019412694799,9.63019412694799,1.1150074339792337,-0.03535947987647509,1.1918755403807781,-0.20191103850925227,-0.268362117189328,-0.3595192771004685,1.2614204066704717,-2.9429228213034166,-1.054810371869961,0.9594255841252335,-0.09538831740389547,0.3965663197177072,-0.22182226409641906,-0.2653718580482209,0.1686090968331403,1.6516484362324146,-0.3049608013883917,0.49165272629600476,1.9061569916625292,1.241422732345657,-0.11527538328521378,-0.22895223610637053,-0.06124477487110871,0.6193220715745159,1.372932614853267,-1.1538384701543527,-0.1139440760455718,0.16973094341798492,-0.5943234340378932,0.21399932498003596,-0.18156105319883253,-1.0504702368491705,0.7232808408606985,-0.018870518436612777,-0.29343981279013404,0.30960592292227684,0.13511542022922338,0.5096669954667911,-1.097576281455009,0.12047585913747774,-0.5585503308065869,1.2279608447421912,1.3012401380411538,0.3769592231863052,-0.5692023175942067,-0.4567508363134565,-0.679549924864495,-0.24647993267323956,0.6292567546169889,0.9587256267378846,1.7268825428143277,0.1413792259593793,0.6520451922983643,0.6152471684019365,-1.1240317980448378,-0.9856730455453077,-1.2455074642265085,0.2235091354354849,-0.8870861048674711,0.5299724059178798,-0.21820971616414211,-0.09687180933262383,-0.9247884680119297,-0.4566833626656702,-0.4285291193052864,-0.6406026728496247,0.9023578506051637,0.03748900229192909,0.7551248935414285,-0.18980887545414976,-0.1497604267964229,-0.4253730408988226,-0.4157675203773789,1.677209169409502,0.2126888490300174,-0.13481167544410624,-1.6951458494505263,-0.006476362637627559,-0.5490470525961781,0.3195499617454318,1.077429849794694,0.6725724542747005,-0.10235701747439804,-0.014129818782246995,2.382406086835482,0.008866515589568993,1.0282503794544984,-0.6899701634722577,0.3510134577654823,0.6918405669356381,-0.08667968085870373,-0.0005005962237103964,1.3805542469189591,1.011514915181436,-0.4623191099783579,1.397645255720587,-0.7813361449321683,-0.9940660424170442,-0.6570734018108508,1.0171740600492052,0.14480072689925969,1.157289980717297,1.019472554492438,1.0029573776528096,-0.20406480565208354,-0.011076077177880707,-0.30566521016454584,-0.4775965459909992,-0.7158801142606765,1.5610067764386268,1.5187465408730505,0.21158961058436962,-0.38098352608767794,-0.046999172842648596,0.5964180792256618,-0.6260168044949087,-0.7215592053840503,-0.5706802740378752,0.11995346168986934,0.17053214926260635]},"noise_profile":{"status":true,"type":"depolarizing","noise_prob":[0.001,0.001,0,0],"noise_on_init_param":{"status":false,"value":0}},"redundant":{"identity_factors":[[0,0,0,0],[1,1,0,0]]},"zne":{"method":"richardson","degree":1,"sampling":"default","data_points":[[4,2,0,0,-7.259703059772281],[12,6,0,0,-5.766278116709839]]}},"output":{"exact_sol":-8.566772233505624,"zne_values":{"degree":1,"sampling":"default","sampled data":[[4,2,0,0,-7.259703059772281],[12,6,0,0,-5.766278116709839]],"extrapolated_value":-8.006415531303503,"others":{"sorted_noise":[6,18],"sorted_expectation_vals":[-7.259703059772281,-5.766278116709839],"beta_coeffiecients":[1.5,-0.5],"cost_richardson_zne":2.5}},"run_time_sec":4.1484832763671875e-05}}