{"config":{"run":"zne","nqubits":7,"state":"dmatrix","observable":{"def":"ising","coefficients":{"cn":[0.5,0.5,0.5,0.5,0.5,0.5],"bn":[1.0,1.0,1.0,1.0,1.0,1.0,1.0],"r":1}},"output":{"file_name_prefix":"noisy_time_evo_sample#7_default2_richardson","draw":{"status":false,"fig_dpi":100,"type":"png"}},"vqe":{"iteration":10,"optimization":{"status":true,"algorithm":"SLSQP","constraint":false},"ansatz":{"type":"xy-iss","layer":30,"gateset":1,"ugate":{"coefficients":{"cn":[0.5,0.5,0.5,0.5,0.5,0.5],"bn":[0,0,0,0,0,0,0],"r":0},"time":{"min":0.0,"max":10.0}},"noise":{"status":true,"value":[0.001,0.01,0.001,0.001]},"init_param":[0.15099805423973295,0.4293434387037632,-0.987921692123816,1.7285524837086768,1.247602649702786,1.2116291599221445,1.8110231380233142,1.8117109179300415,4.588597947908056,1.9179158546232442,5.85943154520739,4.79692957069117,5.845489083987823,4.425930885985774,6.770717945763798,6.981890377859608,6.395208393376019,6.683290365735956,6.907304473415348,6.587412996618803,6.80532961053574,6.880527920051931,6.9444203563974884,8.00692448488702,7.202010969695681,9.469917179932974,7.067899219987003,9.743093359079584,7.073047932066983,8.768280855709623,0.11382951456607127,1.132767657134137,-0.14518584860464076,0.07445788712569493,-0.05492008056376765,0.5144226084688843,-0.5359738098542445,-0.8060137649374384,0.10283630018081596,0.7761631271760198,-0.09648670991753017,1.4822494829553337,0.7873203467350651,0.43705181055979503,-0.05309984794462523,-0.4077530291678412,0.990458246426956,0.5845616840139854,0.01403643706824513,-0.10195931409582636,0.19017262692398992,-0.26122143712564044,-0.962047443108928,-0.45197765125638156,0.44429885078567344,0.43585732176383707,-0.803812145030472,1.0067180749359554,0.6417364225955388,0.27791585992840157,0.9192942450434198,-0.5161824235946958,-1.173837942977869,1.5845618660002672,-0.24756338697683145,-1.4903636669138831,-0.1988332614008544,-1.216097576532162,0.5711527686606788,0.8512311427309018,0.3537943012265805,-1.139205515409936,-1.5401338161144,0.7603664249045533,0.2549283704595983,-1.2301812077265126,-0.4368502586759086,-0.9511084123269482,-1.2262335640487287,-1.2037956860312935,0.8768270432769362,-1.2773284296650862,-0.9414165419445975,1.0882249658804168,-0.3933992937336814,0.4676966090878944,0.4008171835855496,0.09486242243457127,-0.1303075560257233,-1.2307529580339116,0.37330093113555995,-0.7548156825354615,-0.31817881715496926,-0.1340565442657233,-1.2017602748756926,-0.8081735014388589,-1.2801512046262173,-1.2312925518407243,0.17759110482339174,-0.3757582841156347,0.23857630233709295,-0.5913119467545421,-0.018349386964672386,-0.3978568750205107,-0.496179760184741,0.4760750927642385,0.39462914602850085,-0.5603861185735524,-0.010089958950670816,0.7606021386707613,0.47625823231059017,1.2466279284951216,-1.226198824681309,-0.853037698040632,0.036153926556956956,1.3614974274909013,-0.8978772338429689,-0.5933566710697925,-1.2101783434493882,0.2993503213521952,0.3275151278014807,1.5442097502028904,0.4735602262286661,1.4086290092640104,-0.30418408811016256,0.5720743897071042,-0.05864997005247505,-0.26182929916654885,-0.5112251245198238,0.2941888913694306,1.5933199354290153,0.11302515882147299,-0.37213050824897287,1.112527938849918,0.36790943299883894,0.2567885806231618,-1.856952521244236,-0.6734324528824817,-0.12724589844969378,-0.4109408942519355,-0.037090684895076026,0.48101722317432893,-0.009308873116318617,-2.0162382505361944,-0.3172385926320513,-0.006653855237019123,0.6075238837124773,1.4653532376168512,0.05084522084323914,-0.013734462521680244]}},"identity_factors":[[0,0,0,0],[1,1,0,1]],"zne":{"method":"richardson","degree":1,"sampling":"default-2","data_points":[[4,1,0,1,-5.0713698667245595],[12,3,4,3,-1.9497151088846574]]}},"output":{"exact_sol":-8.566772233505624,"zne_values":{"degree":1,"sampling":"default-2","sampled data":[[4,1,0,1,-5.0713698667245595],[12,3,4,3,-1.9497151088846574]],"extrapolated_value":-6.241990400914522,"others":{"sorted_noise":[6,22],"sorted_expectation_vals":[-5.0713698667245595,-1.9497151088846574],"beta_coeffiecients":[1.375,-0.375],"cost_richardson_zne":2.03125}},"run_time_sec":0.0004725456237792969}}