{"config":{"run":"zne","nqubits":7,"state":"dmatrix","observable":{"def":"ising","coefficients":{"cn":[0.5,0.5,0.5,0.5,0.5,0.5],"bn":[1.0,1.0,1.0,1.0,1.0,1.0,1.0],"r":1}},"output":{"file_name_prefix":"noisefree_time_evo_ising_sample#1_default2_richardson","draw":{"status":false,"fig_dpi":100,"type":"png"}},"vqe":{"iteration":30,"optimization":{"status":true,"algorithm":"SLSQP","constraint":false},"ansatz":{"type":"ising","layer":30,"gateset":1,"ugate":{"coefficients":{"cn":[0.5,0.5,0.5,0.5,0.5,0.5],"bn":[0,0,0,0,0,0,0],"r":0},"time":{"min":0.0,"max":10.0}},"noise":{"status":true,"value":[0.001,0.001,0,0]},"init_param":[0.583197047147723,-0.6100557902418151,1.4274929755006733,2.36577138090017,1.4322986510744407,2.568628263706522,2.678542033202736,3.5584866996334754,3.2556808284132837,3.5787994772522578,4.1496008752408615,4.0844337598849165,5.048746704768137,4.973654325388167,5.215975838863491,6.5756389649598335,6.6347870065185655,6.914938263993691,6.733419631025058,6.490647287614059,7.134990515022491,6.934999186581471,7.56859330995069,7.398060999412131,8.162797386589226,7.969507747297101,9.156493557735054,9.758101958922992,10.710275020823145,9.923455480850489,-0.8779578281977194,-0.448067210723575,0.9766836096616066,-3.1784989759146036,-1.064932539793783,0.640842292956926,-0.7650479065308133,-2.2081093319425085,-0.007412065506323947,0.18974345512622026,-0.8472128259284901,-0.9126734727997866,-0.47455429374451974,-0.601434185108335,0.7968186871441452,-1.1854216397152277,1.084380896463656,-0.48638772136222513,0.6716538120448342,-1.1781113560128063,-0.7033854218504948,-0.315844534635773,0.4355550891052364,0.9147016826562541,-0.35670798536028303,-0.737286089979794,0.362722272938563,-0.5912392871168896,0.4983230155001769,-0.20881150528210538,-0.9596691788512874,0.683307566584706,1.1363617446140561,-0.6470234765046162,0.521607667340128,-0.9033193341984488,0.83534987122569,0.8002776299039239,1.2480717022213785,-0.3844621017895759,2.349801584635246,-0.6406751929408099,-0.2852003004148472,-0.3393645115994559,-0.6883676212418821,-0.3568636784839702,0.08890325146470128,-0.0823038473561652,-1.3407080822853652,0.33698258323037245,0.18720503446255668,0.5283136188056857,-0.2483774968125283,-0.7337133476627022,-0.0016877755549115064,0.6663949760480125,0.24410529006381665,0.16090664340675676,-0.08210753616070758,0.11884310076145223,0.46998296130580397,-0.4879922729729503,-0.3358134233617633,-1.6662286547795495,-0.9244283081420931,-0.6891492162759638,0.6083469066323067,-0.22893791378457629,0.7898857712138292,0.3395744124952868,0.7686498894453325,-0.8734770424885417,-1.066666474030329,0.6949219441934205,-0.7676360484963007,0.3404710217092485,-0.23958938048166792,1.1030768096839176,-0.34547244585439146,0.6550189954000623,0.03714903459488331,-0.2442008356673117,1.1917243441889844,0.5037580027842684,0.5435338823411714,-0.9869360680414176,0.7049693983471085,0.549411867821698,-1.2749516938493597,1.2922598043868385,1.0430221258034171,0.08003629345397079,0.3531533143424593,-0.13971662091558318,-0.01900309017342037,-0.32063730807489343,1.4117444174129616,-0.5038622518538847,1.2681702253317875,-0.09855378936055025,-0.2495518939055166,-0.02367043368485942,0.48462951189708237,0.12295444497038743,-1.2748209099532586,0.35902515544148356,-0.24070456281372354,-1.1716111652151069,0.7443021938591431,0.009505969394888816,1.68970254112305,-1.0807344536215242,-0.8759582897670609,-0.7979092398382829,0.12362734007516074,1.8813860781425589,-0.051646343493487824,-0.09709955618550767,0.3443312563639396,2.580422351391114]}},"identity_factors":[[0,0,0,0],[1,0,0,1]],"zne":{"method":"richardson","degree":1,"sampling":"default-2","data_points":[[4,0,0,1,-6.927959032154076],[12,0,0,3,-5.780913915740021]]}},"output":{"exact_sol":-8.566772233505624,"zne_values":{"degree":1,"sampling":"default-2","sampled data":[[4,0,0,1,-6.927959032154076],[12,0,0,3,-5.780913915740021]],"extrapolated_value":-7.501481590361103,"others":{"sorted_noise":[5,15],"sorted_expectation_vals":[-6.927959032154076,-5.780913915740021],"beta_coeffiecients":[1.5,-0.5],"cost_richardson_zne":2.5}},"run_time_sec":0.0003476142883300781}}