{"config":{"run":"redundant","nqubits":7,"state":"dmatrix","observable":{"def":"ising","coefficients":{"cn":[0.5,0.5,0.5,0.5,0.5,0.5],"bn":[1.0,1.0,1.0,1.0,1.0,1.0,1.0],"r":1}},"output":{"file_name_prefix":"noisy_time_evo_sample#6","draw":{"status":false,"fig_dpi":100,"type":"png"}},"vqe":{"iteration":10,"optimization":{"status":false,"algorithm":"SLSQP","constraint":false},"ansatz":{"type":"xy-iss","layer":30,"gateset":1,"ugate":{"coefficients":{"cn":[0.5,0.5,0.5,0.5,0.5,0.5],"bn":[0,0,0,0,0,0,0],"r":0},"time":{"min":0.0,"max":10.0}},"noise":{"status":true,"value":[0.001,0.01,0.001,0.001]},"init_param":[-1.2019608777171524,0.6431554965541227,1.7780881232755572,1.11999093118231,2.2000029696823877,1.9963857648156444,2.71358276522599,2.344382850907755,2.6010283585865572,4.08838916304408,2.5768217428717515,4.138598399377227,2.7100855192089077,4.377398723719351,2.7838101518644134,3.8876064089038134,3.2825511996183754,5.458892871298221,5.251713284308508,5.648117394169158,6.417086714502103,5.719291150118161,6.888441955668582,5.572943169410123,7.200391387559384,6.0626472532631155,6.529989591073344,6.578906817577111,6.794926597478645,9.537946713334359,0.7786477645074286,-0.869895417818641,-1.6576761611287467,1.8129039429182414,2.7298056718342014,-2.077140497387705,1.1910537030661679,-1.2370475229799864,1.9830633907372919,-0.07741923695301953,-0.03584745669030924,-0.21846422964996923,1.1367220263230102,0.6938811674827593,-0.20241600083138073,1.048639732706789,0.05452881756880587,0.13544484640699292,-0.15242473499245957,-0.6423827695936007,0.3098054667787215,0.534277195002516,-0.8281547593545693,0.09093643354349934,-1.874022078567378,0.7495416843411736,0.3011174302684473,0.6005122436400148,0.7562743348990395,-0.4149678904963936,-1.3555650579660425,0.015795517641734105,0.26520661831187586,0.2340203479913614,-0.16811930244864753,-1.7622995055925639,0.39554138230877983,-0.8357184591641544,0.6721173019116634,0.8488046520307106,-1.1103866048949578,-0.42383385135039653,0.740773553900584,-1.3218719137027664,0.5920118999608803,-0.5523838781482856,-0.8164457391838554,0.3713936951607137,0.3977174759387299,-0.14208181930899602,-1.1201931666611522,0.8327427442470892,0.5699920782464005,-0.4594255475436831,0.3021658707319479,0.06011898269344275,-1.2300593137533722,0.27624251388145044,-0.11986117705896854,0.249609801387218,0.4340137433784797,0.10870642193188518,-0.7110896800804428,-0.9760541796191395,-0.596988208505377,0.08287755017684093,0.17186593454936858,-1.2039429395001382,0.09697836922310622,-0.19624550081633071,0.6822431573099004,-1.3216496972680511,-0.834647814683071,1.4360305642493898,0.4595528702706728,-1.2014150844464524,-0.22062252913339703,0.02184488326796024,0.22912259066746654,1.2476134331853928,0.24275263072849343,2.7301671741683298,-0.8773467053611118,-0.6576509612989345,0.5406386454308266,1.436510931299077,-1.3999152807544777,0.9817064129511103,-1.560712439212323,0.1800964131845021,-1.3388340100568425,0.5061378693260595,0.2783526576364187,-0.5359221312737992,1.4694731330070179,0.5709962340517291,0.2420244044282864,0.7351758193522802,0.6238404046439451,-1.0727654633870756,-0.4978635767734586,-0.4098636267001121,-0.00839915055816852,0.9169413266930166,0.2827693447872913,0.072487297564331,-1.560347457657358,-0.39902729599041975,0.04996507372121683,-0.24290074210829543,1.4426901231348732,0.920560510428826,0.3264512953853801,0.3202744285844399,0.21948500853704797,-0.2753552256310045,1.181758754592386,1.4863379879678928,-0.21165956865836266,1.4135333553771614]}},"identity_factors":[[0,0,0,0],[1,1,0,1]],"zne":{"method":"richardson","degree":1,"sampling":"default-2","data_points":null}},"output":{"data_points":[[4,1,0,1,-5.28373982959576],[12,3,4,3,-1.9797656399988992]],"run_time_sec":6.389562606811523},"others":{"observable_string":"1 X 0 X 1 + 1 Z 0 + 1 X 1 X 2 + 1 Z 1 + 1 X 2 X 3 + 1 Z 2 + 1 X 3 X 4 + 1 Z 3 + 1 X 4 X 5 + 1 Z 4 + 1 X 5 X 6 + 1 Z 5 + 1 Z 6","time_evolution_gate_hamiltonian_string":["0.5 X 0 X 1 + 0.5 Z 0 Z 1 + 0.5 X 1 X 2 + 0.5 Z 1 Z 2 + 0.5 X 2 X 3 + 0.5 Z 2 Z 3 + 0.5 X 3 X 4 + 0.5 Z 3 Z 4 + 0.5 X 4 X 5 + 0.5 Z 4 Z 5 + 0.5 X 5 X 6 + 0.5 Z 5 Z 6"]}}