{"config":{"run":"vqe","nqubits":4,"state":"dmatrix","observable":{"def":"ising","coefficients":{"cn":[0.5,0.5,0.5],"bn":[1.0,1.0,1.0,1.0],"r":1}},"output":{"file_name_prefix":"Verify","draw":{"status":true,"fig_dpi":100,"type":"png"}},"vqe":{"iteration":1,"optimization":{"status":true,"algorithm":"SLSQP","constraint":false},"ansatz":{"type":"xy-iss","layer":1,"gateset":1,"ugate":{"coefficients":{"cn":[0.5,0.5,0.5],"bn":[0,0,0,0],"r":0},"time":{"min":0.0,"max":10.0}},"noise":{"status":true,"value":[0,0,0,0]},"init_param":"random"}},"identity_factors":[[0,0,1,1]],"zne":{"method":"richardson","degree":1,"sampling":"default-2","data_points":[[12,1,0,3,-3.4161775440796838],[20,7,10,3,-0.05166483365312464],[20,3,18,3,-0.24895356624222376],[28,9,6,7,-0.07447160728654578],[12,5,34,3,-0.0010315076068858672],[12,5,26,1,-0.005839864429826224]]}},"output":{"exact_sol":-4.758770483143634,"initial_cost_history":[2.11136441661887],"optimized_minimum_cost":[-2.9494751820836798],"optimized_parameters":[[14.049631332737938,0.00154876848059803,-0.0018147440461644283,6.2837557531718,0.00012524363349146754]],"noise_level":[4,1,0,1],"run_time_sec":0.2082219123840332},"others":{"observable_string":"1 X 0 X 1 + 1 Z 0 + 1 X 1 X 2 + 1 Z 1 + 1 X 2 X 3 + 1 Z 2 + 1 Z 3","time_evolution_gate_hamiltonian_string":["0.5 X 0 X 1 + 0.5 Z 0 Z 1 + 0.5 X 1 X 2 + 0.5 Z 1 Z 2 + 0.5 X 2 X 3 + 0.5 Z 2 Z 3"]}}