{"config":{"run":"redundant","nqubits":7,"state":"dmatrix","output":{"file_name_prefix":"xy_ansatz_noisy_evo_sample#10","draw":{"status":true,"fig_dpi":100,"type":"png"}},"observable":{"def":"ising","coefficients":{"cn":[0.5,0.5,0.5,0.5,0.5,0.5],"bn":[1.0,1.0,1.0,1.0,1.0,1.0,1.0],"r":1}},"ansatz":{"layer":30,"gateset":1,"ugate":{"type":"xy-iss","coefficients":{"cn":[0.5,0.5,0.5,0.5,0.5,0.5],"bn":[0,0,0,0,0,0,0],"r":0},"time":{"min":0.0,"max":10.0}}},"vqe":{"iteration":1,"optimization":{"status":false,"algorithm":"SLSQP","constraint":false}},"init_param":{"value":[0.19118029354685842,0.6635790230678736,-0.19464156375066483,1.3967710440710415,0.8436950673317195,0.5123275658640459,1.7520744706861553,1.693347790954196,2.8134141760163014,2.841018688306356,4.855471837940853,5.752749386544502,4.715631981542594,5.753285721509216,5.665799692969719,6.504965372391642,6.646489050107769,6.551370473905122,6.103338827349207,6.021431852146661,7.319042963265779,7.317874748371968,8.361778529919462,8.7654364558261,8.70956229478791,10.128297190073793,9.119410773665079,9.548730507408013,9.030948044797617,9.698037514396404,0.4073343492477437,0.028026515698306314,0.255778481976283,-0.5136422319752517,-0.14639523122724998,-0.9578315686782035,-1.0027681295490443,0.7925024845757547,3.800849905180939e-05,-0.12323965506919529,-0.398863398746904,-0.7422265130807241,0.13589282997990884,1.6309109358800382,-0.3127574746291804,0.7092978013469378,-0.08175639967185039,-0.13742248805721843,-0.4696935730124425,0.466480012502281,0.8142298878680039,-1.9426355156249984,0.9388393960203916,-0.3811129398058126,0.016412976350121997,-0.3168595211344336,0.12003888973362506,-0.04218779562194154,0.22912405184065907,-0.4801132032702095,-1.4580360308352969,-0.03446132644658944,-0.20113468117424615,-0.0681141158094861,1.368205902748667,0.23424725009578218,-0.28662051434852603,0.5551338999329848,0.8395489913011408,0.08698308451115122,2.5067060023180057,-0.3897349347554726,-0.34356828304825404,0.31753203739040115,1.1663494050947383,-0.40395444158589,-1.3777922720371187,-0.222080357431509,1.9304607919103447,-0.7485054592217719,1.732757397855791,0.7774070659707448,0.9023070348717858,0.6321628997802518,-2.182150656310321,-0.029065762129524848,0.18702573321850566,1.1798154689740428,-0.29860092904748015,-0.49616380745303157,-0.8459638072387055,0.5329575447575875,-0.672717419985506,0.6171794238780509,0.12325243891345633,0.777752139499139,0.3219338801509603,-0.9833585674070812,-0.29853254056704076,1.743995036860924,-0.3769712079739743,1.1202637057753257,-0.007739499308090463,0.3726943717014259,1.1343209826823002,0.4475435253322534,-0.3076111985261346,0.907406713726311,-0.9688341928397434,-0.2726255585717065,-1.1829353661333701,0.060760329793309746,0.5486883316630379,0.7583889810653481,-1.3402866836444647,0.526163888797779,1.4147173322841218,-0.12770810944244673,-0.9406223801849541,1.161638814655042,-0.026580591113877127,1.5213978173506293,2.1386011144181403,-0.0933985067967085,-0.052252004692479016,0.011537696407047993,1.1315308926060854,1.509287406965847,-0.7436876264540124,0.2598091070154078,-0.4991167403072391,0.10555433644911669,-2.167043740971609,0.5085380763017445,0.6925109656611794,1.2063761484391626,0.6646091308241939,2.1364967567011135,-0.47259664010597124,-0.29461749375695917,0.31316002730411013,0.06564112111542818,0.6781994570197533,-1.1093786518195663,2.339076248521093,-0.39833854272098823,0.9953586361407387,1.026225343402255,-1.2948417420598344,0.5435994856345553]},"noise_profile":{"status":true,"type":"dephasing","noise_prob":[0.001,0.01,0.001,0.001],"noise_on_init_param":{"status":false,"value":0}},"redundant":{"identity_factors":[[0,0,0,0],[1,1,1,0]]},"zne":{"method":"richardson","degree":1,"sampling":"default","data_points":[[4,2,7,0,-5.352042097497822],[12,6,21,8,-2.189092627261036]]}},"output":{"data_points":[[4,2,7,0,-4.613723672445891],[12,6,21,8,-1.4768074255531136]],"noise_details":[{"identity_factors":[0,0,0,0],"noise_level":[4,2,7,0],"gates_num":[4,1,1,0],"noise_profile":{"status":true,"type":"dephasing","noise_prob":[0.001,0.01,0.001,0.001],"noise_on_init_param":{"status":false,"value":0}},"odd_wires":4},{"identity_factors":[1,1,1,0],"noise_level":[12,6,21,8],"gates_num":[12,3,3,8],"noise_profile":{"status":true,"type":"dephasing","noise_prob":[0.001,0.01,0.001,0.001],"noise_on_init_param":{"status":false,"value":0}},"odd_wires":4}],"run_time_sec":6.95858097076416},"others":{"observable_string":"1 X 0 X 1 + 1 Z 0 + 1 X 1 X 2 + 1 Z 1 + 1 X 2 X 3 + 1 Z 2 + 1 X 3 X 4 + 1 Z 3 + 1 X 4 X 5 + 1 Z 4 + 1 X 5 X 6 + 1 Z 5 + 1 Z 6","time_evolution_gate_hamiltonian_string":["0.5 X 0 X 1 + 0.5 Z 0 Z 1 + 0.5 X 1 X 2 + 0.5 Z 1 Z 2 + 0.5 X 2 X 3 + 0.5 Z 2 Z 3 + 0.5 X 3 X 4 + 0.5 Z 3 Z 4 + 0.5 X 4 X 5 + 0.5 Z 4 Z 5 + 0.5 X 5 X 6 + 0.5 Z 5 Z 6"]}}