{"config":{"run":"zne","nqubits":4,"state":"dmatrix","observable":{"def":"ising","coefficients":{"cn":[0.5,0.5,0.5],"bn":[1.0,1.0,1.0,1.0],"r":1}},"output":{"file_name_prefix":"Ztest","draw":{"status":false,"fig_dpi":100,"type":"png"}},"vqe":{"iteration":1,"optimization":{"status":false,"algorithm":"SLSQP","constraint":false},"ansatz":{"type":"xy_model-xz-y","layer":10,"gateset":1,"ugate":{"coefficients":{"cn":[0.5,0.5,0.5],"bn":[0,0,0,0],"r":0},"time":{"min":0.0,"max":10.0}},"noise":{"status":true,"value":[0,0,0,0]},"init_param":[0.18081441064317835,0.20026938605401162,2.4519969455150687,4.769915615624486,3.127706896595715,4.959512137872238,5.545316413535309,8.268010283861337,9.026207722379237,9.310253102014984,0.311202277114391,0.7524146726244019,-0.7215794766487705,-0.407520928667173,-0.15309197108913297,0.4398693696272347,-0.8921857042422018,0.15310169704091944,-0.5523092579046307,0.15443098458552335,-1.1481497304762593,0.12715544838003864,0.36730095442156796,-0.3644543791980319,0.046917332546232246,-0.6456954503861639,-1.7869163872383187,0.34844110436684705,0.6015272524888167,0.047919052452883096,1.3562918900192633,-0.10979975982472653,0.6007081495590858,-0.5937611543615456,-1.224997681566857,-0.03580828545533121,0.14856416697911065,-0.4107392669656274,0.4913642555964995,0.7617454103335863,-1.165273695745401,0.5423605939152525,0.5298202140460089,0.06653260657591449,-0.14898387926644882,0.02124771478264889,-0.6991038814137026,-0.774278473964571,0.033583347123880516,-0.22440539933692694]}},"identity_factors":[[1,0,0,1],[0,1,2,1],[2,1,0,1],[2,1,1,1],[1,1,1,2]],"zne":{"method":"polynomial","degree":4,"sampling":"default","data_points":[[12,1,0,3,-4.7587700891805635],[4,3,10,3,-4.758770089180521],[20,3,2,3,-4.758770089180526],[20,3,6,3,-4.758770089180525],[12,3,6,5,-4.758770089180524]]}},"output":{"exact_sol":-4.758770483143633,"zne_values":{"degree":4,"sampling":"default","sampled data":[[12,1,0,3,-4.7587700891805635],[4,3,10,3,-4.758770089180521],[20,3,2,3,-4.758770089180526],[20,3,6,3,-4.758770089180525],[12,3,6,5,-4.758770089180524]],"extrapolated_value":-4.758770089180571},"run_time_sec":0.010879993438720703}}