{"config":{"run":"vqe","nqubits":4,"state":"dmatrix","observable":{"def":"ising","coefficients":{"cn":[0.5,0.5,0.5],"bn":[1.0,1.0,1.0,1.0],"r":1}},"output":{"file_name_prefix":"Ztest","draw":{"status":false,"fig_dpi":100,"type":"png"}},"vqe":{"iteration":1,"optimization":{"status":true,"algorithm":"SLSQP","constraint":false},"ansatz":{"type":"xy-iss","layer":10,"gateset":1,"ugate":{"coefficients":{"cn":[0.5,0.5,0.5],"bn":[0,0,0,0],"r":0},"time":{"min":0.0,"max":10.0}},"noise":{"status":true,"value":[0.001,0.01,0.001,0.01]},"init_param":[2.1276827066566417,4.523524812312781,5.593668640518239,3.7031207143357054,4.860642499484038,4.431036950340006,5.063138211107895,5.229113275841695,6.81081757774453,8.917657757834858,0.5888777956968063,0.7673477454620121,0.7227143831113501,-1.2998813042173971,-0.3705026259979184,-0.29411066388068735,-0.006787626042206446,0.6139814715364401,0.5372801400962354,0.4481461650850497,-0.09363679263650714,-0.22276579061295987,0.21976034875143124,0.4412071976691141,-0.3790128843656162,1.535320312596182,-0.6735487516212452,-0.058484912487370394,-0.8017657997615634,1.1155831438900699,0.531033787772884,0.21678721516229668,0.09550566952260622,0.6246960889234686,0.41830953134775023,0.6833303029629177,-1.0875146571270717,0.4094664362324743,-1.4191359461985027,-0.8022011101096347,0.04744309321145705,0.12279759641289026,-1.1029428270676536,1.917543097677033,-0.20038954480897303,-1.4300638794616178,1.3909431034257946,1.7225570166727628,0.908270110208929,1.625662811777366]}},"identity_factors":[[1,0,0,1],[2,3,2,1],[2,1,4,1],[3,4,1,3],[1,2,8,1],[1,2,6,0]],"zne":{"method":"richardson","degree":1,"sampling":"default-2","data_points":[[12,1,0,3,-3.3480294367352315],[20,7,10,3,-0.05316450776222178],[20,3,18,3,-0.24353493819026245],[28,9,6,7,-0.07704792314135728],[12,5,34,3,-0.0012646197204783454],[12,5,26,1,-0.0065357173034639015]]}},"output":{"exact_sol":-4.758770483143634,"initial_cost_history":[-0.45816895702307625],"optimized_minimum_cost":[-4.077733959101978],"optimized_parameters":[[1.7271469177819008,1.9443656186247833,2.8697417121060806,5.211238527955845,5.2622521179313315,6.682719777642262,6.016118377787027,8.12418994648304,8.634988215469729,9.83714658399369,-0.3774724442650595,-1.118296385943949,-0.7180456329974914,1.0469322336649933,-0.6826062467843511,0.16698823659204365,-0.08413174896548564,-0.08435074071468185,-0.6159175427255916,1.5090456697779318,-0.07626598667597607,0.5654263532282439,1.1189144925173484,0.6811887272514748,-0.07739928616225296,-0.04268415684816612,0.6237410818426892,0.04364491590115768,-0.8585747522225211,0.4161178264914522,-0.5623594175485425,1.1150459988791823,-0.7556428244386921,0.02924335441226132,-1.5040032515166508,-0.06041209313610956,-0.22287805377382333,-0.26132915093316805,-0.07314121377180179,-0.4756558325211036,-1.1332828866353881,0.050616425664866516,-0.5729489924563727,-1.2483699999832953,0.986116355813583,0.31053583110823124,0.9397137833439912,0.15415676789399277,0.8393616797836441,0.32577066629942386]],"noise_level":[4,1,0,1],"run_time_sec":136.66610980033875},"others":{"observable_string":"1 X 0 X 1 + 1 Z 0 + 1 X 1 X 2 + 1 Z 1 + 1 X 2 X 3 + 1 Z 2 + 1 Z 3","time_evolution_gate_hamiltonian_string":["0.5 X 0 X 1 + 0.5 Z 0 Z 1 + 0.5 X 1 X 2 + 0.5 Z 1 Z 2 + 0.5 X 2 X 3 + 0.5 Z 2 Z 3"]}}