{"config":{"run":"vqe","nqubits":4,"state":"dmatrix","observable":{"def":"ising","coefficients":{"cn":[0.5,0.5,0.5],"bn":[1.0,1.0,1.0,1.0],"r":1}},"output":{"file_name_prefix":"Ztest","draw":{"status":true,"fig_dpi":100,"type":"png"}},"vqe":{"iteration":1,"optimization":{"status":true,"algorithm":"SLSQP","constraint":false},"ansatz":{"type":"xy_model-xz-z","layer":10,"gateset":1,"ugate":{"coefficients":{"cn":[0.5,0.5,0.5],"bn":[0,0,0,0],"r":0},"time":{"min":0.0,"max":10.0}},"noise":{"status":true,"value":[0.001,0.01,0.001,0.001]},"init_param":"random"}},"identity_factors":[[1,0,0,0],[1,1,0,0],[1,1,1,0],[1,1,1,1],[2,0,0,0]],"zne":{"method":"richardson","degree":1,"sampling":"default","data_points":null}},"output":{"exact_sol":-4.758770483143634,"initial_cost_history":[-0.0551166900989952],"optimized_minimum_cost":[-4.148050602001819],"optimized_parameters":[[-0.21136784215085452,0.8061438837662824,2.457355244695524,3.4056689377508054,4.321324243899131,5.845172951519542,6.180172154032039,5.752923167354955,8.578949002985604,8.565579466633633,-0.06413792519004291,0.42307462385274547,-0.19668796565920957,0.43701408945859577,-0.18050302453396166,-1.181798324831838,-1.249403109657688,1.2395500803286261,0.6090518881224601,-0.5149740601123761,1.1656307016746668,0.3457848094548946,1.6378030013464886,-0.8699479074285442,0.24436456830782544,-0.34227154317465996,0.7370737526522511,-0.7564794613859807,-0.029272511661240758,-0.13478650282130716,1.6840430176776975,0.395479750206688,-0.740178577589038,0.002219747165091235,0.250294269012165,-0.31536862541758015,-0.11896373465315933,-0.18919396605048544,0.387590172488937,0.9636917506116549,1.1963900763396704,1.1410235370954187,-0.07047986426809623,0.05281571921186483,0.5392985516817477,0.5773762969044144,-0.7456059530073164,-0.3332577292589138,-0.07704621445095658,-0.10292659295110587]],"noise_level":[4,1,0,1],"run_time_sec":47.47627139091492},"others":{"observable_string":"1 X 0 X 1 + 1 Z 0 + 1 X 1 X 2 + 1 Z 1 + 1 X 2 X 3 + 1 Z 2 + 1 Z 3","time_evolution_gate_hamiltonian_string":["0.5 X 0 X 1 + 0.5 Z 0 Z 1 + 0.5 X 1 X 2 + 0.5 Z 1 Z 2 + 0.5 X 2 X 3 + 0.5 Z 2 Z 3"]}}