{"config":{"run":"vqe","nqubits":4,"state":"dmatrix","observable":{"def":"custom","coefficients":{"cn":[0.5,0.5,0.5],"bn":[1.0,1.0,1.0,1.0],"r":1}},"output":{"file_name_prefix":"Ztest","draw":{"status":false,"fig_dpi":100,"type":"png"}},"vqe":{"iteration":1,"optimization":{"status":true,"algorithm":"SLSQP","constraint":false},"ansatz":{"type":"xy-iss","layer":10,"gateset":1,"ugate":{"coefficients":{"cn":[0.5,0.5,0.5],"bn":[0,0,0,0],"r":0},"time":{"min":0.0,"max":10.0}},"noise":{"status":true,"value":[0,0,0,0]},"init_param":"random"}},"identity_factors":[[1,0,0,1],[2,3,2,1],[2,1,4,1],[3,4,1,3],[1,2,8,1],[1,2,6,0]],"zne":{"method":"linear","degree":1,"sampling":"default-5","data_points":null}},"output":{"exact_sol":-4.758770483143634,"initial_cost_history":[1.9813125413404553],"optimized_minimum_cost":[-4.758769046613959],"optimized_parameters":[[0.7962174117646171,0.8769590160177454,3.4049458771624073,4.270046958606149,3.3417835595036585,4.872344431732546,4.894721420819647,6.043266259775055,7.07982280513601,9.505782686893758,-0.17312841432654708,0.21724087192601255,0.29069702367007433,-0.22790438659190443,-0.18637122369685008,-0.05671743084109662,0.49587126330316167,0.6753724423410018,-0.4809671918864803,0.28632929528921897,0.09975042265243173,-0.36435286719705196,0.18640188201615623,-0.2588914857379817,-0.07917542772065425,-0.6097120771493756,0.14734995627106717,0.3063105499332697,0.05408756300856231,-0.23547926396090382,0.13896491790563947,-0.05618667581179564,-0.4308830789703447,-0.3423777289292414,0.044395043624545265,0.4470194057067069,-0.2856173559058102,-0.0458222693786018,0.17357115867036793,-0.06653928211732776,-0.05994971924876759,-0.5150563275399329,0.5254773422543384,0.272301809751211,0.28580731238525786,-0.023427895696986913,0.08438861663882839,-0.28265388296898963,0.805691633566202,0.3708218045491922]],"noise_level":[4,1,0,1],"run_time_sec":18.82971215248108},"others":{"observable_string":"1 X 0 X 1 + 1 Z 0 + 1 X 1 X 2 + 1 Z 1 + 1 X 2 X 3 + 1 Z 2 + 1 Z 3","time_evolution_gate_hamiltonian_string":["0.5 X 0 X 1 + 0.5 Z 0 Z 1 + 0.5 X 1 X 2 + 0.5 Z 1 Z 2 + 0.5 X 2 X 3 + 0.5 Z 2 Z 3"]}}