{"config":{"run":"vqe","nqubits":4,"state":"dmatrix","observable":{"def":"heisenberg","coefficients":{"cn":[0.5,0.5,0.5],"bn":[1.0,1.0,1.0,1.0],"r":1}},"output":{"file_name_prefix":"Ztest","draw":{"status":false,"fig_dpi":100,"type":"png"}},"vqe":{"iteration":1,"optimization":{"status":true,"algorithm":"SLSQP","constraint":false},"ansatz":{"type":"xy-iss","layer":10,"gateset":1,"ugate":{"coefficients":{"cn":[0.5,0.5,0.5],"bn":[0,0,0,0],"r":0},"time":{"min":0.0,"max":10.0}},"noise":{"status":true,"value":[0,0,0,0]},"init_param":"random"}},"identity_factors":[[1,0,0,1],[2,3,2,1],[2,1,4,1],[3,4,1,3],[1,2,8,1],[1,2,6,0]],"zne":{"method":"linear","degree":1,"sampling":"default-5","data_points":null}},"output":{"exact_sol":-6.4641016151377535,"initial_cost_history":[0.9530502747354419],"optimized_minimum_cost":[-6.464101386595399],"optimized_parameters":[[-0.35381893413338306,2.2529820828050315,1.1220112409472447,2.113341253247553,5.948998562555894,7.655829250343716,8.107528302109028,10.06365429783634,8.812275686194598,9.576881399907661,-0.11763999886220544,-0.6174121586568595,0.25412551936153227,-0.6127690079437464,0.14636531887246132,-0.5967505627810423,0.14415281532091437,0.3386217709222677,0.2615787400482073,-0.27549110873418226,-0.25726855263005277,-0.17673883989011963,-0.15015412192509053,-0.07960743471477869,0.07919164671506612,0.5266762804722823,-0.5459377011490792,0.0006833938400924841,0.20047855943587561,-0.14204117624291557,-0.23910155275987818,1.142635601339188,0.5315475817177039,-0.4989883930455321,-0.19939885222060622,0.9413092455565314,0.575908609586599,0.7756340389154074,0.2890394994515509,0.01074856630319771,0.3404312705406288,0.26550837669669614,-0.02940458845343153,0.3791185841180271,0.06908521202718847,-0.4043217963915983,-0.1364780515189986,-0.0034817552808941708,0.10159062293826221,0.12849431437769104]],"noise_level":[4,1,0,1],"run_time_sec":19.497127294540405},"others":{"observable_string":"1 X 0 X 1 + 1 Y 0 Y 1 + 1 Z 0 Z 1 + 1 X 1 X 2 + 1 Y 1 Y 2 + 1 Z 1 Z 2 + 1 X 2 X 3 + 1 Y 2 Y 3 + 1 Z 2 Z 3","time_evolution_gate_hamiltonian_string":["0.5 X 0 X 1 + 0.5 Z 0 Z 1 + 0.5 X 1 X 2 + 0.5 Z 1 Z 2 + 0.5 X 2 X 3 + 0.5 Z 2 Z 3"]}}