{"config":{"run":"vqe","nqubits":4,"state":"dmatrix","observable":{"def":"ising","coefficients":{"cn":[0.5,0.5,0.5],"bn":[1.0,1.0,1.0,1.0],"r":1}},"output":{"file_name_prefix":"Ztest","draw":{"status":true,"fig_dpi":100,"type":"png"}},"vqe":{"iteration":1,"optimization":{"status":true,"algorithm":"SLSQP","constraint":false},"ansatz":{"type":"xy_model-xz-y","layer":1,"gateset":1,"ugate":{"coefficients":{"cn":[0.5,0.5,0.5],"bn":[0,0,0,0],"r":0},"time":{"min":0.0,"max":10.0}},"noise":{"status":true,"value":[0,0,0,0]},"init_param":"random"}},"identity_factors":[[1,0,0,1],[0,1,2,1],[2,1,0,1],[2,1,1,1],[1,1,1,2]],"zne":{"method":"polynomial","degree":4,"sampling":"default","data_points":[[12,1,0,3,-4.7587700891805635],[4,3,10,3,-4.758770089180521],[20,3,2,3,-4.758770089180526],[20,3,6,3,-4.758770089180525],[12,3,6,5,-4.758770089180524]]}},"output":{"exact_sol":-4.758770483143633,"initial_cost_history":[1.4643291572225237],"optimized_minimum_cost":[-1.6180338383735042],"optimized_parameters":[[2.8102469779233044,-8.407746636234144,2.1242537623990576,1.6936279381479053e-05,-3.141630898701854]],"noise_level":[4,1,0,1],"run_time_sec":0.11903905868530273},"others":{"observable_string":"1 X 0 X 1 + 1 Y 0 + 1 X 1 X 2 + 1 Y 1 + 1 X 2 X 3 + 1 Y 2 + 1 Y 3","time_evolution_gate_hamiltonian_string":["0.5 X 0 X 1 + 0.5 Z 0 Z 1 + 0.5 X 1 X 2 + 0.5 Z 1 Z 2 + 0.5 X 2 X 3 + 0.5 Z 2 Z 3"]}}