{"config":{"run":"vqe","nqubits":4,"state":"dmatrix","observable":{"def":"ising","coefficients":{"cn":[0.5,0.5,0.5],"bn":[1.0,1.0,1.0,1.0],"r":1}},"output":{"file_name_prefix":"Ztest","draw":{"status":false,"fig_dpi":100,"type":"png"}},"vqe":{"iteration":1,"optimization":{"status":true,"algorithm":"SLSQP","constraint":false},"ansatz":{"type":"xy-iss","layer":10,"gateset":1,"ugate":{"coefficients":{"cn":[0.5,0.5,0.5],"bn":[0,0,0,0],"r":0},"time":{"min":0.0,"max":10.0}},"noise":{"status":true,"value":[0,0,0,0]},"init_param":"random"}},"identity_factors":[[1,0,0,1],[2,3,2,1],[2,1,4,1],[3,4,1,3],[1,2,8,1],[1,2,6,0]],"zne":{"method":"linear","degree":1,"sampling":"default-5","data_points":null}},"output":{"exact_sol":-4.758770483143634,"initial_cost_history":[0.5003362294139786],"optimized_minimum_cost":[-4.758768909389749],"optimized_parameters":[[0.5883758161274639,1.4250556474026113,1.4440229194459302,2.8678069980999052,2.6319023272584383,3.0708965552119043,4.174840558030076,5.279832564027688,5.083256722470026,7.200520566070857,-0.29204854014303055,-0.36678766206386143,-0.12412055479909666,0.18619581347657865,-0.5632050183179355,0.5491601836462172,0.10418063422183235,0.3572215922725947,0.18021284787979003,0.09844833662597688,0.07947130385919675,0.270464671632688,-0.15864605201849336,0.42126568796026687,-0.2878944053602622,0.3918357836871722,0.011064909070688996,-0.22669403640399563,0.205131322809435,1.269229928424831,0.42521572905786326,0.12305306684487712,-0.9325378637972813,-0.6474624620747729,-0.12491730835117894,-0.36935622109792837,-0.7470120652459391,0.29652499172107644,0.5530492444466103,0.07158880382031807,-0.09211759493236744,0.6060166599018094,0.3864292170613454,-0.6038993953954971,-0.05481131508693565,-0.5224023662826776,-0.5365838164266356,-0.2765626292714504,0.27791699295748973,-0.11014162292379441]],"noise_level":[4,1,0,1],"run_time_sec":19.55020546913147},"others":{"observable_string":"1 X 0 X 1 + 1 Z 0 + 1 X 1 X 2 + 1 Z 1 + 1 X 2 X 3 + 1 Z 2 + 1 Z 3","time_evolution_gate_hamiltonian_string":["0.5 X 0 X 1 + 0.5 Z 0 Z 1 + 0.5 X 1 X 2 + 0.5 Z 1 Z 2 + 0.5 X 2 X 3 + 0.5 Z 2 Z 3"]}}