{"config":{"run":"vqe","nqubits":4,"state":"dmatrix","observable":{"def":"heisenberg","coefficients":{"cn":[0.5,0.5,0.5],"bn":[1.0,1.0,1.0,1.0],"r":1}},"output":{"file_name_prefix":"Ztest","draw":{"status":false,"fig_dpi":100,"type":"png"}},"vqe":{"iteration":1,"optimization":{"status":true,"algorithm":"SLSQP","constraint":false},"ansatz":{"type":"xy-iss","layer":10,"gateset":1,"ugate":{"coefficients":{"cn":[0.5,0.5,0.5],"bn":[0,0,0,0],"r":0},"time":{"min":0.0,"max":10.0}},"noise":{"status":true,"value":[0.01,0.1,0.001,0.1]},"init_param":"random"}},"identity_factors":[[1,0,0,1],[2,3,2,1],[2,1,4,1],[3,4,1,3],[1,2,8,1],[1,2,6,0]],"zne":{"method":"linear","degree":1,"sampling":"default-5","data_points":null}},"output":{"exact_sol":-6.4641016151377535,"initial_cost_history":[-0.3987215332368112],"optimized_minimum_cost":[-2.5975053205854435],"optimized_parameters":[[1.2585061200712198,2.7973755628848247,4.494265079848796,7.683970014779603,7.941667741844445,7.951041423801412,8.181420383774256,8.302163205012302,8.51435993557272,8.525180478791198,-0.42248695644721695,-0.8068291950234788,-0.958221917357469,0.2043702500129885,-0.09691303253809547,0.4257766365339021,1.1016737502598692,0.051790997664860804,1.5273453193067943,-1.5646794816951168,1.8671480281413113,0.27899876664798795,-2.4190584439177565,-1.580563849184309,0.33831610561045605,-0.5196099900180753,1.645944257789493,0.3820652775266611,1.036602123151435,-0.37108878220296043,0.9736886092609188,0.7084518213853545,-3.166423249016135,0.053206690515145795,-2.9553168337119544,1.0962846291168313,1.244457645074687,1.1084834891641924,1.9651217399394048,0.13019600941332649,2.6863454733440437,2.4931886524298417,-1.96469597014108,0.38732038047205347,1.2555148451400353,-0.41567916595421606,-0.5701485616028982,-0.6323190126303845,1.2453153115896054,1.370516047540642]],"noise_level":[4,1,0,1],"run_time_sec":48.358543395996094},"others":{"observable_string":"1 X 0 X 1 + 1 Y 0 Y 1 + 1 Z 0 Z 1 + 1 X 1 X 2 + 1 Y 1 Y 2 + 1 Z 1 Z 2 + 1 X 2 X 3 + 1 Y 2 Y 3 + 1 Z 2 Z 3","time_evolution_gate_hamiltonian_string":["0.5 X 0 X 1 + 0.5 Z 0 Z 1 + 0.5 X 1 X 2 + 0.5 Z 1 Z 2 + 0.5 X 2 X 3 + 0.5 Z 2 Z 3"]}}