{"config":{"run":"vqe","nqubits":4,"state":"dmatrix","observable":{"def":"ising","coefficients":{"cn":[0.5,0.5,0.5],"bn":[1.0,1.0,1.0,1.0],"r":1}},"output":{"file_name_prefix":"Ztest","draw":{"status":true,"fig_dpi":100,"type":"png"}},"vqe":{"iteration":1,"optimization":{"status":true,"algorithm":"SLSQP","constraint":false},"ansatz":{"type":"xy_model-xz-y","layer":10,"gateset":1,"ugate":{"coefficients":{"cn":[0.5,0.5,0.5],"bn":[0,0,0,0],"r":0},"time":{"min":0.0,"max":10.0}},"noise":{"status":true,"value":[0,0,0,0]},"init_param":"random"}},"identity_factors":[[1,0,1,2]],"zne":{"method":"polynomial","degree":4,"sampling":"default","data_points":[[12,1,0,3,-4.7587700891805635],[4,3,10,3,-4.758770089180521],[20,3,2,3,-4.758770089180526],[20,3,6,3,-4.758770089180525],[12,3,6,5,-4.758770089180524]]}},"output":{"exact_sol":-4.758770483143633,"initial_cost_history":[0.40975192513947717],"optimized_minimum_cost":[-4.758770028692399],"optimized_parameters":[[-0.21226219069441596,0.34314258031017375,1.5511169205101818,3.945063270003903,4.852150791146999,7.227489139152091,6.738905307362499,7.001076937209902,8.659184951050705,9.927696246871072,-0.20855582485677657,-1.076028099964423,-0.7976582498241364,0.568108239282283,1.1182726970073138,-0.18954201987441527,-0.28842490161077233,-0.4993109811616524,0.2819469771007209,-0.11023219266019983,0.6369771866108035,0.39724477106669226,-0.49448968240465346,-0.29131018140844256,0.3416292616941625,0.2693571261017066,-0.5148583489182127,-1.1084099050674392,-0.8584710770662235,0.0990882844751683,-0.14346421372749987,-0.04420090446948785,-1.0479508217101001,1.5567086709192957,0.45370253818233086,-1.297514529933694,0.42469104154439025,0.34923618402988754,-0.42595757004129686,-0.8722956369496888,-0.3033649696155899,-0.05562002065796316,-0.4141887997994945,-0.3093740564284724,-0.4676642558628734,0.04772797801873356,0.7498852055893653,-0.17942648872223,0.5143614256594077,0.2595248157601764]],"noise_level":[4,1,0,1],"run_time_sec":20.580090045928955},"others":{"observable_string":"1 X 0 X 1 + 1 Y 0 + 1 X 1 X 2 + 1 Y 1 + 1 X 2 X 3 + 1 Y 2 + 1 Y 3","time_evolution_gate_hamiltonian_string":["0.5 X 0 X 1 + 0.5 Z 0 Z 1 + 0.5 X 1 X 2 + 0.5 Z 1 Z 2 + 0.5 X 2 X 3 + 0.5 Z 2 Z 3"]}}