{"config":{"run":"vqe","nqubits":4,"state":"dmatrix","observable":{"def":"heisenberg","coefficients":{"cn":[0.5,0.5,0.5],"bn":[1.0,1.0,1.0,1.0],"r":1}},"output":{"file_name_prefix":"Ztest","draw":{"status":false,"fig_dpi":100,"type":"png"}},"vqe":{"iteration":1,"optimization":{"status":true,"algorithm":"SLSQP","constraint":false},"ansatz":{"type":"xy-iss","layer":10,"gateset":1,"ugate":{"coefficients":{"cn":[0.5,0.5,0.5],"bn":[0,0,0,0],"r":0},"time":{"min":0.0,"max":10.0}},"noise":{"status":true,"value":[0.001,0.1,0.001,0.01]},"init_param":"random"}},"identity_factors":[[1,0,0,1],[2,3,2,1],[2,1,4,1],[3,4,1,3],[1,2,8,1],[1,2,6,0]],"zne":{"method":"linear","degree":1,"sampling":"default-5","data_points":null}},"output":{"exact_sol":-6.4641016151377535,"initial_cost_history":[0.7426769474354556],"optimized_minimum_cost":[-2.8653122910039723],"optimized_parameters":[[-0.3320978034752471,0.23793273755647362,5.157575805848383,4.550452881770391,2.8158061032095443,7.399484196186615,4.7219093813952355,10.621635479418009,7.423197497244161,10.50951923548365,-0.843358943520061,-1.8286069881943712,0.25853220830157914,-0.443582291171364,0.6013664469689347,-0.2420237777814779,1.2468501146379518,2.213230699706492,1.3818156441874905,0.09804211629709185,-1.1655030716491204,2.8836814270338467,-0.47617229039443276,-0.5284594867299722,-0.5362474408347352,-1.5166863622777011,0.34304865281612457,0.8938490952265926,0.4299723483164858,-0.17799683480380898,-0.24375544057162563,0.9931905654641817,-2.011333678995408,-0.39624556574727504,2.148247117994447,0.391389585298417,0.12617309201886606,0.752441694851806,-0.7261039559657881,-0.03968313871308536,-1.3048824566276895,-0.9218430491702859,0.08959439741308685,-0.2850566091622334,-0.2093921552752235,0.03804380526607786,-0.9080643188598481,0.601761652592569,-3.1888376198395862,-0.2860394326439768]],"noise_level":[4,1,0,1],"run_time_sec":49.530965089797974},"others":{"observable_string":"1 X 0 X 1 + 1 Y 0 Y 1 + 1 Z 0 Z 1 + 1 X 1 X 2 + 1 Y 1 Y 2 + 1 Z 1 Z 2 + 1 X 2 X 3 + 1 Y 2 Y 3 + 1 Z 2 Z 3","time_evolution_gate_hamiltonian_string":["0.5 X 0 X 1 + 0.5 Z 0 Z 1 + 0.5 X 1 X 2 + 0.5 Z 1 Z 2 + 0.5 X 2 X 3 + 0.5 Z 2 Z 3"]}}