{"config":{"run":"vqe","nqubits":4,"state":"dmatrix","observable":{"def":"ising","coefficients":{"cn":[0.5,0.5,0.5],"bn":[1.0,1.0,1.0,1.0],"r":1}},"output":{"file_name_prefix":"Ztest","draw":{"status":false,"fig_dpi":100,"type":"png"}},"vqe":{"iteration":1,"optimization":{"status":true,"algorithm":"SLSQP","constraint":false},"ansatz":{"type":"xy-iss","layer":10,"gateset":1,"ugate":{"coefficients":{"cn":[0.5,0.5,0.5],"bn":[0,0,0,0],"r":0},"time":{"min":0.0,"max":10.0}},"noise":{"status":true,"value":[0.001,0.01,0.001,0.01]},"init_param":"random"}},"identity_factors":[[1,0,0,1],[2,3,2,1],[2,1,4,1],[3,4,1,3],[1,2,8,1],[1,2,6,0]],"zne":{"method":"linear","degree":1,"sampling":"default-5","data_points":[[12,1,0,3,-4.518907441282607],[20,7,10,3,-0.044459723451105965],[20,3,18,3,-0.2626249026912213],[28,9,6,7,-0.06614280635543135],[12,5,34,3,-0.0005960969565308003],[12,5,26,1,-0.003771197828062726]]}},"output":{"exact_sol":-4.758770483143634,"initial_cost_history":[0.25014585062917055],"optimized_minimum_cost":[-4.136831976003745],"optimized_parameters":[[2.1276827066566417,4.523524812312781,5.593668640518239,3.7031207143357054,4.860642499484038,4.431036950340006,5.063138211107895,5.229113275841695,6.81081757774453,8.917657757834858,0.5888777956968063,0.7673477454620121,0.7227143831113501,-1.2998813042173971,-0.3705026259979184,-0.29411066388068735,-0.006787626042206446,0.6139814715364401,0.5372801400962354,0.4481461650850497,-0.09363679263650714,-0.22276579061295987,0.21976034875143124,0.4412071976691141,-0.3790128843656162,1.535320312596182,-0.6735487516212452,-0.058484912487370394,-0.8017657997615634,1.1155831438900699,0.531033787772884,0.21678721516229668,0.09550566952260622,0.6246960889234686,0.41830953134775023,0.6833303029629177,-1.0875146571270717,0.4094664362324743,-1.4191359461985027,-0.8022011101096347,0.04744309321145705,0.12279759641289026,-1.1029428270676536,1.917543097677033,-0.20038954480897303,-1.4300638794616178,1.3909431034257946,1.7225570166727628,0.908270110208929,1.625662811777366]],"noise_level":[4,1,0,1],"run_time_sec":42.1835834980011},"others":{"observable_string":"1 X 0 X 1 + 1 Z 0 + 1 X 1 X 2 + 1 Z 1 + 1 X 2 X 3 + 1 Z 2 + 1 Z 3","time_evolution_gate_hamiltonian_string":["0.5 X 0 X 1 + 0.5 Z 0 Z 1 + 0.5 X 1 X 2 + 0.5 Z 1 Z 2 + 0.5 X 2 X 3 + 0.5 Z 2 Z 3"]}}