{"config":{"run":"vqe","nqubits":4,"state":"dmatrix","observable":{"def":"ising","coefficients":{"cn":[0.5,0.5,0.5],"bn":[1.0,1.0,1.0,1.0],"r":1}},"output":{"file_name_prefix":"Ztest","draw":{"status":false,"fig_dpi":100,"type":"png"}},"vqe":{"iteration":1,"optimization":{"status":true,"algorithm":"SLSQP","constraint":false},"ansatz":{"type":"xy-iss","layer":10,"gateset":1,"ugate":{"coefficients":{"cn":[0.5,0.5,0.5],"bn":[0,0,0,0],"r":0},"time":{"min":0.0,"max":10.0}},"noise":{"status":false,"value":[0.001,0.01,0.001,0.01]},"init_param":"random"}},"identity_factors":[[1,0,0,1],[2,3,2,1],[2,1,4,1],[3,4,1,3],[1,2,8,1],[1,2,6,0]],"zne":{"method":"richardson","degree":1,"sampling":"default-2","data_points":[[12,1,0,3,-3.4161775440796838],[20,7,10,3,-0.05166483365312464],[20,3,18,3,-0.24895356624222376],[28,9,6,7,-0.07447160728654578],[12,5,34,3,-0.0010315076068858672],[12,5,26,1,-0.005839864429826224]]}},"output":{"exact_sol":-4.758770483143634,"initial_cost_history":[0.5230138855415032],"optimized_minimum_cost":[-4.75876941085808],"optimized_parameters":[[1.9057217451698998,0.7754648241012635,3.250241446046851,2.7114345655920666,2.644549558283536,4.187558163121426,4.098690926646776,4.258740342519858,7.165765836383724,9.634849929830015,1.0101851477639825,-0.4402270153156201,-0.27719044859152436,0.6178552389043711,-0.47752518430526736,-0.16761239722615306,-0.20141389965590092,0.2169156198062196,-0.47671830321461683,0.3847345572155232,0.026208422127276983,0.5552814248746736,-0.20494512961374012,-0.8632327485167944,0.32787708541945093,-0.06374897051346706,0.9379414679751876,-0.12001889222523246,-0.49799360297419354,-0.4128982918564463,-0.057510512995494506,0.39122156959008636,0.26967870647217895,-0.20048089980992415,-0.46324798565397607,-0.43790212700380565,0.33398212888601453,0.1321619549988946,0.25542600162400714,-0.0019240629668870386,0.7738051059889492,0.003464693040153948,-0.18141237469088403,-0.3660739908188857,0.4710001908971039,-0.6284247600806314,0.14526163764788394,-0.3748802745288159,-0.19401930035612994,-0.16777672615463637]],"noise_level":[null,null,null,null],"run_time_sec":1.265465259552002},"others":{"observable_string":"1 X 0 X 1 + 1 Z 0 + 1 X 1 X 2 + 1 Z 1 + 1 X 2 X 3 + 1 Z 2 + 1 Z 3","time_evolution_gate_hamiltonian_string":["0.5 X 0 X 1 + 0.5 Z 0 Z 1 + 0.5 X 1 X 2 + 0.5 Z 1 Z 2 + 0.5 X 2 X 3 + 0.5 Z 2 Z 3"]}}