{"config":{"run":"redundant","nqubits":4,"state":"dmatrix","observable":{"def":"ising","coefficients":{"cn":[0.5,0.5,0.5],"bn":[1.0,1.0,1.0,1.0],"r":1}},"output":{"file_name_prefix":"Ztest","draw":{"status":true,"fig_dpi":100,"type":"png"}},"vqe":{"iteration":1,"optimization":{"status":false,"algorithm":"SLSQP","constraint":false},"ansatz":{"type":"xy_model-xz-y","layer":10,"gateset":1,"ugate":{"coefficients":{"cn":[0.5,0.5,0.5],"bn":[0,0,0,0],"r":0},"time":{"min":0.0,"max":10.0}},"noise":{"status":true,"value":[0,0,0,0]},"init_param":[2.4577264380229806,1.591829614478159,2.5400485890333626,6.751975689075986,4.303588399366692,6.31288269096375,6.44356242626943,7.871108202633247,6.099737025852402,10.010629488217031,-1.0356496392062433,0.44759469012440556,0.5859968233260813,-0.2579467957955087,0.575808965634239,-0.1379414924447456,0.7430564950650453,-0.2625912902101621,-0.376924490207718,0.16598220784513792,-0.23626636163156503,0.14725298513182736,0.2459056167158509,0.7519718567272173,-0.2756245284652231,-0.18545017068963596,-0.34473368213781436,0.05812797389838303,-0.3131374939025045,0.44437534692010433,0.5166812861976542,-0.12369109618154983,-0.17203047558948126,-0.7449748314969229,0.12337269155633714,-0.030230310221382697,0.4583427886357182,0.4310019890101089,0.1830694815181368,0.13352245275937968,1.1735791788859795,-0.09880511949156369,-0.5862635824986201,0.46057216282323826,-0.3457682959226616,0.6989067620639369,-0.8893691732261069,0.5817372148167594,0.09923342514270589,0.0029599159498743446]}},"identity_factors":[[1,0,0,0],[1,1,0,0],[1,1,1,0],[1,1,1,1],[2,0,0,0]],"zne":{"method":"polynomial","degree":4,"sampling":"default","data_points":[[12,1,0,3,-4.7587700891805635],[4,3,10,3,-4.758770089180521],[20,3,2,3,-4.758770089180526],[20,3,6,3,-4.758770089180525],[12,3,6,5,-4.758770089180524]]}},"output":{"data_points":[[12,1,0,1,-1.5194936173664246],[12,3,2,1,-1.5194936173664175],[12,3,6,1,-1.5194936173664173],[12,3,6,3,-1.5194936173664173],[20,1,0,1,-1.5194936173664257]],"run_time_sec":0.3299262523651123},"others":{"observable_string":"1 X 0 X 1 + 1 Y 0 + 1 X 1 X 2 + 1 Y 1 + 1 X 2 X 3 + 1 Y 2 + 1 Y 3","time_evolution_gate_hamiltonian_string":["0.5 X 0 X 1 + 0.5 Z 0 Z 1 + 0.5 X 1 X 2 + 0.5 Z 1 Z 2 + 0.5 X 2 X 3 + 0.5 Z 2 Z 3"]}}