{"config":{"run":"vqe","nqubits":4,"state":"dmatrix","observable":{"def":"ising","coefficients":{"cn":[0.5,0.5,0.5],"bn":[1.0,1.0,1.0,1.0],"r":1}},"output":{"file_name_prefix":"Ztest","draw":{"status":false,"fig_dpi":100,"type":"png"}},"vqe":{"iteration":1,"optimization":{"status":true,"algorithm":"SLSQP","constraint":false},"ansatz":{"type":"xy-iss","layer":10,"gateset":1,"ugate":{"coefficients":{"cn":[0.5,0.5,0.5],"bn":[0,0,0,0],"r":0},"time":{"min":0.0,"max":10.0}},"noise":{"status":true,"value":[0,0,0,0]},"init_param":"random"}},"identity_factors":[[1,0,0,1],[2,3,2,1],[2,1,4,1],[3,4,1,3],[1,2,8,1],[1,2,6,0]],"zne":{"method":"linear","degree":1,"sampling":"default-5","data_points":null}},"output":{"exact_sol":-4.758770483143634,"initial_cost_history":[0.6842872814718941],"optimized_minimum_cost":[-4.758769249661253],"optimized_parameters":[[0.8305297970863542,5.045262228367174,3.5928094885903903,5.394176823585074,5.974628125824343,8.332816168274508,8.543573917327711,8.93051483400926,10.47936701857314,9.252137466070366,0.27390351984671535,0.8387682839842725,-0.5088289816162872,0.38577288924685554,0.704163617083074,0.7254603493183059,-0.24282852976318747,-0.13292913472780526,0.027127293750370776,0.4247673476826218,0.5598284582067542,-0.4160111122248986,1.2911638686428297,-0.1386053395820074,0.5219727619380193,0.27474225349637754,0.16450566633600794,0.15151916168195337,-0.05578121969564675,0.6722586582611989,-0.5464618844500294,0.9612321089472131,0.9086362250438034,-1.1806595326183584,0.9043044933368937,0.25759611097109925,0.8173492697431021,0.41634518144423643,0.5304148978046458,0.12851712357294948,0.6107532337296189,0.007196452299084197,0.41280499734015175,-0.7455370776607221,0.7058649622367793,-0.150169259874261,-0.617217965442011,0.30252006693258626,0.03760102189904683,-0.9319877344012494]],"noise_level":[4,1,0,1],"run_time_sec":23.887765407562256},"others":{"observable_string":"1 X 0 X 1 + 1 Z 0 + 1 X 1 X 2 + 1 Z 1 + 1 X 2 X 3 + 1 Z 2 + 1 Z 3","time_evolution_gate_hamiltonian_string":["0.5 X 0 X 1 + 0.5 Z 0 Z 1 + 0.5 X 1 X 2 + 0.5 Z 1 Z 2 + 0.5 X 2 X 3 + 0.5 Z 2 Z 3"]}}