{"config":{"run":"vqe","nqubits":4,"state":"dmatrix","observable":{"def":"xy_model-xz-z","coefficients":{"cn":[0.5,0.5,0.5],"bn":[1.0,1.0,1.0,1.0],"r":1}},"output":{"file_name_prefix":"Ztest","draw":{"status":false,"fig_dpi":100,"type":"png"}},"vqe":{"iteration":1,"optimization":{"status":true,"algorithm":"SLSQP","constraint":false},"ansatz":{"type":"xy-iss","layer":10,"gateset":1,"ugate":{"coefficients":{"cn":[0.5,0.5,0.5],"bn":[0,0,0,0],"r":0},"time":{"min":0.0,"max":10.0}},"noise":{"status":true,"value":[0,0,0,0]},"init_param":"random"}},"identity_factors":[[1,0,0,1],[2,3,2,1],[2,1,4,1],[3,4,1,3],[1,2,8,1],[1,2,6,0]],"zne":{"method":"linear","degree":1,"sampling":"default-5","data_points":null}},"output":{"exact_sol":-6.854068177816159,"initial_cost_history":[-1.037369486159682],"optimized_minimum_cost":[-6.854066967576554],"optimized_parameters":[[-1.1492919123852596,0.7196672376578473,3.144633750411472,3.9111397920589535,5.253742021468893,6.218626944770804,6.991970665642937,8.48497153485748,7.375486103873819,7.476460508106863,0.4480591698066476,-0.02121753698758094,0.05895075976076153,0.05000484524644975,0.5543874725751257,0.2837618331369354,0.4519342100923235,-0.8924568542330172,0.46512755253712856,-0.117275491519894,-0.5653600543806715,0.46229088758206827,0.13842465909520066,-0.8106151600125923,-0.3936749390113998,0.3988243673667955,0.4230889503368039,0.015083575582105428,0.385285678247829,0.5982473853468503,0.6696621023415995,-0.5540027113089689,0.42787931066865814,-0.31671455954557326,0.27902876216211087,-0.056666802306843574,0.19589985797495485,0.20118837150391133,-0.6258745074944363,0.3444412780473011,0.5467514629657271,0.25550876629336206,-0.6290450921422227,0.40404222525527633,-0.05347133773424483,0.20057233468250882,-0.19533004545589952,0.9067002212222458,0.7414571576504217,0.039936218787025815]],"noise_level":[4,1,0,1],"run_time_sec":26.26260733604431},"others":{"observable_string":"2 X 0 X 1 + 1 Z 0 + 2 X 1 X 2 + 1 Z 1 + 2 X 2 X 3 + 1 Z 2 + 1 Z 3","time_evolution_gate_hamiltonian_string":["0.5 X 0 X 1 + 0.5 Z 0 Z 1 + 0.5 X 1 X 2 + 0.5 Z 1 Z 2 + 0.5 X 2 X 3 + 0.5 Z 2 Z 3"]}}