{"config":{"run":"vqe","nqubits":4,"state":"dmatrix","observable":{"def":"ising","coefficients":{"cn":[0.5,0.5,0.5],"bn":[1.0,1.0,1.0,1.0],"r":1}},"output":{"file_name_prefix":"Ztest","draw":{"status":false,"fig_dpi":100,"type":"png"}},"vqe":{"iteration":1,"optimization":{"status":false,"algorithm":"SLSQP","constraint":false},"ansatz":{"type":"xy-iss","layer":10,"gateset":1,"ugate":{"coefficients":{"cn":[0.5,0.5,0.5],"bn":[0,0,0,0],"r":0},"time":{"min":0.0,"max":10.0}},"noise":{"status":true,"value":[0.001,0.01,0.001,0.01]},"init_param":[1.5958903886355744,2.385276417124463,2.4455625711024784,3.4783946353259583,5.816215897728029,6.051322598544404,5.787173536903395,5.824258450757333,8.951228994627648,8.815377308893146,0.2344306728122377,-2.0225369251154968,-0.5327703978390975,-1.165090326542095,-0.8183452628221443,-0.004002492971304773,-0.2813826550358666,-0.6636122142664233,0.7757382252191423,0.14561194923047013,1.6488603679489457,-0.44605604885684486,0.7592713548483483,-0.4703579658039463,-0.011011844553066811,0.8558007539671503,0.30505372865824165,-0.25891592578146677,1.417818773693063,0.18583654327398855,0.4370545860895627,0.4145414577009237,0.5807562118334908,-0.5112062115817684,-0.04294540811219408,-1.2063027746912554,-1.001112598737878,-0.14049278306046964,0.5142242814038055,1.6866866195749157,0.4444239995174535,-0.6687075981907833,-0.04645211915107132,-0.16220725979458447,-0.581912115001449,-0.2252864253555501,0.8241804505048625,0.2742850168077502,-0.21723788293470309,-0.037284863612481574]}},"identity_factors":[[1,0,0,1],[2,3,2,1],[2,1,4,1],[3,4,1,3],[1,2,8,1],[1,2,6,0]],"zne":{"method":"richardson","degree":1,"sampling":"default-2","data_points":null}},"output":{"exact_sol":-4.758770483143634,"initial_cost_history":[-4.173215673941634],"optimized_minimum_cost":[null],"optimized_parameters":[null],"noise_level":[4,1,0,1],"run_time_sec":0.022216796875},"others":{"observable_string":"1 X 0 X 1 + 1 Z 0 + 1 X 1 X 2 + 1 Z 1 + 1 X 2 X 3 + 1 Z 2 + 1 Z 3","time_evolution_gate_hamiltonian_string":["0.5 X 0 X 1 + 0.5 Z 0 Z 1 + 0.5 X 1 X 2 + 0.5 Z 1 Z 2 + 0.5 X 2 X 3 + 0.5 Z 2 Z 3"]}}