{"config":{"run":"vqe","nqubits":4,"state":"dmatrix","observable":{"def":"ising","coefficients":{"cn":[0.5,0.5,0.5],"bn":[1.0,1.0,1.0,1.0],"r":1}},"output":{"file_name_prefix":"Ztest","draw":{"status":true,"fig_dpi":100,"type":"png"}},"vqe":{"iteration":1,"optimization":{"status":true,"algorithm":"SLSQP","constraint":false},"ansatz":{"type":"xy_model-xz-z","layer":10,"gateset":1,"ugate":{"coefficients":{"cn":[0.5,0.5,0.5],"bn":[0,0,0,0],"r":0},"time":{"min":0.0,"max":10.0}},"noise":{"status":true,"value":[0.01,0.1,0.01,0.01]},"init_param":"random"}},"identity_factors":[[1,0,0,0],[1,1,0,0],[1,1,1,0],[1,1,1,1],[2,0,0,0]],"zne":{"method":"richardson","degree":1,"sampling":"default","data_points":null}},"output":{"exact_sol":-4.758770483143634,"initial_cost_history":[-0.1729405149574466],"optimized_minimum_cost":[-1.4688978600761975],"optimized_parameters":[[-0.00633648278299649,1.0300140922006527,0.9777618907864702,0.8008891480826057,3.6777038735641483,5.558103461324236,6.427528301812918,6.92823396654712,8.660743973284173,8.533270331789517,0.3656078865993385,0.02898249118749937,0.08408661588769799,-0.04427941432294648,-0.623253407137735,-0.06948267852604424,0.12366290967886512,-0.1465393067151902,0.524623868203893,-0.2539974023899095,0.6244627286776759,0.4587415012763028,-0.046238405972807164,0.41115739154912107,0.7969890651211863,-1.4027341706816856,-0.5667669347655219,0.06557219400099501,-0.43368310142223304,0.0594819314074581,-0.6183204413107288,0.4498956824234913,-1.2245314437738117,-0.38946909385662276,-2.3915003665526364,-0.24817142206956144,0.4649471097486807,-0.008307022698759022,-0.05081415063362042,0.2802689834558775,-0.20239392149000898,1.8560722439304953,-0.36075050402163844,-0.04634258341133016,0.11065163949112784,-0.9240955009613342,0.4910723092495597,0.5984406472900028,1.0143234682682938,-0.06224899722748633]],"noise_level":[4,1,0,1],"run_time_sec":47.521320819854736},"others":{"observable_string":"1 X 0 X 1 + 1 Z 0 + 1 X 1 X 2 + 1 Z 1 + 1 X 2 X 3 + 1 Z 2 + 1 Z 3","time_evolution_gate_hamiltonian_string":["0.5 X 0 X 1 + 0.5 Z 0 Z 1 + 0.5 X 1 X 2 + 0.5 Z 1 Z 2 + 0.5 X 2 X 3 + 0.5 Z 2 Z 3"]}}