{"config":{"run":"redundant","nqubits":4,"state":"dmatrix","observable":{"def":"ising","coefficients":{"cn":[0.5,0.5,0.5],"bn":[1.0,1.0,1.0,1.0],"r":1}},"output":{"file_name_prefix":"Ztest","draw":{"status":true,"fig_dpi":100,"type":"png"}},"vqe":{"iteration":1,"optimization":{"status":false,"algorithm":"SLSQP","constraint":false},"ansatz":{"type":"xy-iss","layer":10,"gateset":1,"ugate":{"coefficients":{"cn":[0.5,0.5,0.5],"bn":[0,0,0,0],"r":0},"time":{"min":0.0,"max":10.0}},"noise":{"status":true,"value":[0,0,0,0]},"init_param":[0.1843350505400183,1.2430509409356756,1.9788225764491996,2.568350569693526,3.3736875813666996,5.008648101566436,4.49517560124853,3.9931270986294063,5.039751627855465,5.378270117359027,0.17992385339464848,0.16449641318117172,-0.1018703651428097,0.6134394953592975,-0.14725658530682556,-0.29144536840237817,-0.11368827670910794,0.6662386232187162,0.3265305443458879,0.4936257003278727,0.33862258742009577,-0.09557764778585051,-0.6643467398464146,-1.1663133165921393,-0.3294501482944347,0.985878820782142,0.6288613030700728,0.3148616988673173,0.10238421760538552,0.24185525503776362,0.49404861089205404,0.044693197018585124,0.4356682175455409,0.27695442501577056,3.0380479497472453e-05,0.42190132616476966,0.39318660356714363,0.2815379171886094,0.2299286042444565,0.29699613601615593,0.4628813717745163,0.002446144489650823,1.0531644709726584,0.05698787179895911,0.1525804851415131,-0.6069344716607563,-0.5559682254238211,0.14600205622992493,-0.835319796265064,-0.046193420895375314]}},"identity_factors":[[1,0,0,1],[2,3,2,1],[2,1,4,1],[3,4,1,3],[1,2,8,1],[1,2,6,0]],"zne":{"method":"richardson","degree":1,"sampling":"default-2","data_points":[[12,1,0,3,-3.4161775440796838],[20,7,10,3,-0.05166483365312464],[20,3,18,3,-0.24895356624222376],[28,9,6,7,-0.07447160728654578],[12,5,34,3,-0.0010315076068858672],[12,5,26,1,-0.005839864429826224]]}},"output":{"data_points":[[12,1,0,3,-4.758769466518234],[20,7,10,3,-4.758769466518223],[20,3,18,3,-4.75876946651823],[28,9,6,7,-4.758769466518214],[12,5,34,3,-4.758769466518224],[12,5,26,1,-4.758769466518224]],"run_time_sec":0.5075469017028809},"others":{"observable_string":"1 X 0 X 1 + 1 Z 0 + 1 X 1 X 2 + 1 Z 1 + 1 X 2 X 3 + 1 Z 2 + 1 Z 3","time_evolution_gate_hamiltonian_string":["0.5 X 0 X 1 + 0.5 Z 0 Z 1 + 0.5 X 1 X 2 + 0.5 Z 1 Z 2 + 0.5 X 2 X 3 + 0.5 Z 2 Z 3"]}}