{"config":{"run":"redundant","nqubits":7,"state":"dmatrix","observable":{"def":"ising","coefficients":{"cn":[0.5,0.5,0.5,0.5,0.5,0.5],"bn":[1.0,1.0,1.0,1.0,1.0,1.0,1.0],"r":1}},"output":{"file_name_prefix":"expe5_ideal_unitary_sample#4","draw":{"status":false,"fig_dpi":100,"type":"png"}},"vqe":{"iteration":10,"optimization":{"status":false,"algorithm":"SLSQP","constraint":false},"ansatz":{"type":"ising","layer":30,"gateset":1,"ugate":{"coefficients":{"cn":[0.5,0.5,0.5,0.5,0.5,0.5],"bn":[0,0,0,0,0,0,0],"r":0},"time":{"min":0.0,"max":10.0}},"noise":{"status":true,"value":[0.001,0.01,0,0]},"init_param":[0.7028728833956749,-0.501997275568103,1.027089343418705,1.2633699407967218,0.675699080745173,0.496780686706901,1.3478756275009103,0.42083336021693707,2.246020658341374,2.1777820233787013,2.1378284012187083,3.2488831439851773,3.717029335859229,3.6337917791460286,5.989039856684241,4.890554648074811,4.798189731231377,6.143691467125733,6.303932407210642,6.436780494309344,6.312008866285124,7.90797705873822,7.632774962034656,7.284059622878922,7.594142108970564,8.6199900443873,8.428790669763334,8.709594219321929,9.328172296684162,10.104524024476675,-0.32645136000995795,1.0673191095533425,0.30232185820248014,1.5080525664712645,-0.06292553451718774,0.32460100950625326,1.4335703999688223,1.3298417453756948,0.9501489362933023,-1.309072114795033,0.4809819237416357,0.655084881799719,-0.16957825116661146,-0.40394792599988893,0.5145426395101917,-1.0933236227913048,0.4710478960842549,0.8460362648352582,0.3916340139689145,0.25128894072415586,-0.5376953732850855,-0.35864738503813065,0.1680060400628089,0.9811385641340561,1.002831113213402,1.2874318339964204,-1.1961482856351542,-0.28626814485047913,0.2972735729052616,0.8247810773556553,0.47738663531735687,0.40448187962838733,-0.6599991880381799,-0.18820712501698178,-1.3262279324649662,-0.05334898286489144,1.3585472580341758,-1.8209209239086603,-1.7536678050426706,-0.31475732141461676,-0.8242424684008128,1.2609360275670298,1.6731954462437164,-2.132664657014315,-1.1487057039463497,0.4639922585711779,0.9367118947269661,1.5374521279147464,1.0616413381772931,0.6405166939588216,-0.9632576772151635,-0.5851563486916431,0.5697927003330714,-0.21666439247699465,-0.7858979251709317,-0.8617373596961491,1.2003980688161777,0.5737160023077763,-0.6810025505614209,-0.045470576073381355,-1.1044150019405912,-0.06684238119401911,0.4394063367055405,-0.21150693584097388,0.1512060293786715,0.3284807311286915,0.3059157276459476,0.044389396704326387,-0.06267507586744075,-0.13067264053841238,0.2877550311751824,-0.2710340285942204,-2.059482289003474,-0.1482365778768419,-1.5705071660899295,-0.852198081732667,-0.20504091255003237,-1.9839649866862334,0.02667957715635172,-0.2890676182119532,-0.18092715798859177,1.1235631764625666,0.20760327965398692,-0.25085707738935836,0.7527283427286361,-0.5495738239780062,1.1670514683672115,0.5658590650390585,0.3055798673816447,-0.8195552143618682,0.24764694741634583,0.8874366497044166,0.15015769343359686,0.07180048463340163,0.37939524392078017,-0.6129506143255911,0.5686371255001479,-0.1933704509626938,0.190160328920387,-1.1689131422401113,-0.07082812377471959,0.6912322724753251,1.1854303420606045,-0.09221560622877167,0.41399586678851447,-1.2276924641056046,-0.18517696274009296,0.46579942873674873,0.3607978933797631,-0.14447648805448607,-0.0425233911057139,1.786255290427813,0.6920361254933783,1.2496398915643125,0.29083579387903413,-0.7156928038056559,2.0914530010501844,-1.9076251877616404,-1.1860830961214799,0.9788589207347985]}},"identity_factors":[[0,0,0,0],[1,0,0,1],[2,0,0,0],[2,0,0,2],[0,0,0,1],[0,0,0,2],[3,0,0,0]],"zne":{"method":"richardson","degree":1,"sampling":"default-2","data_points":null}},"output":{"data_points":[[4,1,0,1,-5.951270049477148],[12,1,0,3,-3.651089631014199],[20,1,0,1,-4.50687017780549],[20,1,0,5,-2.2319284467258655],[4,1,0,3,-4.192399601829783],[4,1,0,5,-2.955974084752478],[28,1,0,1,-3.925688039007992]],"run_time_sec":3.8068320751190186},"others":{"observable_string":"1 X 0 X 1 + 1 Z 0 + 1 X 1 X 2 + 1 Z 1 + 1 X 2 X 3 + 1 Z 2 + 1 X 3 X 4 + 1 Z 3 + 1 X 4 X 5 + 1 Z 4 + 1 X 5 X 6 + 1 Z 5 + 1 Z 6","time_evolution_gate_hamiltonian_string":["1 X 0 X 1 + 1 Z 0 + 1 X 1 X 2 + 1 Z 1 + 1 X 2 X 3 + 1 Z 2 + 1 X 3 X 4 + 1 Z 3 + 1 X 4 X 5 + 1 Z 4 + 1 X 5 X 6 + 1 Z 5 + 1 Z 6"]}}