{"config":{"run":"redundant","nqubits":7,"state":"dmatrix","output":{"file_name_prefix":"AUTOMATE_heisenberg_dephasing_ric3_sample#2","draw":{"status":false,"fig_dpi":100,"type":"png"}},"observable":{"def":"ising","coefficients":{"cn":[0.5,0.5,0.5,0.5,0.5,0.5],"bn":[1.0,1.0,1.0,1.0,1.0,1.0,1.0],"r":1}},"ansatz":{"layer":30,"gateset":1,"ugate":{"type":"heisenberg","coefficients":{"cn":[0.5,0.5,0.5,0.5,0.5,0.5],"bn":[0,0,0,0,0,0,0],"r":0},"time":{"min":0.0,"max":10.0}}},"vqe":{"iteration":1,"optimization":{"status":false,"algorithm":"SLSQP","constraint":false}},"init_param":{"value":[5.953950263573904e-17,-9.590193429650138e-17,-9.46554070808165e-17,-9.518956842804835e-17,0.07769368354582633,1.1228049878223727,1.5920349107013358,2.3348172850702027,2.6853785849127543,3.6322331517566164,3.663850835369189,3.7291721315115107,4.675821821880445,4.6800607889392465,5.86271263651243,5.86271263651243,5.897282877576186,6.621996990731275,6.621996990731275,7.399428780809913,7.748824337390785,7.748824337390785,7.935012034271967,8.517123944801439,8.517123944801439,9.53877409190696,9.898756022750014,10.421451028920519,10.421451028920519,10.733904692834063,0.8701141393099482,-0.12551313465592004,-0.15310924202314583,0.043127928011857025,1.8594906558754805,3.1657038033707163,-1.7685986123076298,0.2021414010685675,0.9191171537517872,0.40516910588316063,-1.233511526180007,0.10454615118912272,1.0225460438525142,0.33596146781742614,0.8698941558985948,0.12890359984857863,0.9044510854695018,-0.4349031729015804,1.2082798165249162,0.5902511599171382,0.803415684537802,-0.287132993397591,-0.16442127463399478,-0.30590689576306873,0.5665847528139457,-0.7101965312894647,-0.5865217438453293,0.2513122353093728,0.19363289708827416,1.2255310833232111,0.1756104713598546,-1.0789971571310022,0.37090543120492264,0.10441421795504569,2.0473651699255795,-0.2478316744520022,-0.6796484364315024,-0.0690326381846991,-0.18147730394531536,-0.47272095724024016,1.167033300507306,-0.5408800284696167,0.08500623786171127,-0.16095085175472465,1.83257140044788,-0.4221838914475785,-0.8926949266146634,0.14311561271198545,-0.8083077444496979,-0.11650522293168322,-0.5639667522606828,-1.3737002682842416,0.1616005304319695,-0.1154995476890191,1.0843679054208089,0.6155996581432606,-0.7173708196003613,-0.6377915561650724,0.46862082836736824,-0.7765610500449178,0.7463047865317176,0.7861905074314111,-0.03278399981634575,1.1593348274562654,-0.33141127984712077,0.8868873915351262,-1.6751888983190015,0.23753670513801603,-0.999626462320321,0.157945737514037,-1.0518809908468532,-0.12233118126463391,0.1868263671089172,-0.3971732434451098,-0.10310288838054198,0.34795322278812785,-0.09961618476684564,-0.22897341312929245,0.037752583627782665,0.1646990033047471,1.580748754328979,0.527166951855916,0.5478366585206681,0.4764287770122812,0.4873122182162858,-0.19051914513672127,0.3095906781530284,-0.9877877555602784,-0.22206736449269426,-0.3880663970982876,0.06229910737884822,-0.5328981491475614,-1.2896673787220354,0.6153422549043854,0.026416894650398252,-1.024643357124964,-0.04412462768740225,0.3525589295938933,0.29163724637428107,0.2607573504112131,-0.8161683907743091,0.5463303320517424,-0.5124284408440882,1.2559555427221316,-1.3338862301257401,-1.5672977229671807,0.01253362847317139,-0.020931717005227148,1.5544406780321813,1.042322766799952,-0.4679119434537583,-0.07339950469593082,-1.602595463717576,0.0637877258776711,1.4175802927758197,-0.36332022405951725,0.3901133515147793,1.3235234219525587,1.4498368467471803,1.0712727480467568]},"noise_profile":{"status":true,"type":"dephasing","noise_prob":[0.001,0.001,0,0],"noise_on_init_param":{"status":false,"value":0}},"redundant":{"identity_factors":[[0,0,0,0],[1,1,0,0],[2,1,0,0]]},"zne":{"method":"richardson","degree":1,"sampling":"default","data_points":null}},"output":{"data_points":[[4,2,0,0,-5.767526458269527],[12,6,0,0,-4.427157457374708],[20,6,0,0,-3.706406799877164]],"noise_details":[{"identity_factors":[0,0,0,0],"noise_level":[4,2,0,0],"gates_num":[4,1,1,0],"noise_profile":{"status":true,"type":"dephasing","noise_prob":[0.001,0.001,0,0],"noise_on_init_param":{"status":false,"value":0}},"odd_wires":4},{"identity_factors":[1,1,0,0],"noise_level":[12,6,0,0],"gates_num":[12,3,1,0],"noise_profile":{"status":true,"type":"dephasing","noise_prob":[0.001,0.001,0,0],"noise_on_init_param":{"status":false,"value":0}},"odd_wires":4},{"identity_factors":[2,1,0,0],"noise_level":[20,6,0,0],"gates_num":[20,3,1,0],"noise_profile":{"status":true,"type":"dephasing","noise_prob":[0.001,0.001,0,0],"noise_on_init_param":{"status":false,"value":0}},"odd_wires":4}],"run_time_sec":7.410613775253296},"others":{"observable_string":"1 X 0 X 1 + 1 Z 0 + 1 X 1 X 2 + 1 Z 1 + 1 X 2 X 3 + 1 Z 2 + 1 X 3 X 4 + 1 Z 3 + 1 X 4 X 5 + 1 Z 4 + 1 X 5 X 6 + 1 Z 5 + 1 Z 6","time_evolution_gate_hamiltonian_string":["0.5 X 0 X 1 + 0.5 Y 0 Y 1 + 0.5 Z 0 Z 1 + 0.5 X 1 X 2 + 0.5 Y 1 Y 2 + 0.5 Z 1 Z 2 + 0.5 X 2 X 3 + 0.5 Y 2 Y 3 + 0.5 Z 2 Z 3 + 0.5 X 3 X 4 + 0.5 Y 3 Y 4 + 0.5 Z 3 Z 4 + 0.5 X 4 X 5 + 0.5 Y 4 Y 5 + 0.5 Z 4 Z 5 + 0.5 X 5 X 6 + 0.5 Y 5 Y 6 + 0.5 Z 5 Z 6"]}}