{"config":{"run":"zne","nqubits":7,"state":"dmatrix","output":{"file_name_prefix":"AUTOMATE_heisenberg_dephasing_ric3_sample#3","draw":{"status":false,"fig_dpi":100,"type":"png"}},"observable":{"def":"ising","coefficients":{"cn":[0.5,0.5,0.5,0.5,0.5,0.5],"bn":[1.0,1.0,1.0,1.0,1.0,1.0,1.0],"r":1}},"ansatz":{"layer":30,"gateset":1,"ugate":{"type":"heisenberg","coefficients":{"cn":[0.5,0.5,0.5,0.5,0.5,0.5],"bn":[0,0,0,0,0,0,0],"r":0},"time":{"min":0.0,"max":10.0}}},"vqe":{"iteration":1,"optimization":{"status":false,"algorithm":"SLSQP","constraint":false}},"init_param":{"value":[0.1674973459086645,0.16749734590866466,0.5011941362071803,1.2743391615242454,1.2743391615242452,2.1675625144249904,2.167562514424991,2.46802201151225,3.2155052575251775,3.2155052575251784,3.2155052575251784,4.572827842267289,5.175350943150605,5.3188526042087165,5.9519393654699195,5.9519393654699195,5.95193936546992,5.97603150551799,6.248071978721182,7.228659057049855,7.228659057049855,7.228659057049855,7.465654486578341,7.465654486578341,7.465654486578341,8.430259368642105,8.43183802156302,9.080304438933862,9.431511715925447,10.078990934298737,1.6179204474208262,-0.04316761619134945,0.3559904865281999,-0.3400193665826288,1.9840420942142307,2.6275912891318476,-2.8752062079668868,-0.5423278716664116,-0.6451205182641697,-0.053500864398468455,-0.23613030363832266,-0.26748934964417864,2.2826682649369845,0.6855987392134927,-0.3118553807809451,1.0782950580346025,0.8991697099695117,-1.2449298079867084,0.14728784235233025,1.972884064097805,2.0814030490873257,-0.031117223137799757,0.9330121142464733,-1.150557088250763,0.7508220142381647,1.5568055920605959,0.22425524084141069,-0.3309471212808259,-0.7642523432729673,1.6971223813685377,0.9367170879526732,-0.48586443251692324,1.2597485266324135,2.752023184054084,-0.30797960852044864,-0.044858210509438674,0.6335160769143388,2.9269001880811003,0.31189658848337337,0.2716203847682821,0.7498468271018006,0.7670977463350874,-1.399201784354584,0.7443001129923383,0.6102060789062839,-0.4635416383759911,-0.2598367099264497,-0.02055674778628673,0.6073027006985965,-0.4169917814400187,-0.2959216302796816,-0.02263506805042831,0.45644677253645805,0.47603927464768514,0.09477646303229384,-1.3171923766163443,0.280897313840882,0.5366088624144534,0.6657980559413821,0.6192503542755783,-0.7733945907529162,1.0046379105963381,0.9664288712515617,-0.03891567125407012,0.9436587934019486,0.8484692586608634,-0.6533114682607227,-0.9773592410533207,0.18584910813504135,-0.07672566019518705,0.33705060953251653,-0.6491578381882701,0.45026205238730743,0.43415692598988154,1.1480815299566394,1.4474462263603693,0.03528844415662663,-1.6068817733686145,-0.12463595645806907,-1.167969554540236,0.6278077888355246,-0.38292241312447345,1.0761385909426775,0.837804545865467,-0.5535692648062868,0.8032956619315825,-0.1844815073276062,0.04728576191705375,1.8092625735405465,1.2255817448324315,2.5206580015246036,1.1752119584750083,-0.569579052702099,1.3738024669938962,-0.7377178676884713,-0.34637073993667034,-1.20557274588465,1.0786147778025785,0.010433690894005853,0.9949432793474314,-0.5291672171622901,1.3104088330470258,2.4860814570830105,0.9810355806078905,1.081196233663323,2.537171071241429,0.15202328357376382,-0.59691594700792,0.1634875336049144,0.6887803946077025,2.6365771236518265,0.9612238949226369,-0.48371403667054635,-0.6711732888063583,-0.4771122769144241,0.7648059467553198,-1.200755778087195,-1.2043598656793117,3.662387268844941,1.1863593869564002]},"noise_profile":{"status":true,"type":"dephasing","noise_prob":[0.001,0.001,0,0],"noise_on_init_param":{"status":false,"value":0}},"redundant":{"identity_factors":[[0,0,0,0],[1,1,0,0],[2,1,0,0]]},"zne":{"method":"richardson","degree":1,"sampling":"default","data_points":[[4,2,0,0,-5.3960021250933226],[12,6,0,0,-4.139509194220438],[20,6,0,0,-3.4616543648012437]]}},"output":{"exact_sol":-8.566772233505624,"zne_values":{"degree":1,"sampling":"default","sampled data":[[4,2,0,0,-5.3960021250933226],[12,6,0,0,-4.139509194220438],[20,6,0,0,-3.4616543648012437]],"extrapolated_value":-6.1321183995646065,"others":{"sorted_noise":[6,18,26],"sorted_expectation_vals":[-5.3960021250933226,-4.139509194220438,-3.4616543648012437],"beta_coeffiecients":[1.9500000000000002,-1.625,0.6749999999999999],"cost_richardson_zne":6.89875}},"run_time_sec":4.601478576660156e-05}}