{"config":{"run":"redundant","nqubits":7,"state":"dmatrix","observable":{"def":"ising","coefficients":{"cn":[0.5,0.5,0.5,0.5,0.5,0.5],"bn":[1.0,1.0,1.0,1.0,1.0,1.0,1.0],"r":1}},"output":{"file_name_prefix":"expe5_ideal_unitary_sample#6","draw":{"status":false,"fig_dpi":100,"type":"png"}},"vqe":{"iteration":10,"optimization":{"status":false,"algorithm":"SLSQP","constraint":false},"ansatz":{"type":"ising","layer":30,"gateset":1,"ugate":{"coefficients":{"cn":[0.5,0.5,0.5,0.5,0.5,0.5],"bn":[0,0,0,0,0,0,0],"r":0},"time":{"min":0.0,"max":10.0}},"noise":{"status":true,"value":[0.001,0.01,0,0]},"init_param":[0.49535654384261146,0.4549939806899779,-1.1056985028057038,-0.35610232133719255,0.27810695943163355,1.4811037378069312,1.3048809122022675,1.8358428624681238,1.7118662830609548,1.6165797723107518,3.7400808846873854,3.713215355664373,4.604559666752306,4.7803545143353245,4.693709534135227,5.354741812368382,5.392309176617634,5.2471270600463775,5.6512569912397534,5.609236432330322,6.496527266482176,6.241725852690572,6.533335042263963,9.902632320179356,9.62966332185112,9.670997819469747,10.417834635292314,9.830924618707463,10.04115211612528,10.866622840560149,-0.7082583487358471,0.15645578836091234,0.04418422586813989,0.45402265980260426,-0.7173896947298531,1.351402403866599,0.8430131602229032,2.0548531114752038,-1.9346699639144826,0.19453831113915046,0.9664468430731642,-0.19302936062512366,0.4972136377197173,-0.25135811639548356,0.7832033137091593,1.832594048548306,1.6480652607843984,0.764285224540687,0.5425176292252792,1.7165358045406176,-0.610106165202096,0.7286519644328555,0.7855506160643868,-0.8333408055946026,-0.0702455925970711,-0.6135926464985311,-0.13445950844825325,0.23782995384995906,-0.4552292268893512,0.18077758309757053,0.5842758501167781,0.8659819007823536,0.17171870650811447,-1.1431185566537498,0.7058166918633714,1.243273416468029,-0.1707592473228019,-0.2279468922526349,0.05112682993533419,-1.5859465629816378,1.3582745630031734,-0.058149032304949215,1.5431862998560437,-0.006426555652306505,-0.08450269620569995,0.7100588167985192,0.11998496332592982,0.5906386700431568,-0.8042709187982399,0.6881050688987553,-0.6623834113073074,0.8736632263206235,-0.4598024410369117,-0.9914959156135635,0.7330308297115733,-1.2904578858374531,-0.11710456766778708,-0.7632207778526376,-1.1902374376743785,1.1200760091760589,0.8181943126098549,-0.4544926362128922,0.2790306280348488,-0.07030970968557686,-0.3631740669832698,0.3719508811498116,0.04519104990346796,-1.3132659207901685,-0.16139839345807486,0.6645005845477315,0.7439457676111199,0.37092673848098257,-0.006634318423907687,1.7772243709764792,0.23064882920502652,0.09927716248836155,0.442187636160595,-0.7710683926827435,-0.35363593491505146,-0.7253142510487655,-0.08507093889760306,0.1998801522742138,-1.1060314674766831,-0.6847762406433605,0.710264353000432,-0.973130905410761,-0.4763171182661975,-0.19358771200867322,0.5077772220733249,-0.5285521383261054,-0.7182013877732623,-3.1008955237250913,0.31574391900281257,-0.8417207427484129,0.5008023387132899,-0.4926619004360713,-0.20893132869438155,0.9825869082256263,0.6214756304094665,1.8333008933836263,0.48307473887564484,0.20432575519621907,0.5448420156079296,-0.06921091222458282,-1.1142814504754581,0.6489847652325957,-0.9668900386600554,-1.360220325181957,-1.4877616400476745,-0.5286914630389224,1.7580761822996833,-0.23767070717012304,-0.18228084793684005,0.6809459782618864,-3.044668665211397,-0.16026325051494858,-0.8407124291033373,-0.811536224752796,0.9560530966704622,2.784068049238531]}},"identity_factors":[[0,0,0,0],[1,0,0,1],[2,0,0,0],[2,0,0,2],[0,0,0,1],[0,0,0,2],[3,0,0,0]],"zne":{"method":"richardson","degree":1,"sampling":"default-2","data_points":null}},"output":{"data_points":[[4,1,0,1,-6.5123455406757245],[12,1,0,3,-4.336529486238188],[20,1,0,1,-5.192796053924893],[20,1,0,5,-2.8858830264358537],[4,1,0,3,-4.853920282478499],[4,1,0,5,-3.6218675783736547],[28,1,0,1,-4.639911264505463]],"run_time_sec":3.8549203872680664},"others":{"observable_string":"1 X 0 X 1 + 1 Z 0 + 1 X 1 X 2 + 1 Z 1 + 1 X 2 X 3 + 1 Z 2 + 1 X 3 X 4 + 1 Z 3 + 1 X 4 X 5 + 1 Z 4 + 1 X 5 X 6 + 1 Z 5 + 1 Z 6","time_evolution_gate_hamiltonian_string":["1 X 0 X 1 + 1 Z 0 + 1 X 1 X 2 + 1 Z 1 + 1 X 2 X 3 + 1 Z 2 + 1 X 3 X 4 + 1 Z 3 + 1 X 4 X 5 + 1 Z 4 + 1 X 5 X 6 + 1 Z 5 + 1 Z 6"]}}