{"config":{"run":"redundant","nqubits":7,"state":"dmatrix","observable":{"def":"ising","coefficients":{"cn":[0.5,0.5,0.5,0.5,0.5,0.5],"bn":[1.0,1.0,1.0,1.0,1.0,1.0,1.0],"r":1}},"output":{"file_name_prefix":"expe5_ideal_unitary_sample#8","draw":{"status":false,"fig_dpi":100,"type":"png"}},"vqe":{"iteration":10,"optimization":{"status":false,"algorithm":"SLSQP","constraint":false},"ansatz":{"type":"ising","layer":30,"gateset":1,"ugate":{"coefficients":{"cn":[0.5,0.5,0.5,0.5,0.5,0.5],"bn":[0,0,0,0,0,0,0],"r":0},"time":{"min":0.0,"max":10.0}},"noise":{"status":true,"value":[0.001,0.01,0,0]},"init_param":[0.17485072869585427,0.06030373502499361,-0.46925736915476357,1.2139827474057665,1.226492028011737,2.289092301317484,3.5902195648664232,3.3108402849383927,3.1666345334490615,3.5853442649402187,2.8242775543170535,3.758196921204151,3.6117065159476516,4.489263951291865,4.394280876775086,5.481442577601182,5.781559322170041,4.185213868809857,5.581975689721404,6.970491096341475,6.635290711284477,8.041085348283803,7.184234285149194,10.380098072926343,8.468693349322344,8.485789285563909,9.313217543332605,9.904624347993373,8.691480152976673,10.675114137913255,-0.3114937683415806,-0.2967558510483512,0.9007485969508691,1.3494208651667303,0.16617910981067263,1.4847052723236218,0.9747722825109716,0.47417657610892167,-0.6001669703143784,-0.5923023131625814,0.4060422157128401,0.7366705146754897,-0.5039194668995681,0.5119817239942971,0.1330469903924279,-0.2394686640258745,0.018449713855741845,-0.3841589820187692,0.25449977976193827,-0.06714123725984188,0.01862712681408991,-0.8176800355720671,-0.55260653231099,-1.3766689758453234,1.1171022703283577,0.6270825880506293,-0.20026166234133144,-0.5587364582596398,-0.6541167268293087,0.23188108488247533,1.003679883784646,0.04707297819459607,-0.7936184437798178,-0.41786364710856055,0.7693062837837181,0.905497477199121,0.09065651002495921,0.3361852672823052,0.9741695189839731,-1.1276237851029611,0.12723437043761004,0.1734161385876736,1.6688059045028634,-1.0455522780014583,-0.40160255924338617,-1.4495521469848893,0.4458495059719497,-0.7885825316300348,0.651092346673061,-0.12930036087780694,1.2600824969542268,-0.5842219302787695,-0.32615615363551004,0.5503892440380859,1.455019988200037,0.15584286076549955,0.5523081981875414,0.1194979288431812,0.2361143568249164,0.12409010252019262,-0.33016267157451884,0.3105973986884427,-0.5224846786747681,0.7297676515480181,0.5256314760924677,-0.3344849584917487,-0.054270122871326404,-1.3810906144622292,1.4070611022402875,0.04900787914861844,0.45958353037312943,1.5383241609215146,-1.2348363781809635,0.8494300531685527,-0.4813525279432514,0.09240434551459437,0.8639480072878254,-0.3488281696963527,-0.3618260348403706,-0.5293069705284253,-0.1227814224566465,0.5620442604886007,0.258080768168976,0.6165885364377433,0.6871628394875755,-0.5070810067585838,1.3142802580192825,1.3592592565990913,-0.9025412433029657,-0.06865139219592127,-0.8066858009628699,-0.8835181749423677,0.36879092302134553,0.11375724181402702,0.5314295855088712,-0.41426288460758315,0.4462085210330166,-0.841423696494493,1.6145325035815368,0.38773381984036326,-1.664119496709317,-0.1010442070924889,-1.149329941863704,-0.07790119155837268,0.7490279552103775,0.4801291532291998,-0.6636613500331805,0.8274790856474977,-0.4278275959977022,0.8165976021732879,-0.40631355456701274,1.2807588451341194,0.16058708738593017,-0.13064765057706387,-1.0659671172453724,0.3721931724931008,-0.024491450366854153,0.5786904393325165,-1.0915634904622848,-1.0419405106440782]}},"identity_factors":[[0,0,0,0],[1,0,0,1],[2,0,0,0],[2,0,0,2],[0,0,0,1],[0,0,0,2],[3,0,0,0]],"zne":{"method":"richardson","degree":1,"sampling":"default-2","data_points":null}},"output":{"data_points":[[4,1,0,1,-5.932500918048125],[12,1,0,3,-3.560631425223338],[20,1,0,1,-4.443663238939913],[20,1,0,5,-2.146126323116654],[4,1,0,3,-4.105903777482883],[4,1,0,5,-2.855814156427941],[28,1,0,1,-3.8527525647290894]],"run_time_sec":3.8731119632720947},"others":{"observable_string":"1 X 0 X 1 + 1 Z 0 + 1 X 1 X 2 + 1 Z 1 + 1 X 2 X 3 + 1 Z 2 + 1 X 3 X 4 + 1 Z 3 + 1 X 4 X 5 + 1 Z 4 + 1 X 5 X 6 + 1 Z 5 + 1 Z 6","time_evolution_gate_hamiltonian_string":["1 X 0 X 1 + 1 Z 0 + 1 X 1 X 2 + 1 Z 1 + 1 X 2 X 3 + 1 Z 2 + 1 X 3 X 4 + 1 Z 3 + 1 X 4 X 5 + 1 Z 4 + 1 X 5 X 6 + 1 Z 5 + 1 Z 6"]}}