{"config":{"run":"zne","nqubits":7,"state":"dmatrix","observable":{"def":"ising","coefficients":{"cn":[0.5,0.5,0.5,0.5,0.5,0.5],"bn":[1.0,1.0,1.0,1.0,1.0,1.0,1.0],"r":1}},"output":{"file_name_prefix":"expe5_ideal_unitary_sample#9_default2_richardson","draw":{"status":false,"fig_dpi":100,"type":"png"}},"vqe":{"iteration":10,"optimization":{"status":true,"algorithm":"SLSQP","constraint":false},"ansatz":{"type":"ising","layer":30,"gateset":1,"ugate":{"coefficients":{"cn":[0.5,0.5,0.5,0.5,0.5,0.5],"bn":[0,0,0,0,0,0,0],"r":0},"time":{"min":0.0,"max":10.0}},"noise":{"status":true,"value":[0.001,0.01,0,0]},"init_param":[-0.343183198056154,-1.224694938985048,0.5244768755019699,0.5351134420797428,2.468329522814279,2.9532656049168886,2.713638389851603,2.865792218138506,3.0212555761902786,3.2253229625475925,4.002368717008044,3.2747121874857585,3.0608453277315464,4.545515987509784,3.4470593035847,4.632660288550581,3.4410498440958137,4.780757440448747,3.611117843343565,4.552397892690738,4.042911625294249,5.275742704605646,5.259983966166881,7.581362311382573,8.031723205608255,7.678379717704637,8.050147442088116,9.602311890427668,8.993512875891675,9.35919126413454,1.1925048070749078,-0.34457257048457224,-1.7078253118300952,0.4136274555506263,0.07340180939864553,-0.8587226919229259,1.671425441630698,3.698721636851852,0.3732106948484166,-0.06707559220208159,0.6035363135049119,0.04139195275351147,0.026662529042823607,-0.7858075365104005,-0.04358290771065427,0.7596914814722527,0.4351221973619002,0.3880514012384218,1.147939715845479,1.3637513542684858,0.4614480988451979,0.6514802372276087,-0.035156862011669295,-0.7951622840372086,-0.8370921722982161,1.1417653312606082,-0.053729981181272785,0.27580984670280273,-0.6299223326973955,-0.5544181792035129,0.2373435813690228,-0.5064018822297988,0.6838999864485178,0.9608135746549443,0.1090406697296879,0.6263303182831534,0.6347376210923732,-0.24057143697295538,-0.672136860063736,2.201884150410343,0.28196971833896667,0.28844507401687564,-0.5380171917510836,-1.6550068357048637,-0.06703618217022764,0.23547675380753125,0.7020097890968892,-0.25821310721633733,0.7251936074915472,0.59918581835076,-0.5207991423982314,-1.1210615023018144,-1.015723048356671,0.874709649443777,0.8366935332863398,1.02505763442506,-1.5140485985384418,-0.026315020792939882,-0.29203850946480747,1.4522773810405372,0.48738660260798106,-0.22075264147886176,0.15878822657584626,0.3198287242621649,0.8621078277813556,0.07886247392256118,-1.0387954708330362,0.33036281526793737,0.03930324749438928,-0.2072223545439214,0.8243733053340612,0.8975758068834638,-0.5681879796012385,-1.811603267508806,0.1670211140815638,1.527716840177978,0.8566430223013394,-0.9115188408887619,-0.5383010420143133,1.0710893756236854,0.6706732812393809,-0.07996799996629918,1.1688601698101024,-1.248492641772443,-0.4108125574817329,0.4521007566474208,1.7507826632775616,0.479424522500226,-0.15554522547807456,0.21848090468822473,0.1383597838716627,-0.4120988251506126,-0.6840979196433254,-0.723829125407151,-1.2305296024414174,-1.043197581121965,0.6230390154764978,0.8513256311762164,-0.7487267939591116,1.3834665914523918,0.32078272950122677,0.28948682123045777,0.14445681055390897,-1.5877677938941857,-0.6226545871170567,0.66726439258683,0.5729359961701327,-1.5385441226227214,-1.1583334009244433,0.11576811840028989,-0.28933846392824075,0.3524567770501141,-0.35640402308238095,-0.24697045132829196,-0.6644180244200278,1.766624428358829,0.07394949244279606,0.7138653611670231,-0.307433380551557,0.16046740260541292]}},"identity_factors":[[0,0,0,0],[1,0,0,1],[2,0,0,0],[2,0,0,2],[0,0,0,1],[0,0,0,2],[3,0,0,0]],"zne":{"method":"richardson","degree":1,"sampling":"default-2","data_points":[[4,1,0,1,-5.838157371855788],[12,1,0,3,-3.661260462874325],[20,1,0,1,-4.47912232448997],[20,1,0,5,-2.312876212988907],[4,1,0,3,-4.1713101417285205],[4,1,0,5,-2.996744587398635],[28,1,0,1,-3.9306433748132954]]}},"output":{"exact_sol":-8.56677223350563,"zne_values":{"degree":1,"sampling":"default-2","sampled data":[[4,1,0,1,-5.838157371855788],[12,1,0,3,-3.661260462874325]],"extrapolated_value":-7.144295517244665,"others":{"sorted_noise":[6,16],"sorted_expectation_vals":[-5.838157371855788,-3.661260462874325],"beta_coeffiecients":[1.6,-0.6],"cost_richardson_zne":2.9200000000000004}},"run_time_sec":0.0}}