{"Config":{"run":"redundant","nqubits":7,"state":"dmatrix","observable":{"def":"ising","coefficients":{"cn":[0.5,0.5,0.5,0.5,0.5,0.5],"bn":[1.0,1.0,1.0,1.0,1.0,1.0,1.0],"r":1}},"output":{"file_name_prefix":"expe1_ideal_unitary_#2","fig_dpi":100},"vqe":{"optimization":{"status":false,"algorithm":"SLSQP","iteration":10,"constraint":false},"ansatz":{"draw":false,"type":"xy","layer":30,"gateset":1,"ugate":{"coefficients":{"cn":[0.5,0.5,0.5,0.5,0.5,0.5],"bn":[0,0,0,0,0,0,0],"r":0},"time":{"min":0.0,"max":10.0}},"noise":{"status":true,"value":[0.0001,0.0001,0,0]},"init_param":[1.0117811220814812,-1.220223496101374,1.1504834583337287,1.2188272022030138,1.8783163856041614,2.763234048644171,1.9809120917648126,3.5239171585466362,4.208233739506867,2.796888737249842,4.347488132035621,2.93402842418173,5.281362058911047,3.6903441586501256,4.1473010446645375,3.934106519776092,4.956577045609296,5.164656704625989,4.329182685877333,6.454319174618984,6.382018859715701,8.032084656929397,8.348808313470492,8.495649648218409,8.588070294356697,8.194556796532234,9.618152679115905,9.702373582362691,10.160363710063159,9.95071047733759,0.11603169682409355,-0.9087514442244875,0.08933066085408094,-1.3254233394143518,-0.30006556363978515,-0.3795185148154094,1.9160201023464372,0.29057077923360225,0.41607590393757315,0.20565842095197684,0.28455167455824876,0.2457711040443427,0.34020897704929987,1.0644924168807004,-0.10094665312551115,-0.241634137209471,-0.4225131000920848,-0.6250579139314603,-0.46474246101480343,0.3625272455862742,0.3960150337059564,0.355513745520805,-0.9268792574291606,-0.16795418611988577,-0.4159123922736596,-0.6742421012811547,0.637466031187967,0.09995299630875197,1.8237230765965262,-0.5718374604412637,-1.473363615998764,-0.7487926376723213,-0.7343311379588138,0.9133915553279454,0.09937787690013729,-0.24748726386503617,-0.37132902802916784,1.2684714242345048,-0.16921889718104405,-0.5680731979956763,-0.11121743082837358,0.6702455409347412,-0.2485317896824889,-0.03578494546179028,0.13048385147655467,-0.1090249504311442,-0.9370902945635661,-0.8886430651574868,1.214665930042824,0.7169313867615795,-0.8681669882572131,-0.605196895132425,0.6817372622226752,0.11695684009007203,-0.11117506429636091,0.7538643148406279,0.6892412795514281,-1.199282991710574,0.2218710021766724,0.12372673160448625,0.6021068729609429,-0.24396262347484812,-1.4890709055105864,-1.1730291175807408,-0.2942268698357561,-0.5845041768407016,-0.6604436786404817,-1.539355226857028,-0.4024490504620272,-0.6415410673166809,0.5103891713383933,0.30580905096173133,-0.147478704661522,-0.24240005902030826,-0.38830139335901565,-0.5440865695861027,-0.16350937135726817,0.38080199062602993,0.7881276085418406,0.03735929248404518,-1.2013323621811174,-0.9178598385569644,-0.0843811411214016,-0.27020945749202063,-0.5418695351984979,-0.3243081776515777,0.3132090822339205,-1.2446673606324068,-0.7306303752809479,1.7589649762340218,1.2892841523857466,1.5197851563288365,0.8833622381655436,-0.5342625717916007,-0.17390692253403722,-0.14845189753203017,0.5530719137134853,0.4417321617098724,1.426482031403563,0.6095324869501779,-0.3040154629284538,-0.7144132671224226,0.06336825247911806,1.4275922164113448,0.4661911884092584,-0.239432342297835,0.745218988051988,-0.950521735763938,0.5808460001086905,-0.43251448243701507,0.0015281958291620628,-0.3594224035577464,-0.21655736678869908,0.010705906110925924,-0.6882662043630222,2.346090452046248,-0.26819831606956934,0.38717191951826374,-0.7786150389056439,0.18984369493399447]}},"identity_factors":[[0,0,0],[1,0,0],[2,0,0],[3,0,0],[4,0,0],[5,0,0]],"zne":{"method":"linear","degree":1,"sampling":"default","data_points":null}},"Symbol_count":25,"Data_points":[[4,1,0,-8.398156089857885],[12,1,0,-8.279204572756509],[20,1,0,-8.162290256733321],[28,1,0,-8.047373863852417],[36,1,0,-7.934416929569099],[44,1,0,-7.823381785088822]],"Run_time_sec":3.214859962463379}