{"Config":{"run":"zne","nqubits":7,"state":"dmatrix","observable":{"def":"ising","coefficients":{"cn":[0.5,0.5,0.5,0.5,0.5,0.5],"bn":[1.0,1.0,1.0,1.0,1.0,1.0,1.0],"r":1}},"output":{"file_name_prefix":"expe1_ideal_unitary_#8","fig_dpi":100},"vqe":{"optimization":{"status":false,"algorithm":"SLSQP","iteration":10,"constraint":false},"ansatz":{"draw":false,"type":"xy","layer":30,"gateset":1,"ugate":{"coefficients":{"cn":[0.5,0.5,0.5,0.5,0.5,0.5],"bn":[0,0,0,0,0,0,0],"r":0},"time":{"min":0.0,"max":10.0}},"noise":{"status":true,"value":[0.0001,0.0001,0,0]},"init_param":[0.938007874893024,0.42242169621971465,1.5890206669768543,1.5332023155499022,1.388849186131298,1.6687891206832965,1.687346875741903,1.504946843947972,1.986501563273848,1.9059500292210072,2.6708666341362286,2.629546596427862,3.348966871940623,3.278073809784678,3.0056065199553332,3.0425104584524814,5.028916421331919,4.9820270277041585,6.038363716212264,7.827341457191809,6.524367441566596,7.6932050520364825,6.193163945887472,7.527970989771405,6.20693774139202,8.226695096985654,6.931089678110497,7.738365233068639,8.902283834186441,9.999123783334882,0.3722898628038591,-0.5119514821270281,0.4219877638508362,-2.160769313487736,-0.5659630379624486,-0.35745882964694786,0.1687739649304069,-0.6388168159565975,0.6914774941374441,-0.5853220968499518,-0.44106199499009663,-0.3550994431135425,-1.2465842942686982,0.7724824449582482,0.2781965522093689,-0.10513183206458444,0.1693530569210152,0.4084031050679255,1.065362691678304,0.026163942673628975,-0.9384403066362341,0.1318891235525727,-0.47324553313918705,0.7588293943516835,-1.6953220816493775,-0.5842757061139829,0.18186766053039544,-0.41792851444040796,0.03906439928682136,-0.5996213160372844,-0.6243593657677783,0.20357414576634203,-0.487758567869504,-0.032617777598309985,1.4842433972221571,0.5391204201663686,0.40068790407012933,0.8041305033892191,0.9503297016483923,-0.21129012248867138,0.35262024353758653,-0.014323907457376342,-0.3004472151358315,-1.2715094536668419,0.26156024914268705,0.3339683085717932,0.7346556569845643,0.0323568299255643,-0.19517931032626462,-0.1100340329002173,1.2643977784877458,-0.08066328422652073,0.14815449047767423,0.596289786943128,-0.013541039637851682,-0.03349731457681653,0.24676828331592207,0.10260759369154067,0.7598574367404068,0.26273127642732474,-0.15930927021844038,-0.3499837496956998,-0.22545605489931775,0.1981882504681367,0.8376952919302759,-0.1363993707855562,-0.07473898913670143,-0.8936242470798079,0.5937101059887002,0.636597350056603,0.9862239573841618,0.13569023882531955,-1.5629095439788185,0.8271387226242892,0.3533061328710989,-1.4596359197402204,0.41508017996911034,0.017741756875817156,-1.5891819184622569,-0.038129485016631326,1.7511997939597097,-0.03373691534035801,1.2820320184640943,-0.2958352479234531,-0.4959703146734661,0.2673489804062139,0.41137164783244773,-0.2420886986708868,1.0351466905722686,-0.10472964037658539,2.309047498270763,0.13571192192172704,1.3292739018045872,0.904157017949767,0.022496609123390278,-0.4093639192753226,-0.05995405654578302,-0.09275454274705013,-1.0783068401770752,-0.27942630648285177,0.30068310187075625,-0.6986767237726631,-1.4370497379898617,-1.2137229114185983,-0.12868064926471234,0.9583039710836317,0.9563240993696416,-0.7251958881316956,0.18979005253180453,-0.33215638044713663,0.8367784674346288,-0.29468375224849946,-1.2882887665110128,-0.40950025372477994,0.043587792707484925,-0.0919289529589298,-0.5551863044703792,0.25057599853399204,2.074975243230576,0.6347344138425024]}},"identity_factors":[[0,0,0],[1,0,0],[2,0,0],[3,0,0],[4,0,0],[5,0,0]],"zne":{"method":"linear","degree":1,"sampling":"default","data_points":[[4,1,0,-8.108107735178647],[12,1,0,-7.9741954539644855],[20,1,0,-7.84279032977754],[28,1,0,-7.713840825995183],[36,1,0,-7.58729652860848],[44,1,0,-7.463108120823693]]}},"ZNE_values":{"Degree":1,"Sampling":"default","sampled data":[[4,1,0,-8.108107735178647],[12,1,0,-7.9741954539644855],[20,1,0,-7.84279032977754],[28,1,0,-7.713840825995183],[36,1,0,-7.58729652860848],[44,1,0,-7.463108120823693]],"Value":-8.168526014911587},"Run_time_sec":0.0009763240814208984}