{"config":{"run":"zne","nqubits":7,"state":"dmatrix","output":{"file_name_prefix":"AUTOMATE_xy_noisefree_time_evo_ric4_unifrom_scaling_sample#3","draw":{"status":false,"fig_dpi":100,"type":"png"}},"observable":{"def":"ising","coefficients":{"cn":[0.5,0.5,0.5,0.5,0.5,0.5],"bn":[1.0,1.0,1.0,1.0,1.0,1.0,1.0],"r":1}},"ansatz":{"layer":30,"gateset":1,"ugate":{"type":"xy-iss","coefficients":{"cn":[0.5,0.5,0.5,0.5,0.5,0.5],"bn":[0,0,0,0,0,0,0],"r":0},"time":{"min":0.0,"max":10.0}}},"vqe":{"iteration":1,"optimization":{"status":false,"algorithm":"SLSQP","constraint":true}},"init_param":{"value":[-3.641081222961908e-17,0.6149788059529836,0.7190202634465676,1.227117923902744,1.282995668258181,1.320146784613617,1.320146784613617,3.1464089486715623,3.1464089486715623,5.021180125711677,5.021180125711677,5.021180125711677,6.703692809170789,6.703692809170789,7.791601108223033,7.8369202041803225,7.951907692650894,7.98389042115583,8.258376681022987,8.258376681022987,8.264818959972613,8.264818959972613,8.264818959972613,8.264818959972613,8.265620267330194,8.265620267330194,9.412842541483705,9.412842541483705,10.502716174481437,10.502716174481437,0.1665558361704551,0.0766182276072886,-0.06331706305100791,0.03225035272845343,-0.2265177184784691,0.6859734408919996,0.358399999202588,-0.31490649734707366,0.03084506070978915,0.8141179515629021,-0.05751068028622007,0.9013204998454583,-0.325467390457223,-0.16027539072229496,0.19756436832536928,0.17875052394899651,0.07441990946369173,-1.7121562848350094,0.5411900571694856,0.025994665514066265,-1.0547594680221428,-0.3558195097906033,0.2575282902752545,-0.32652811387218433,-0.17477771883072452,0.05603758809983181,-0.31531793685177084,0.24953935818155465,-0.21945102528047247,0.016201452486715968,-0.47139285875704856,0.8354485366702803,0.28783787212142514,-1.483190369052958,-0.05324490057492157,0.00808064868141892,-1.3894868155533049,0.07648399162880297,0.28128388531065984,-0.8032486745370345,0.9961277979922681,0.7271807873997648,-0.2598267503182047,0.058937213125893145,1.4176939090014022,1.5623836495300838,-1.2281014386266311,1.627596878633186,0.150437982354294,0.017798034487339433,-0.2091243023446671,0.08776907917710067,0.637527078885032,1.2603122563899933,1.0910453886717337,0.001707278941889729,-0.5366140699752073,-0.04457743756443993,0.708269991966563,1.6757260639955311,0.6610325406900899,-0.508228690084442,-0.5178693625521746,-0.2955589105377924,-0.47790822054112786,0.31077598178920485,0.020632196003020267,1.5538854336639996,1.2816443511581943,-0.6926864187150775,0.73698114320343,0.3645818015611773,-0.2097443780477125,0.1421287040679699,0.052774836076248374,-0.7306191772967899,1.107856618529218,0.3743379513498811,1.2959169452837032,0.8858564921663113,0.03370518740548656,-1.0860983069970114,1.2199055901240408,-1.0630806559423625,1.3748402618369016,0.9943926078324806,0.7116645059379805,-0.21098608064682703,0.04581715611274856,-0.17117312830066983,1.2229557830916487,-1.6273428514067598,1.8508927721454946,0.851693435560975,1.0946646161197402,0.43088380554694883,-0.6171985422875839,1.6866137951313547,-0.2289359575496427,-0.09152362655526167,1.6917359096449291,0.22722692961233917,0.49434218233553445,1.2228162165990006,-0.4070166799423108,0.00966082758630671,-0.3344922737632815,-1.0755692755599169,1.1846485271761396,-0.06070659712292082,0.6384418838463358,-0.034216786122488324,-0.6519049362670448,-0.0019231105719348242,0.503764046349436,0.5779702041064313,-0.8610978040126155,0.5832069567020347,0.07954533618121334,0.016329041774977193]},"noise_profile":{"status":true,"type":"depolarizing","noise_prob":[0.001,0.001,0,0],"noise_on_init_param":{"status":false,"value":0}},"redundant":{"identity_factors":[[0,0,0,0],[1,1,0,0],[2,2,0,0],[3,3,0,0]]},"zne":{"method":"richardson","degree":0,"sampling":"default","data_points":[[4,2,0,0,-7.47570078392518],[12,6,0,0,-5.921149282782478],[20,10,0,0,-4.7240834286119355],[28,14,0,0,-3.7949056030968538]]}},"output":{"exact_sol":-8.566772233505624,"zne_values":{"degree":0,"sampling":"default","sampled data":[[4,2,0,0,-7.47570078392518],[12,6,0,0,-5.921149282782478],[20,10,0,0,-4.7240834286119355],[28,14,0,0,-3.7949056030968538]],"extrapolated_value":-8.415032907835059,"others":{"sorted_noise":[6,18,30,42],"sorted_expectation_vals":[-7.47570078392518,-5.921149282782478,-4.7240834286119355,-3.7949056030968538],"beta_coeffiecients":[2.1875,-2.1875,1.3125,-0.3125],"cost_richardson_zne":11.390625}},"run_time_sec":3.886222839355469e-05}}