{"config":{"run":"zne","nqubits":7,"state":"dmatrix","output":{"file_name_prefix":"AUTOMATE_xy_noisefree_time_evo_ric4_unifrom_scaling_sample#7","draw":{"status":false,"fig_dpi":100,"type":"png"}},"observable":{"def":"ising","coefficients":{"cn":[0.5,0.5,0.5,0.5,0.5,0.5],"bn":[1.0,1.0,1.0,1.0,1.0,1.0,1.0],"r":1}},"ansatz":{"layer":30,"gateset":1,"ugate":{"type":"xy-iss","coefficients":{"cn":[0.5,0.5,0.5,0.5,0.5,0.5],"bn":[0,0,0,0,0,0,0],"r":0},"time":{"min":0.0,"max":10.0}}},"vqe":{"iteration":1,"optimization":{"status":false,"algorithm":"SLSQP","constraint":true}},"init_param":{"value":[0.003408343124459994,0.0034083431244599804,0.006710027629051694,0.2484817728699434,1.1672656342280407,1.167470260322433,3.1453440534904744,3.166261678218574,3.2843704266652405,4.089250903115526,4.091989893807717,4.091989893807717,5.181052167254873,5.181052167254873,5.184972473956635,5.585122024093685,5.5990893229720795,5.630355974178803,5.704160317443757,8.658831571647385,8.66505230970618,8.712765508205756,8.712765508205756,8.712765508205756,9.168875276976076,9.176734348833309,9.262471352200725,9.262471352200725,10.578606537988184,10.578606537988184,1.5905119084430799,0.8691136234632737,0.04907693052707525,-0.23336553986203207,0.4284777328779486,2.2866815267075147,0.1760352312050406,0.27820168999860917,2.067264415281462,0.5755331494929522,-0.06858856463703264,-0.7222667597755238,0.7750924366303688,-0.278304785792398,0.5352624789798245,-1.1702690163303244,-0.012717570027659048,-0.07125250327360101,1.7927644689789062,1.3752915621891346,-1.1981440291126808,-0.30737164793891514,0.2657743539912098,0.04156274567190095,1.1363043468044227,0.059217925806269944,0.7608352104096147,-0.1513784586666425,0.025696061144845524,0.861481321747562,-0.48544656000194114,-0.006033515622113467,0.473431667961849,1.5469119181224316,0.1871819193791605,1.555475823471471,0.9001349633565042,-1.5961139272878428,-0.6749613217725859,-1.5596468027729833,0.5296186936496604,-0.8549575199843406,1.7649719371938613,1.5569889217595585,-0.9244334407213903,-1.5804326845781602,0.3840271097002098,-0.8070678340768227,-0.48791686278645724,0.13110829311357092,-2.023238766590243,-0.8997043584182223,0.8435119798114825,0.12108034013815198,-0.7013572315179941,0.05813246571029178,-1.3645229029121433,-1.704441396215925,0.6160899239086374,-1.6580292769388947,-1.550797918270104,-0.033040246679508146,-0.7595754539148374,0.6024045095197653,0.446745843265138,0.9717727329863253,-1.3190014690683383,-3.180952616822137,-0.47685451708111876,0.03958388950097112,-0.04894683660460036,-0.013869967587830365,0.9715551393376142,-0.2688733257646762,-1.7112803723577967,-0.06346862095088202,1.2756440828431679,0.4087049517265435,-0.4433737535464867,0.07044159255576982,0.877714241226598,-0.33059433004855665,-0.41683973817974146,-0.09123983383660174,1.153451542408442,1.5381060924707182,1.4432055127327397,0.7948381511053778,0.12126271666707081,0.3736422837955817,-0.06595460407520624,-0.1569219765005705,1.4053035958769775,-0.3443177603686477,0.14604377230684606,0.733462484703497,1.2365404639754205,-0.020105376528163625,-0.09631958929266826,-0.16876809298151013,0.42184799028013376,0.8803036484986011,-0.4148292271104988,0.011464734896518355,1.0895788780475535,-0.006017115067308532,0.6476481463328121,-0.4792828310008005,1.7145504838049759,0.9300252591703124,1.4147034805691376,-0.04601267898776636,-0.34579443398211707,0.006107561937391137,2.7608588509789516,-2.470402787070412,-0.2193552778493498,-0.43636419827955597,0.5036040054264609,-0.006776779992121664]},"noise_profile":{"status":true,"type":"depolarizing","noise_prob":[0.001,0.001,0,0],"noise_on_init_param":{"status":false,"value":0}},"redundant":{"identity_factors":[[0,0,0,0],[1,1,0,0],[2,2,0,0],[3,3,0,0]]},"zne":{"method":"richardson","degree":0,"sampling":"default","data_points":[[4,2,0,0,-7.568863804770513],[12,6,0,0,-6.084665473601484],[20,10,0,0,-4.914126798758423],[28,14,0,0,-3.985131466280292]]}},"output":{"exact_sol":-8.566772233505624,"zne_values":{"degree":0,"sampling":"default","sampled data":[[4,2,0,0,-7.568863804770513],[12,6,0,0,-6.084665473601484],[20,10,0,0,-4.914126798758423],[28,14,0,0,-3.985131466280292]],"extrapolated_value":-8.451121689590092,"others":{"sorted_noise":[6,18,30,42],"sorted_expectation_vals":[-7.568863804770513,-6.084665473601484,-4.914126798758423,-3.985131466280292],"beta_coeffiecients":[2.1875,-2.1875,1.3125,-0.3125],"cost_richardson_zne":11.390625}},"run_time_sec":4.744529724121094e-05}}