{"config":{"run":"zne","nqubits":7,"state":"dmatrix","output":{"file_name_prefix":"AUTOMATE_xy_noisefree_time_evo_ric4_unifrom_scaling_sample#2","draw":{"status":false,"fig_dpi":100,"type":"png"}},"observable":{"def":"ising","coefficients":{"cn":[0.5,0.5,0.5,0.5,0.5,0.5],"bn":[1.0,1.0,1.0,1.0,1.0,1.0,1.0],"r":1}},"ansatz":{"layer":30,"gateset":1,"ugate":{"type":"xy-iss","coefficients":{"cn":[0.5,0.5,0.5,0.5,0.5,0.5],"bn":[0,0,0,0,0,0,0],"r":0},"time":{"min":0.0,"max":10.0}}},"vqe":{"iteration":1,"optimization":{"status":false,"algorithm":"SLSQP","constraint":true}},"init_param":{"value":[4.1837705414928806e-17,1.1742327239243593,1.1742327239243593,1.174232723924359,1.3021435979041922,1.3883521076730898,1.4901272631800928,1.490127263180093,1.490127263180093,2.542545188872923,2.56739133991554,2.677178516908646,5.624946341909109,5.624946341909109,5.63924283183031,5.672838193807689,5.672838193807689,5.672838193807689,5.672838193807689,5.672838193807689,5.672838193807689,5.805507018952099,5.858678454346443,7.374841183417447,7.374841183417447,9.078346087689514,9.17910617229311,9.185363997877552,9.550522060955204,9.715006087156702,0.5380723684568228,0.20346632529178696,-0.28402043001150323,-0.013694659434132353,-0.8491217472851175,-0.13891219530245408,-0.7902948900320785,0.02035105936303376,0.35891510624171696,0.07011262472067725,0.2571910630887441,0.09727807922224965,-0.4253506785797692,-0.08201618636277365,-0.5629942371157008,0.4984357070329931,0.22460606922422946,0.6436861273901548,0.5581387866543217,0.6438048424266741,0.6625810608832491,-0.2877740698749285,0.03400434270310955,0.6598198228171638,0.15695492486622947,-0.23277712193728803,0.3379436543817524,0.6679629986711755,0.4913802101172593,-0.6543304626041586,1.2398324170787045,0.10868488610295632,0.4726806257545104,-1.0278416218016544,-0.5660236088762642,-0.06627186605932975,0.3527547117645279,0.3944014355355292,0.33709190475341266,0.16707772676088822,0.29195080738380563,1.0354529601392413,0.12500585138196232,-0.037178956773431956,0.7823218278561086,-0.04464215343745706,-0.36923576305262273,-0.9863817864437636,0.039519076991602065,-0.35646400258617383,0.04542480304419608,-0.46125271135496354,0.40472620693719735,0.7802480661953589,-0.6757172179201896,0.6396142241310521,0.2327897749192615,0.8954622299286413,0.7158405805761733,0.1382139633537826,1.0616928944303126,-0.6122315420380016,-0.6738539946512315,1.0433459792659807,0.494526070112864,0.20621322780405107,-0.05318175489586881,-0.11213659998229918,0.32941262943060273,0.13931786347259914,-0.07640781308377202,0.31450116184408605,0.3658109215963646,0.04460349089074807,-0.12913310998017427,0.31890485610090735,-0.005491508360761248,1.2692063073436923,-0.3006174703747285,-0.41404661321397057,-0.5199199797590206,0.44225909618051784,-0.4233007342169607,0.7456354776212751,-0.32484988424610756,0.9268151291603125,0.8385591284905366,0.027219364270413358,-0.5520387125082392,1.3757901840365965,0.02933419406725825,-0.2915193842748469,0.33917094344303517,0.10828106345120646,-0.5650186064180197,-0.6041651963720519,-0.19230834783869816,1.9848826966849449,0.0632219631903188,0.04804551511145073,0.47752350144148015,1.3406847618100746,-1.3722262204383469,-1.0513455672656666,0.7121308231347245,0.13278942055995957,1.9758312031522887,2.19648222646383,0.8936788375205645,0.05510909660880629,-0.18765678539637448,0.45031205104496697,-0.6542716355161553,0.5783583754336702,-0.18844184232604352,-1.5667303012058793,0.36110899429768645,-0.275182998952267,0.30367576290775045,-0.1532687178202341]},"noise_profile":{"status":true,"type":"depolarizing","noise_prob":[0.001,0.001,0,0],"noise_on_init_param":{"status":false,"value":0}},"redundant":{"identity_factors":[[0,0,0,0],[1,1,0,0],[2,2,0,0],[3,3,0,0]]},"zne":{"method":"richardson","degree":0,"sampling":"default","data_points":[[4,2,0,0,-7.130214875567141],[12,6,0,0,-5.622281179564727],[20,10,0,0,-4.4547314200293675],[28,14,0,0,-3.544056752302471]]}},"output":{"exact_sol":-8.566772233505624,"zne_values":{"degree":0,"sampling":"default","sampled data":[[4,2,0,0,-7.130214875567141],[12,6,0,0,-5.622281179564727],[20,10,0,0,-4.4547314200293675],[28,14,0,0,-3.544056752302471]],"extrapolated_value":-8.037922213699304,"others":{"sorted_noise":[6,18,30,42],"sorted_expectation_vals":[-7.130214875567141,-5.622281179564727,-4.4547314200293675,-3.544056752302471],"beta_coeffiecients":[2.1875,-2.1875,1.3125,-0.3125],"cost_richardson_zne":11.390625}},"run_time_sec":4.00543212890625e-05}}