{"config":{"run":"zne","nqubits":7,"state":"dmatrix","observable":{"def":"ising","coefficients":{"cn":[0.5,0.5,0.5,0.5,0.5,0.5],"bn":[1.0,1.0,1.0,1.0,1.0,1.0,1.0],"r":1}},"output":{"file_name_prefix":"expe4_ideal_unitary_sample#1_default2_richardson","draw":{"status":false,"fig_dpi":100,"type":"png"}},"vqe":{"iteration":10,"optimization":{"status":true,"algorithm":"SLSQP","constraint":false},"ansatz":{"type":"xy-iss","layer":30,"gateset":1,"ugate":{"coefficients":{"cn":[0.5,0.5,0.5,0.5,0.5,0.5],"bn":[0,0,0,0,0,0,0],"r":0},"time":{"min":0.0,"max":10.0}},"noise":{"status":true,"value":[0.001,0.01,0,0]},"init_param":[1.0167914326182808,2.753757704350379,0.5983931030517277,1.4853049110225487,1.4580105608232476,1.9201631803245405,2.218822628931809,0.7639473760526153,2.2972730553335787,1.2223703388899572,2.644850693162232,2.771970914088071,2.205218667661336,4.0119142436354664,3.8242632992967067,4.754089114463863,6.970460140370077,4.205769371750735,7.753316474247594,7.603301444875976,7.596917665536744,8.224299657704037,8.105636393014327,10.050216746869964,8.047559817450345,9.782125039662533,8.331174937717764,9.771219586942152,8.340795342380298,9.997774810711192,0.685634366501263,1.485047535407727,0.36281016070659,-0.20167140229481142,-0.3382374252303687,0.5241170837384679,-0.30330932340200034,0.3877038093873238,-0.8074983375239319,0.9450127782988259,0.15853639327335053,-1.1965583597745022,0.1841870768031183,0.07753351747816999,0.844829137173359,-0.2150435628605208,0.6973479178653567,-0.23320235821504676,-0.22641393275460964,-1.1948237747369006,-0.3019582321337804,0.4381210560364109,-0.08825005549055084,0.797118289361349,0.6318208236878929,0.9531078001924407,0.27837071339394903,0.4983142023897201,-0.1690291050742509,-0.3874407284587284,-0.07069214485694955,-0.33734274216400817,0.45428950417797725,-0.17162925607808607,1.0241453437894892,-0.04885787268727633,1.1445464184526932,-0.27304325605906515,-0.5280302273393426,0.22082627191887472,-0.22268730743731155,-0.6411528621092604,0.7003723406106989,-0.41514563913866137,-0.5386063615209018,-0.8018967298931797,0.11372098772021899,1.152524576881405,-0.9805740973229687,-1.4376290524087512,0.9914094265678062,-0.21187109516699823,2.384351467502088,-0.47712693210186446,1.5354514974795888,-0.43738005778387856,-0.09699598536610178,1.0323079652175449,0.13052369921969786,-0.12771490030731195,0.0005281905841887789,-1.4818295751719057,0.2212784266214115,-1.314966559060726,0.07442860538928738,-1.376880823951371,-0.26446043235829636,-1.446548497497439,1.9948864026351922,1.613431616823754,1.0563988912941205,1.502509722748344,-0.0455050445669114,-0.0017058648668536003,0.27240614578811595,1.1367895471704923,0.10058513566288231,-0.559192856963467,0.9423793406318911,2.8439973046426017,-1.6484484813077636,-0.45296404847522037,0.4584249647965725,1.5715015339536156,0.5078313590034729,0.6888276632499029,1.108835926590061,1.294085386939239,-0.4054386845856182,1.135323558506792,-0.020172986403637058,-0.722145600357182,-1.514200196845663,0.34252837988851864,0.0789461363661858,-0.3322460914572675,-0.05973293141319676,-0.4462077569372421,0.10713342505435773,-0.37997640861709536,1.794569307041496,-0.8847730055299731,0.12164071583077242,0.15737964075919927,-0.784050503787229,-0.06320605803983323,0.898361337664746,0.842341699963715,0.6481625897951235,0.9506681552347525,-0.10781909957071015,-0.6022924259649802,-0.15517586005251774,-0.9620391788903936,0.5085637363818364,-0.8472678494436395,1.8947282745276044,0.35762254956064315,-0.167670117370088,0.7574224672283375]}},"identity_factors":[[0,0,0,0],[1,0,0,1],[2,0,0,0],[2,0,0,2],[0,0,0,1],[0,0,0,2],[3,0,0,0]],"zne":{"method":"richardson","degree":1,"sampling":"default-2","data_points":[[4,1,0,1,-6.155922478463135],[12,1,0,3,-3.657576520358715],[20,1,0,1,-4.5759289575370055],[20,1,0,5,-2.330039297903323],[4,1,0,3,-4.195791962980047],[4,1,0,5,-2.9646066632684698],[28,1,0,1,-3.9769758839005878]]}},"output":{"exact_sol":-8.56677223350563,"zne_values":{"degree":1,"sampling":"default-2","sampled data":[[4,1,0,1,-6.155922478463135],[12,1,0,3,-3.657576520358715]],"extrapolated_value":-7.6549300533257885,"others":{"sorted_noise":[6,16],"sorted_expectation_vals":[-6.155922478463135,-3.657576520358715],"beta_coeffiecients":[1.6,-0.6],"cost_richardson_zne":2.9200000000000004}},"run_time_sec":0.0}}