{"config":{"run":"zne","nqubits":7,"state":"dmatrix","observable":{"def":"ising","coefficients":{"cn":[0.5,0.5,0.5,0.5,0.5,0.5],"bn":[1.0,1.0,1.0,1.0,1.0,1.0,1.0],"r":1}},"output":{"file_name_prefix":"expe4_ideal_unitary_sample#3_default2_richardson","draw":{"status":false,"fig_dpi":100,"type":"png"}},"vqe":{"iteration":10,"optimization":{"status":true,"algorithm":"SLSQP","constraint":false},"ansatz":{"type":"xy-iss","layer":30,"gateset":1,"ugate":{"coefficients":{"cn":[0.5,0.5,0.5,0.5,0.5,0.5],"bn":[0,0,0,0,0,0,0],"r":0},"time":{"min":0.0,"max":10.0}},"noise":{"status":true,"value":[0.001,0.01,0,0]},"init_param":[0.2703149818121717,0.15298311169676052,0.2891217043023136,0.298168046790692,0.8744947961897237,0.9142058273409306,1.3444434187836867,1.4563092589296764,3.7263995368662384,3.7841416038643536,4.7648280097986495,4.994785667971635,4.482758766581601,5.346160716897446,5.28754389690049,5.4994586762122655,7.100583089242896,6.836708639539332,7.002195388179542,6.64872416127936,7.508987542361512,7.694720853293079,8.542890010483864,8.267408311999692,8.188265467731586,8.390348497459698,7.59086976335877,9.25196332093605,7.758052347981088,11.242591029655916,-0.34288577202275394,-0.7049873617514643,-0.32965161830788314,-1.9486485525572133,-0.40889887918298334,0.8974256998262157,-0.3484283876330633,0.024331454817280496,0.421631214681271,-0.5204871435171594,0.1278036944085731,0.7655910845767973,-0.9209212111563506,-0.3770712488740145,0.3235343389639794,2.1855165179150617,0.9790259776107231,0.09488579535365685,-0.19540030187236812,-0.42515841813191585,1.9684940625199159,0.44055811078487517,-0.11285750147836103,-0.3719374079037642,0.23631453848069273,-0.5307982031336289,0.18262432908095044,-0.6545804749846965,0.7046287144389719,1.2784710147617808,0.050294123880918085,-0.43183612390556325,0.03563227880177555,0.08154627216056427,-0.7570081649394721,0.058414171268937276,-0.681622280775608,-1.1926563945611786,-1.4001527504118347,-0.04533800079573831,0.22428871851329907,1.5735842865085785,0.39306495897945776,1.436326494060082,1.3883163641237093,1.3755040321219247,0.9679117977371147,-1.4844932463375324,-0.28201504991963133,1.0154184598336882,-0.529582849955754,1.1529121767932204,-0.579890234170725,1.575572792656957,0.9027211190832437,1.2387174235573049,0.32495479993699994,-0.13210959593319807,0.29884568719933974,-0.11155547847651817,-0.6814494854241433,0.2525040181426553,-0.006082222910183441,0.3498598459565078,0.5360449857969356,-0.7314810415216134,-0.03417595951247735,-0.6288374035013546,0.286097809424954,0.9992720430760031,-0.48700222166380247,1.7054231931549553,-0.22445206371926202,1.8050516078091192,-0.21089140545746551,-0.557586469589188,0.1511708083196366,-1.4889367764630759,-1.3992444968116493,0.5451932128495797,0.9198581470700162,0.11383387859967453,-0.25732169653140646,1.3205423732100012,0.9157315157615571,-0.8708080016456349,0.24881605477564905,0.2910577118355367,0.6051297437739316,-0.007321135722230976,-0.43015053153278554,2.25575535552339,0.6075398061012139,0.14298743458425683,-0.989431955712973,0.011611643419277763,-0.6274365649488842,0.16443887805855584,-0.3251540690706941,-0.34987834930884065,0.012570052028144077,0.4390518532752283,0.590787361820972,-0.33560352348347067,0.3535731499550812,1.6823290946029914,-0.8727250767274141,1.4724408803443885,0.4262437393134314,1.4805656233052427,-1.462892946347656,1.5586384892276668,1.553149643895445,-1.4872743848466865,-0.1737014161172964,-1.6474466688070257,-2.122833924116004,1.566114833605754,-0.828274199589508,1.5774088620820306]}},"identity_factors":[[0,0,0,0],[1,0,0,1],[2,3,2,1],[2,1,4,1],[3,4,1,3],[1,2,8,1],[1,2,6,0]],"zne":{"method":"richardson","degree":1,"sampling":"default-2","data_points":[[4,1,0,1,-6.403150947969654],[12,1,0,3,-3.909214390794807],[20,7,20,3,-3.429476598495098],[20,3,36,3,-3.4294765984950577],[28,9,12,7,-1.6482043962915793],[12,5,68,3,-3.909214390794851],[12,5,52,1,-5.5441357170668235]]}},"output":{"exact_sol":-8.56677223350563,"zne_values":{"degree":1,"sampling":"default-2","sampled data":[[4,1,0,1,-6.403150947969654],[12,1,0,3,-3.909214390794807]],"extrapolated_value":-7.899512882274563,"others":{"sorted_noise":[6,16],"sorted_expectation_vals":[-6.403150947969654,-3.909214390794807],"beta_coeffiecients":[1.6,-0.6],"cost_richardson_zne":2.9200000000000004}},"run_time_sec":0.0}}