{"config":{"run":"redundant","nqubits":7,"state":"dmatrix","observable":{"def":"ising","coefficients":{"cn":[0.5,0.5,0.5,0.5,0.5,0.5],"bn":[1.0,1.0,1.0,1.0,1.0,1.0,1.0],"r":1}},"output":{"file_name_prefix":"expe4_ideal_unitary_sample#5","draw":{"status":false,"fig_dpi":100,"type":"png"}},"vqe":{"iteration":10,"optimization":{"status":false,"algorithm":"SLSQP","constraint":false},"ansatz":{"type":"xy-iss","layer":30,"gateset":1,"ugate":{"coefficients":{"cn":[0.5,0.5,0.5,0.5,0.5,0.5],"bn":[0,0,0,0,0,0,0],"r":0},"time":{"min":0.0,"max":10.0}},"noise":{"status":true,"value":[0.001,0.01,0,0]},"init_param":[-0.1330505512156574,1.1103390994294855,1.1687088560560361,1.8368311433546654,0.6384065236935937,1.3836455584067155,1.1518241354268473,2.1111535228618137,5.813665952934523,4.676158758684107,5.741493467867147,4.845493884042935,4.905034488496749,5.814748963623507,4.225532545579287,6.304268375635055,5.954457549765225,8.029566538341296,5.477250505259986,7.659539619644552,7.547717536940902,7.952723770039892,7.742753849878034,7.998475414399893,9.42024225265471,9.498554735520672,10.1854586142249,9.997843724218333,9.874661274875802,9.935166716062106,0.21309184392441793,0.8326286678427707,0.0891893276285659,0.5199592921084689,0.29055044534550095,0.6442299911163815,0.021382833968227842,0.44607755187024245,-0.8305112055934105,0.7783869140274575,0.4327015049408849,0.2643555535014406,0.3611083203246854,-1.0907590042970297,-0.273296812369246,0.6743856012751379,1.0497069996969317,-0.8916611062637838,0.6958049540094038,-0.23665189028553996,-0.26726164810011954,0.2587235848587102,1.498459714539785,-1.2068434839041395,-0.02905701615954688,-0.4080726516865781,0.9471531845234371,0.2318212113161298,1.1365566022807292,1.2565876002983074,-1.1287528573449424,-0.5757105699635547,0.9422406878986235,-0.2937714434917236,0.9786872285510788,-1.3911217484115799,-0.45124033664342744,0.8617753399752066,-0.36806603213256006,-0.0342753134033259,0.7106627186698597,-0.007604697935298069,-0.7807564174009632,0.14139358056946852,0.6368308007935224,-0.286290021331729,0.9837476007263273,0.03622519545079286,-0.9536709964685173,0.5026349494395111,0.06077009304322666,-0.2593706326580474,0.9555521273709867,-0.5532898936103903,-0.8192581420525893,-0.036389786386942825,0.906430285849578,1.3975841482777995,-0.39036971777970936,0.7632143984811468,1.0026931502573742,-0.11094259590941948,-1.3318904756213101,0.11315047766338604,-0.15301718596822492,0.054091830017303257,-1.1537971816704988,0.268312418453478,-0.29831734425932266,0.2986192126506307,-0.44266748100557635,-0.8888201574187632,-1.1595439727072718,1.5066359078804143,-0.9954407977231149,1.287576600174374,-0.7113422406786172,0.6038455129926832,-0.43681604050086426,0.30229598822460124,0.001023171728448985,0.16280510528234352,0.4718804175585094,0.39759859881973514,0.8094940849548768,-0.692880963655014,-1.8340641937209405,-0.4936158373869156,-0.033039922943244066,0.5597031882583057,1.5202554634712921,-0.3159571688645703,0.1871238020752922,1.2922534757380164,-0.7812046789790212,0.7203586502080597,-0.4020085387372308,-0.2927623321939807,-0.13106835710939269,1.0272246393569848,0.5860662582048691,0.1938561978225089,0.32050317277164075,0.0072107607552271465,-0.3306801536829888,0.5364447201536355,-0.37685705343682735,-0.5114051925138113,-0.5241166898763674,1.2078252177709403,0.5977779663494182,0.6024237344572967,0.3646321320505945,-0.2510385346355657,1.2205642177377471,-0.35072180556313104,-0.5013194872858502,0.08876372572486282,-0.19281286442795187,-0.35922100529407197]}},"identity_factors":[[0,0,0,0],[1,0,0,1],[2,3,2,1],[2,1,4,1],[3,4,1,3],[1,2,8,1],[1,2,6,0]],"zne":{"method":"richardson","degree":1,"sampling":"default-2","data_points":null}},"output":{"data_points":[[4,1,0,1,-6.291905199201989],[12,1,0,3,-3.784135785233039],[20,7,20,3,-3.309730130755731],[20,3,36,3,-3.309730130755657],[28,9,12,7,-1.5131775838190547],[12,5,68,3,-3.7841357852331186],[12,5,52,1,-5.443034635683197]],"run_time_sec":16.4833881855011},"others":{"observable_string":"1 X 0 X 1 + 1 Z 0 + 1 X 1 X 2 + 1 Z 1 + 1 X 2 X 3 + 1 Z 2 + 1 X 3 X 4 + 1 Z 3 + 1 X 4 X 5 + 1 Z 4 + 1 X 5 X 6 + 1 Z 5 + 1 Z 6","time_evolution_gate_hamiltonian_string":["0.5 X 0 X 1 + 0.5 Z 0 Z 1 + 0.5 X 1 X 2 + 0.5 Z 1 Z 2 + 0.5 X 2 X 3 + 0.5 Z 2 Z 3 + 0.5 X 3 X 4 + 0.5 Z 3 Z 4 + 0.5 X 4 X 5 + 0.5 Z 4 Z 5 + 0.5 X 5 X 6 + 0.5 Z 5 Z 6"]}}