{"config":{"run":"zne","nqubits":7,"state":"dmatrix","observable":{"def":"ising","coefficients":{"cn":[0.5,0.5,0.5,0.5,0.5,0.5],"bn":[1.0,1.0,1.0,1.0,1.0,1.0,1.0],"r":1}},"output":{"file_name_prefix":"expe4_ideal_unitary_sample#9_default2_richardson","draw":{"status":false,"fig_dpi":100,"type":"png"}},"vqe":{"iteration":10,"optimization":{"status":true,"algorithm":"SLSQP","constraint":false},"ansatz":{"type":"xy-iss","layer":30,"gateset":1,"ugate":{"coefficients":{"cn":[0.5,0.5,0.5,0.5,0.5,0.5],"bn":[0,0,0,0,0,0,0],"r":0},"time":{"min":0.0,"max":10.0}},"noise":{"status":true,"value":[0.001,0.01,0,0]},"init_param":[-0.021449860022586354,1.346356817036431,1.129724560701074,0.2744730875726307,0.5626714052281009,1.346461496665369,1.178831459315608,0.5824369524373644,1.317585503226044,0.760937579255168,1.9355325126943448,1.0397346734100552,2.424498646410141,1.457038029886525,2.722362559368828,1.8118916710201396,3.4604483798415706,3.28943058789793,4.060604594035788,3.87754538371338,5.822493124846074,5.34806851714235,5.278280132385432,7.149161921312148,7.203169402791209,7.350841105818595,7.269668162949487,8.468997735833943,8.43647445108066,9.971966623172568,0.061670379334005834,0.7265344030079933,-0.22569754299385805,0.05012179507041127,0.2913740804811073,0.6521925736647833,-0.5747157968921837,-0.21313205592827583,-0.1320657013771599,0.1119648840219024,-0.31978015885189087,1.0820497871327213,0.24772076034887996,0.939835224038431,-0.7947222863455561,1.026849227480825,0.6650713641174295,0.14578109164534733,-0.4406285890225179,-0.10426419284609828,0.9858389743958202,-0.7015628660655692,0.015085142569120441,0.9401194862678263,-0.06271607100107772,0.5457232518940721,0.665881931480865,0.4372447758310523,-1.1529432690149977,-0.14966886986312358,0.40270817953185334,0.5550381627639289,0.6283656631178977,0.16322824828350907,0.029498320939492513,1.306198479128233,0.018392395587915798,0.31426563349287034,0.7678456036007127,-0.6569430082022468,-0.879181519360234,-0.27358947688571855,0.38617800386044443,-0.4152361914807092,0.48177956321252163,-0.0374593297122985,0.16212166613676893,0.42317470688991043,1.064618972734855,-0.7055962109964412,-1.2002011678121594,-0.4991098428571699,0.38226012406311327,1.7113380057759875,1.922605566314183,1.597067439538246,-0.12650582400497695,0.6973745008782193,-0.333916182217764,-0.949043564317319,-1.2599033907715285,1.1002246332595207,1.1947274002913915,1.4102571130955044,-0.20653878454470367,-0.044243009833223705,-0.8079010294496566,-0.38063028292184703,0.013982235657019212,0.3435293846254892,0.36031161719149307,-0.09265642715674208,1.9933097351078073,0.0716132438674168,-0.23514280202329843,-0.6316244725191432,0.10566487623655385,-0.019808109998678686,0.3803114456921864,0.08177594919938772,1.2469645043280777,1.505458801713565,0.3971542004460051,-1.587396087583333,1.2058106349106579,0.03692991533956054,-1.655825058442102,1.36964934110638,-0.020235626623846693,0.053599249036361894,-0.013824036855111459,0.061049128398729814,1.394173684193377,0.08458011636457985,1.328569611745781,-0.8921102826783366,0.4011311289164374,0.22617634636430145,2.2777723815801405,-0.11145944728492682,0.6216145572585843,0.014353710988515707,1.4998582434454035,-0.5049784856568419,1.063956553063206,1.0925788291617344,0.3596945314318368,0.01068573365446947,0.6790552955544318,-0.033697914008014244,-1.3056306213029696,-0.4751421077161557,0.6626606567851626,0.7041834254159379,0.4652318799011578,0.004608732181600265,-0.1756593656286266,-1.6204154282987635,-1.6716037840112894,-1.5079065977795316]}},"identity_factors":[[0,0,0,0],[1,0,0,1],[2,3,2,1],[2,1,4,1],[3,4,1,3],[1,2,8,1],[1,2,6,0]],"zne":{"method":"richardson","degree":1,"sampling":"default-2","data_points":[[4,1,0,1,-6.60673274227877],[12,1,0,3,-4.3322193389199235],[20,7,20,3,-3.8854766089789186],[20,3,36,3,-3.8854766089787036],[28,9,12,7,-2.1344303065536137],[12,5,68,3,-4.33221933892016],[12,5,52,1,-5.839581798360844]]}},"output":{"exact_sol":-8.56677223350563,"zne_values":{"degree":1,"sampling":"default-2","sampled data":[[4,1,0,1,-6.60673274227877],[12,1,0,3,-4.3322193389199235]],"extrapolated_value":-7.971440784294078,"others":{"sorted_noise":[6,16],"sorted_expectation_vals":[-6.60673274227877,-4.3322193389199235],"beta_coeffiecients":[1.6,-0.6],"cost_richardson_zne":2.9200000000000004}},"run_time_sec":0.0009851455688476562}}