{"config":{"run":"zne","nqubits":7,"state":"dmatrix","observable":{"def":"ising","coefficients":{"cn":[0.5,0.5,0.5,0.5,0.5,0.5],"bn":[1.0,1.0,1.0,1.0,1.0,1.0,1.0],"r":1}},"output":{"file_name_prefix":"expe4_ideal_unitary_sample#7_default2_richardson","draw":{"status":false,"fig_dpi":100,"type":"png"}},"vqe":{"iteration":10,"optimization":{"status":true,"algorithm":"SLSQP","constraint":false},"ansatz":{"type":"xy-iss","layer":30,"gateset":1,"ugate":{"coefficients":{"cn":[0.5,0.5,0.5,0.5,0.5,0.5],"bn":[0,0,0,0,0,0,0],"r":0},"time":{"min":0.0,"max":10.0}},"noise":{"status":true,"value":[0.001,0.01,0,0]},"init_param":[-0.007171162646032237,1.1377136913061197,2.0880942358747117,1.1647945668397823,1.647638219444987,1.7632693350975144,1.6279738175157215,3.7049606838742815,3.8464994072609677,3.0007174761084143,5.28673157654819,4.8990846761377,5.890570350578326,6.704450649063046,5.532419757826357,6.301842736053846,6.506765492484626,7.878105450603592,7.598435339981756,8.498548956579157,8.111555025845004,9.267177996983312,8.703606247635273,8.348680155456622,9.242450296816166,9.651919788827486,9.099304947522423,9.455169169267483,9.939470919411697,10.105101518373662,-0.051795843280842524,1.2642097294981771,0.030726821760760775,-0.3146611541534549,0.19104544298781362,0.16978037560543338,0.46308660211159464,1.91092347722413,0.015395802453673963,0.9306796981478381,0.12678646138228297,0.3693247789234303,0.453364246078018,-0.9039004078376572,-0.35273083788862847,1.8419415477900598,0.8125272923674818,0.3601658742158697,0.5633447265658166,-0.2734957927903973,-0.1805349670129356,0.7172603728114221,-1.8209241869567063,-0.6762244082726879,-0.22838469806442607,-0.48600882874268136,-0.18798678874963073,-0.71019997807016,-0.2753232596026992,-1.2693577632769104,0.6752481343485827,0.9173204330482835,-1.8327003157572583,1.7053409694313066,-0.3709370541913833,1.3119642795521704,1.2039825140772096,-0.24832892110028912,-2.160486572773639,-0.0043845417710782625,0.15268804619561566,1.9011997355844779,0.6192976834068927,-1.7261556545607148,-1.2009441205733342,1.467645523027929,0.5279118949160881,1.9949923647394052,-1.546111050547903,1.4305668027581686,-0.7692855846012414,-0.9938777605575544,-0.840773329824988,-0.6754411561726438,0.8012048570996614,0.9366614496216932,-1.4075708863485357,1.0113985326307007,-0.7662885180145738,0.7087563203650619,-0.5382513234436889,0.21144138260372836,1.463422674928221,-0.2720830537752989,0.6113889503926313,-1.1963783358988562,0.3556448522935577,0.07412648433565568,0.7478107162258159,0.5605231545158096,0.7389376755909027,-0.12756538383015192,-0.27989637400064904,-0.11956703122139005,0.4189411505419103,0.10805521469134599,-1.2880995173848646,-0.4313537105623838,0.5490671850873331,1.1774199516675063,0.47131242546085517,0.06068443596611359,0.18366534796605763,-0.1588472951698536,-0.2774007799470333,0.24621058553445718,0.9525186639132632,0.4192734944001258,0.6578660793523178,-1.7456212178538937,0.1830273435017676,0.6952188447895347,-0.5078595428298708,-1.6248270891726013,0.7233830672348057,-0.326428598925281,0.5076950621790084,-0.9489834106787585,0.19885814715711303,1.2487621239282032,0.7006979819322702,0.49996965742113036,0.6480960648797419,-0.2627436808901451,-1.0577027047644256,0.12824647431709524,-1.2276384566771736,-0.23448248291385762,-0.04272255660373807,0.45706920595031764,0.30514762813198576,0.38901865183272183,0.9290320750558496,0.24799902355276812,-0.889505461079146,0.21021147767249587,0.05716054056786736,1.187761800594033,2.559055051069586,0.7548616173907364]}},"identity_factors":[[0,0,0,0],[1,0,0,1],[2,0,0,0],[2,0,0,2],[0,0,0,1],[0,0,0,2],[3,0,0,0]],"zne":{"method":"richardson","degree":1,"sampling":"default-2","data_points":[[4,1,0,1,-6.290788218440405],[12,1,0,3,-3.8303613523073996],[20,1,0,1,-4.742797548961936],[20,1,0,5,-2.428005485064566],[4,1,0,3,-4.379797273402884],[4,1,0,5,-3.1169128645599584],[28,1,0,1,-4.141476833979165]]}},"output":{"exact_sol":-8.56677223350563,"zne_values":{"degree":1,"sampling":"default-2","sampled data":[[4,1,0,1,-6.290788218440405],[12,1,0,3,-3.8303613523073996]],"extrapolated_value":-7.76704433812021,"others":{"sorted_noise":[6,16],"sorted_expectation_vals":[-6.290788218440405,-3.8303613523073996],"beta_coeffiecients":[1.6,-0.6],"cost_richardson_zne":2.9200000000000004}},"run_time_sec":0.0}}