{"config":{"run":"redundant","nqubits":7,"state":"dmatrix","observable":{"def":"ising","coefficients":{"cn":[0.5,0.5,0.5,0.5,0.5,0.5],"bn":[1.0,1.0,1.0,1.0,1.0,1.0,1.0],"r":1}},"output":{"file_name_prefix":"expe4_ideal_unitary_sample#6","draw":{"status":false,"fig_dpi":100,"type":"png"}},"vqe":{"iteration":10,"optimization":{"status":false,"algorithm":"SLSQP","constraint":false},"ansatz":{"type":"xy-iss","layer":30,"gateset":1,"ugate":{"coefficients":{"cn":[0.5,0.5,0.5,0.5,0.5,0.5],"bn":[0,0,0,0,0,0,0],"r":0},"time":{"min":0.0,"max":10.0}},"noise":{"status":true,"value":[0.001,0.01,0,0]},"init_param":[-0.13854872677647936,0.5036025626378094,-0.11335523400331536,0.8366379860079125,1.2804930203684524,1.0649053913001554,1.5411240914167177,1.3425905759601875,1.3802258785962673,1.3718558032066956,1.3238549343587527,1.3444013658725686,1.4609728808356228,4.097655838923979,4.038646313458316,5.13821562454466,6.256124967713129,6.300498148178466,6.109470669913353,8.440662539374499,8.467022681192594,8.63462439923569,8.56303907531178,9.773781983652135,9.352459841026876,9.321247688125283,9.259924589448627,10.05996143230753,10.095641825643487,9.827138321076443,0.6822633104926354,-0.6939356877758261,-0.07086950415197388,0.3407463251647273,0.49822084142347534,-0.8847810774806655,-0.1387494951770391,-0.8187499826144508,-0.9132314372056873,0.17222085741610893,-0.533397211496815,-0.24754224209783626,-0.30767381673703986,-0.624251837996072,0.32344744283065746,-0.3728141321021121,1.2611507923729244,-0.22213056523357264,-1.71881452938557,0.6234849033046379,-0.07016331914050936,0.8250502447737149,-0.3895156035426934,-1.594618921431816,0.5892492220511661,0.8884907631636052,0.2704612868675565,0.5710988097173303,0.027786894875722182,-0.16427910888191816,-0.224729071095976,-1.0061737425098385,0.3053331388274158,0.42629476007291733,-0.5686794093542893,0.8484371167912055,0.08180568787759723,0.21668813342527196,0.7575886742782862,-1.004572863444185,-0.2510700883002146,0.005701147197030966,1.4892195609958787,-0.11740250856733185,0.5532598203540783,0.14756504071633353,-0.20460461479582678,0.07175972617120625,1.2347364337692015,-0.749564574769388,-0.3975568842613933,0.37454233222906014,1.1058420310432833,0.06970715260230043,-0.2559486837422915,-0.4430255272343639,-0.04213792045368858,1.1901674000798206,0.29609118519463007,0.005341116690046839,0.7204891995778531,1.4991913903794007,0.39861011446894906,1.5341361857965574,-0.9523260501432446,-0.12138042677666264,-0.5190768745297298,1.3818221548684995,-0.5520064721218155,1.3433057052189061,-0.4985979924686927,0.16058119753191308,1.2416303483715072,1.520436952425311,-0.006450482744659198,-1.4626893056797323,0.6936561692298673,0.11631923252503586,-1.2155542976049174,-1.0724018898424104,0.4755640391810092,1.3619728141788552,-0.3329544608694745,0.15881122530481157,-0.16912031603239583,-0.050975055823935814,-0.3862620714109601,0.9707101702502771,-0.46571208155054883,-0.21375141828502744,-1.9718976106116397,-0.026927419652890836,-0.7128637461784317,-1.5878296760016277,1.0631171041006775,1.6108174280854533,0.14857088535666618,1.6745316691270316,0.41506986714748134,0.06609584556330703,-0.13241850690973198,0.6591559954026117,-0.17647446078058368,0.5761126019451523,-1.5025169107524883,-0.4316202943445586,0.8713504298736559,1.3858032753720533,-0.04295400353515348,1.1348462912240411,0.9918128349814245,-0.716295926327908,-0.35476019061886216,0.06866638031251017,-0.08724430465803024,0.30572155334992607,0.4656437157428326,0.2862469063796899,-0.32734460373739127,-0.6278504882683991]}},"identity_factors":[[0,0,0,0],[1,0,0,1],[2,3,2,1],[2,1,4,1],[3,4,1,3],[1,2,8,1],[1,2,6,0]],"zne":{"method":"richardson","degree":1,"sampling":"default-2","data_points":null}},"output":{"data_points":[[4,1,0,1,-6.5681064776910905],[12,1,0,3,-4.181173915758098],[20,7,20,3,-3.706257979314624],[20,3,36,3,-3.706257979314526],[28,9,12,7,-1.8689216619017146],[12,5,68,3,-4.181173915758209],[12,5,52,1,-5.760887142808002]],"run_time_sec":15.940920114517212},"others":{"observable_string":"1 X 0 X 1 + 1 Z 0 + 1 X 1 X 2 + 1 Z 1 + 1 X 2 X 3 + 1 Z 2 + 1 X 3 X 4 + 1 Z 3 + 1 X 4 X 5 + 1 Z 4 + 1 X 5 X 6 + 1 Z 5 + 1 Z 6","time_evolution_gate_hamiltonian_string":["0.5 X 0 X 1 + 0.5 Z 0 Z 1 + 0.5 X 1 X 2 + 0.5 Z 1 Z 2 + 0.5 X 2 X 3 + 0.5 Z 2 Z 3 + 0.5 X 3 X 4 + 0.5 Z 3 Z 4 + 0.5 X 4 X 5 + 0.5 Z 4 Z 5 + 0.5 X 5 X 6 + 0.5 Z 5 Z 6"]}}