{"config":{"run":"zne","nqubits":7,"state":"dmatrix","output":{"file_name_prefix":"AUTOMATE_heisenberg_noisefree_time_evo_ric2_sample#1","draw":{"status":false,"fig_dpi":100,"type":"png"}},"observable":{"def":"ising","coefficients":{"cn":[0.5,0.5,0.5,0.5,0.5,0.5],"bn":[1.0,1.0,1.0,1.0,1.0,1.0,1.0],"r":1}},"ansatz":{"layer":30,"gateset":1,"ugate":{"type":"heisenberg","coefficients":{"cn":[0.5,0.5,0.5,0.5,0.5,0.5],"bn":[0,0,0,0,0,0,0],"r":0},"time":{"min":0.0,"max":10.0}}},"vqe":{"iteration":1,"optimization":{"status":false,"algorithm":"SLSQP","constraint":true}},"init_param":{"value":[0.43940602753254654,0.4524980474487914,0.6462847510297367,0.6535145711164267,0.7019965052930044,1.0830061860275473,1.4380021973026182,2.1860837771467474,2.1860837771467474,2.1860837771467474,2.4875804812430995,2.911818356328843,4.9134595358452735,5.043089843653786,5.994354774193697,6.658321281734746,6.666230857319696,8.458454027735183,8.458454027735183,8.458454027735183,8.938931772570164,8.938931772570164,9.876451730548837,9.876451730548837,10.140618079102744,10.453495471248813,10.878653713196195,11.282429749250388,11.726474998572407,11.93229290545428,2.9640535214497064,-0.6206168106317247,-0.4035747848788786,-2.067222048924027,2.0576259596946604,1.364315765000901,-0.1480698866383175,-1.95043906046908,0.7897528850889669,1.350582507885341,-0.3349044763190947,-2.3429833820345465,2.04351680973891,0.8083219796841106,-0.06520770630024467,-0.8776318722364843,2.4862506381076748,0.8345121096737285,-0.03071661620417745,-0.6225183255138825,0.7450777062518694,0.12619297185303674,0.15620862918286052,-0.47540100870445906,0.6345315438244892,1.451076347224231,0.10985833383721234,-1.6475696409761669,1.1918822544398533,1.3235539868194213,-0.24222060474147966,0.2418944215339802,1.0397651583041008,1.6773252160624976,0.16975786500059598,-0.9211027317156172,0.7590471244619662,1.76540125315151,2.43856734239768,-0.19488067618654012,0.8462629124439717,0.9979674075340036,2.5775834810620677,0.5650956422366618,-0.5475934153287456,-0.0253449469292375,1.2524069066350432,-0.605696708865831,0.7019502861337156,0.2803153244338447,-1.0831925759777479,1.0082140101851143,-0.3762046176346905,-0.9535933533256993,-1.0422804614435257,0.13948594332192887,0.5835070530053111,0.16086524965091817,0.06403444071667018,-0.06194188553710435,-0.4026223625881385,0.2750028468648149,0.6789909068622377,0.05162849323802493,-0.7735332926339995,-0.14862918062202837,0.7661757453229759,-0.16119730427373616,0.6482389226852195,3.1459456036848104,-0.4760920139337192,1.6197254159790668,-0.5506328506738539,0.9968299487743895,-0.3106735286083523,-1.2388662013594425,0.8898580979157581,0.43256773745092003,-0.7272220041247079,0.8716071923554094,1.5193589139179793,0.9787540447681606,-1.4044929205930872,-0.1984876316951887,-0.46744984056178585,-0.7765225748074835,0.04344696088727837,0.32373965212791267,0.9049555024172572,0.7139278873651953,-0.8122282267372439,0.5323405298774778,-0.08437719753251166,-0.14277007957413837,0.7912147308716768,0.26055493673650715,0.11357082745857092,0.3153698930365579,3.1981441448638614,0.32109035951393206,-0.23017443442945684,0.0316864124540797,0.20875812581978664,0.5466872162452653,1.2918521189433907,-0.7312547980705957,1.4958457475939604,-0.053193686203739404,-0.4437772137226961,-0.5271126400646005,2.5136810835026426,0.6674244883024821,-1.0140291771816496,-1.177197116527103,2.058315434744553,0.050372102721390984,-0.09022974351195023,-2.296438941834702,0.3261688389091777,0.3072223897800251]},"noise_profile":{"status":true,"type":"depolarizing","noise_prob":[0.001,0.001,0,0],"noise_on_init_param":{"status":false,"value":0}},"redundant":{"identity_factors":[[0,0,0,0],[1,1,0,0]]},"zne":{"method":"richardson","degree":0,"sampling":"default","data_points":[[4,2,0,0,-5.966837375471956],[12,6,0,0,-4.6298501952375855]]}},"output":{"exact_sol":-8.566772233505624,"zne_values":{"degree":0,"sampling":"default","sampled data":[[4,2,0,0,-5.966837375471956],[12,6,0,0,-4.6298501952375855]],"extrapolated_value":-6.635330965589142,"others":{"sorted_noise":[6,18],"sorted_expectation_vals":[-5.966837375471956,-4.6298501952375855],"beta_coeffiecients":[1.5,-0.5],"cost_richardson_zne":2.5}},"run_time_sec":3.266334533691406e-05}}