{"config":{"run":"zne","nqubits":7,"state":"dmatrix","output":{"file_name_prefix":"AUTOMATE_heisenberg_noisefree_time_evo_ric2_sample#2","draw":{"status":false,"fig_dpi":100,"type":"png"}},"observable":{"def":"ising","coefficients":{"cn":[0.5,0.5,0.5,0.5,0.5,0.5],"bn":[1.0,1.0,1.0,1.0,1.0,1.0,1.0],"r":1}},"ansatz":{"layer":30,"gateset":1,"ugate":{"type":"heisenberg","coefficients":{"cn":[0.5,0.5,0.5,0.5,0.5,0.5],"bn":[0,0,0,0,0,0,0],"r":0},"time":{"min":0.0,"max":10.0}}},"vqe":{"iteration":1,"optimization":{"status":false,"algorithm":"SLSQP","constraint":true}},"init_param":{"value":[0.05238332857976487,0.05238332857976488,0.05238332857976461,0.5882470284735626,1.6186245942059996,2.2470777294271223,2.8315596913723913,2.8315596913723913,2.8333251330604914,3.7474015252366555,3.7474015252366555,3.7474015252366555,3.7474015252366555,4.452994588443841,4.625910007504636,4.625910007504636,5.314362007876739,7.185299991262795,7.185299991262795,8.165312898322489,8.165312898322489,8.165312898322489,8.684979613482101,9.661121823219345,9.674169964387936,10.525655511340814,10.525655511340814,10.525655511340814,11.154963299169733,11.154963299169733,2.50282655917642,0.9490947670548783,0.70056532212722,-0.9370006834105179,2.127395945212884,1.5529950009292526,-0.5538339242405286,-0.45109357069990613,3.2608593101153462,2.1691098922881027,0.924351518772188,0.7799372105219657,2.588492585292434,1.4914484649202893,0.5111989894903198,-1.6854828839595362,0.709524102178921,-0.3201993643863164,0.37756499567776974,0.11160463007405702,1.4506751210554825,-0.1158349928449886,-0.4172082421780774,-0.47420587439641587,2.1318004152619214,1.5026342770773617,0.9629412747697549,-1.017935070811068,2.2274033566257083,0.9541631607884562,2.2865374842341715,-0.6901760390806929,1.4488496207691695,-0.15529093800821045,1.378510821815928,-0.1238908488185843,1.0420944500710088,1.8938950235205334,-0.40270933293735856,-0.4838468076888962,-0.7769068081513464,2.0570355933263196,0.33843722154840217,-0.21296684820549192,-0.3087457919151385,1.6713665097762895,0.7955513549984788,-0.5031484152839188,0.2783608989762586,1.4322280472670237,0.12038812465567636,0.8648150791824706,0.13552183280667268,0.07182610915111512,0.3477791234991623,-0.1584859230597403,0.5851519083687279,0.578565105996425,-1.7921034519484391,0.9189192684840749,-0.6139572052593133,-0.023527142002935514,-0.6495330854871428,0.7767670181361933,0.13616638059771954,-0.22568119775616352,0.4192866974084779,0.1401009023541104,1.419355971488301,1.1103093112149183,-0.8728413553259085,1.014691351510677,2.35757700845783,1.131891326153365,-1.2979835358031357,0.42365777146015526,1.0982786992551208,1.698510255572029,1.2090506157632,-1.3597097700308411,-0.9049577551064396,1.0199036275847497,2.9541844671388584,-0.42829772740772204,0.6542829736223691,3.7916586259391143,-0.1983670801457003,0.7855289833525587,-0.1534574040841844,1.809122493112309,0.35293394466185096,1.0573849517470935,2.461665111905985,1.0784030177718114,-1.585709677044719,0.8985620342798133,2.2360691692951646,0.24022620726925167,2.6922129347449117,0.15599094623602128,2.799936411115923,0.9657316063780467,-0.2732772147086647,-1.448572189075712,-0.7280589250410919,0.057973620624421296,0.9321748335747359,-1.4338621772181848,1.3976338029473028,-0.25504403617708243,3.210257057781798,0.03448775329128267,0.05070056715723011,-1.3727823101385919,0.8243579770218447,0.13142013414460954,-0.4933237632531999,1.1105137227416793,0.7155364379215329,-0.21063252058278284]},"noise_profile":{"status":true,"type":"depolarizing","noise_prob":[0.001,0.001,0,0],"noise_on_init_param":{"status":false,"value":0}},"redundant":{"identity_factors":[[0,0,0,0],[1,1,0,0]]},"zne":{"method":"richardson","degree":0,"sampling":"default","data_points":[[4,2,0,0,-6.220556999324399],[12,6,0,0,-4.682225394272194]]}},"output":{"exact_sol":-8.566772233505624,"zne_values":{"degree":0,"sampling":"default","sampled data":[[4,2,0,0,-6.220556999324399],[12,6,0,0,-4.682225394272194]],"extrapolated_value":-6.989722801850501,"others":{"sorted_noise":[6,18],"sorted_expectation_vals":[-6.220556999324399,-4.682225394272194],"beta_coeffiecients":[1.5,-0.5],"cost_richardson_zne":2.5}},"run_time_sec":3.528594970703125e-05}}