{"config":{"run":"redundant","nqubits":7,"state":"dmatrix","observable":{"def":"ising","coefficients":{"cn":[0.5,0.5,0.5,0.5,0.5,0.5],"bn":[1.0,1.0,1.0,1.0,1.0,1.0,1.0],"r":1}},"output":{"file_name_prefix":"expe5_ideal_unitary_sample#2","draw":{"status":false,"fig_dpi":100,"type":"png"}},"vqe":{"iteration":10,"optimization":{"status":false,"algorithm":"SLSQP","constraint":false},"ansatz":{"type":"ising","layer":30,"gateset":1,"ugate":{"coefficients":{"cn":[0.5,0.5,0.5,0.5,0.5,0.5],"bn":[0,0,0,0,0,0,0],"r":0},"time":{"min":0.0,"max":10.0}},"noise":{"status":true,"value":[0.001,0.01,0,0]},"init_param":[0.36630645908379306,0.5182633902949908,0.49953940717635986,1.2367159834562405,-0.3180785204750098,1.0041254983524417,0.13782875223801438,1.1785474553142545,1.1537596753649075,2.5342628940942924,2.4772585806424168,3.5653510284093626,3.520324726749439,4.5760860932408844,5.176343254840298,4.555771464388841,5.370144742659391,6.663370636157584,6.690594868003277,8.492335984884681,7.976439746931887,8.850935757893552,7.985259599316257,7.763316710535687,8.771847338514341,8.669344294111312,10.185674260312227,9.761936114612789,10.0559122787569,10.81788499467098,0.4774504181319319,0.46756575844041287,-1.1198058617709223,0.9982450602810455,1.138216416923449,-0.711578905183382,0.2401323895487103,0.0008658661576704876,0.3479473213926971,0.6549435728302653,-2.705936939656222,-0.6700882596749683,-0.1418445346446625,0.7422990187128833,-0.4627728709708441,-0.5306429417293196,1.4560484947070986,0.7068622498878169,1.3637138829291024,0.8962943437611565,0.20897130010511172,1.0087767975553978,-0.6906934414533159,1.4975792909445425,-1.6073548343243573,-0.37280369498567434,-0.3342938276360531,-0.2390781456813342,0.4772054157470717,-0.5500623159674818,0.36165349948159037,0.48060391537752883,0.639856249851714,1.2350906955340082,-0.7019590298517819,1.7144613907648207,1.1058571341049803,-0.07076105388630678,1.349071591163713,0.07088103075919235,-0.07220298277800326,0.7096945649352373,0.038273070686891904,-0.8547739075548791,0.4416571398223774,0.08269531327081821,1.3086614160632204,0.12262239269860405,0.11536243778621894,0.8456782384516695,-0.04946644643088434,0.4268752729296721,0.559115308096041,0.7231272436073646,0.054403174724624886,-0.24886585775713532,-1.3306746438008503,0.9901952725747092,-0.21516634270288987,-1.3915818483386433,-0.018613619165461996,1.2812917297131639,-0.47291208654321576,-1.028737996024894,-1.2266945942101783,0.8212967548350409,1.778150542969824,1.1373931365759367,-1.8881223208679534,-0.4498192581536727,-1.2095778262815569,-0.3345266554588364,-0.11219276553749427,-0.6913832934795742,0.06790282336641956,-0.058041337724567495,-1.7609367687104291,-0.13431687063207456,-0.30154975689202673,-1.1585748747072127,-0.4336274164750579,0.581269926876793,-0.23109945754051714,0.19102518738625393,-0.2769206415577309,-0.07216891039791418,1.1649383919675973,0.6313263326655112,-0.3465426558957476,0.3027276885292523,-0.23016385502116993,0.1692842855337333,-0.2805457047133517,1.0359570109570424,0.8163127899584652,-0.8716267840678167,-0.9841799393357891,0.39710528981415943,-0.42164407302122064,-0.035492924059880915,-0.8938554056279279,0.2163662479233098,-0.15804729452273092,-0.06493168503799887,1.554645693990418,-0.6603799665603256,-0.7806730211958937,1.1573840639307749,0.06603171836859895,-1.7214874819393842,-0.6368650921285706,-0.7449057173879278,0.4677027766009792,-2.5643420172280686,0.32309817933434715,0.7366283459139163,1.3581702981280364,0.025315435797362403,-0.9503722204969732,-1.4523908406065469]}},"identity_factors":[[0,0,0,0],[1,0,0,1],[2,0,0,0],[2,0,0,2],[0,0,0,1],[0,0,0,2],[3,0,0,0]],"zne":{"method":"richardson","degree":1,"sampling":"default-2","data_points":null}},"output":{"data_points":[[4,1,0,1,-6.1388394308334036],[12,1,0,3,-3.830043759598992],[20,1,0,1,-4.692690357774364],[20,1,0,5,-2.3972084393977133],[4,1,0,3,-4.373477596233552],[4,1,0,5,-3.1294577335108147],[28,1,0,1,-4.108723497875132]],"run_time_sec":3.89787220954895},"others":{"observable_string":"1 X 0 X 1 + 1 Z 0 + 1 X 1 X 2 + 1 Z 1 + 1 X 2 X 3 + 1 Z 2 + 1 X 3 X 4 + 1 Z 3 + 1 X 4 X 5 + 1 Z 4 + 1 X 5 X 6 + 1 Z 5 + 1 Z 6","time_evolution_gate_hamiltonian_string":["1 X 0 X 1 + 1 Z 0 + 1 X 1 X 2 + 1 Z 1 + 1 X 2 X 3 + 1 Z 2 + 1 X 3 X 4 + 1 Z 3 + 1 X 4 X 5 + 1 Z 4 + 1 X 5 X 6 + 1 Z 5 + 1 Z 6"]}}