{"config":{"run":"redundant","nqubits":7,"state":"dmatrix","observable":{"def":"ising","coefficients":{"cn":[0.5,0.5,0.5,0.5,0.5,0.5],"bn":[1.0,1.0,1.0,1.0,1.0,1.0,1.0],"r":1}},"output":{"file_name_prefix":"expe5_ideal_unitary_sample#1","draw":{"status":false,"fig_dpi":100,"type":"png"}},"vqe":{"iteration":10,"optimization":{"status":false,"algorithm":"SLSQP","constraint":false},"ansatz":{"type":"ising","layer":30,"gateset":1,"ugate":{"coefficients":{"cn":[0.5,0.5,0.5,0.5,0.5,0.5],"bn":[0,0,0,0,0,0,0],"r":0},"time":{"min":0.0,"max":10.0}},"noise":{"status":true,"value":[0.001,0.01,0,0]},"init_param":[-0.34270814615173045,-0.686802579451411,0.16740279392024773,0.8233234593013489,0.43662013526407134,1.5345260236022653,1.03882506762723,0.6270458329104612,1.1853958570834293,1.6062296814731718,2.9634181410005693,1.9563796144805412,1.7867135175759452,3.3642942387329366,3.2452767738550845,4.329392903312124,4.555463228432901,4.43768874555312,6.0698627019958655,7.930978944850292,6.813298854377682,6.335266483498853,7.776005200942212,8.825391895536873,6.731028573675786,9.54591865733702,6.9746927100019125,7.798561824005572,10.004110983397206,9.477811908142206,0.02221740114094295,0.7254396750426992,-0.7505843848489515,-0.7883648027350585,-0.21162064019811722,0.20932215279712854,0.9559298711777716,3.201890630312132,-0.7604078031898968,0.46742345058591395,0.9185473753966489,0.7126596243826183,0.1150785719688375,-0.7037990036273832,-0.3496399258459112,-1.0881899803438628,0.27535206882582325,-0.04936171826085497,-0.10026536002980067,-0.10113091373681636,-0.5431557837252701,0.7739099937725117,0.26977897375501875,0.30957402961888353,-0.3444144148678278,0.48618758130845297,-0.8895634863490051,0.1810649325411909,0.22188475249886963,-0.17084743623912765,0.7002570736682855,1.2086544315893673,-0.016000504136566385,0.4963240389476543,-0.3212758199499191,1.160704682969627,0.07819671288320425,0.10419689043540906,-0.5302330055991662,-0.4863771597285928,-1.3023330126167068,0.1932162313638526,0.6331880654185871,0.46286764693445986,0.36531181353719283,0.040213723004854526,0.29046038206691877,0.013579288858197269,0.04941381099684052,-0.7721365290105574,0.3432216364669344,-0.06147490353141647,0.7476894303575148,-0.46596416774109123,-1.1679703842067573,-0.26785432170535234,-0.32795281538366844,0.9114390012908539,0.037807556537916905,0.5050966055205979,-1.112977755779274,0.42761467197733316,0.1916042320955238,0.8048547029287365,0.9676963293799369,0.5185564721443112,-0.37130807152373735,-0.2810363933514493,-0.2835011207764148,0.32199977995947154,-0.49947897032772426,-0.025263787679829192,0.3939956363336517,0.7117400384842749,0.7789112808499046,0.6169864188589099,-0.7245486504728844,-0.3932451357048025,0.36019559326098194,-0.9642997609314723,0.16805791775261625,0.1361133639657706,1.0285386337317879,-1.091984388825915,-1.3905876888552118,1.1223424297487936,-0.2402868594870302,1.1883203422945017,-0.13819464509262666,1.359884391334245,1.4536453352541985,-0.46636787677515135,0.45282439481869713,-0.2829884969370414,0.07224514802533745,-0.7498247959561444,0.4904815232737644,0.42086201700507975,0.3524111380611028,-1.4729353610973979,0.5435625445734021,-0.4159542889044914,1.0810201043604923,-0.373540216270205,0.5669678475305043,-1.2048847001189764,0.3220897451860485,0.7143911811436641,1.6798364193878708,-0.455713369376893,-0.4126963402222645,-0.07097011562081723,-0.5050911098361063,0.30936142075573364,0.6810151940068734,-1.233997397699808,1.163653849682338,1.9298778302753354,0.12773326628718001,-0.9708632216240435]}},"identity_factors":[[0,0,0,0],[1,0,0,1],[2,0,0,0],[2,0,0,2],[0,0,0,1],[0,0,0,2],[3,0,0,0]],"zne":{"method":"richardson","degree":1,"sampling":"default-2","data_points":null}},"output":{"data_points":[[4,1,0,1,-5.814291436805437],[12,1,0,3,-3.3515413963313234],[20,1,0,1,-4.245651656944194],[20,1,0,5,-1.952411150073788],[4,1,0,3,-3.9099741964516594],[4,1,0,5,-2.6519691647454797],[28,1,0,1,-3.6374872579763706]],"run_time_sec":3.847381830215454},"others":{"observable_string":"1 X 0 X 1 + 1 Z 0 + 1 X 1 X 2 + 1 Z 1 + 1 X 2 X 3 + 1 Z 2 + 1 X 3 X 4 + 1 Z 3 + 1 X 4 X 5 + 1 Z 4 + 1 X 5 X 6 + 1 Z 5 + 1 Z 6","time_evolution_gate_hamiltonian_string":["1 X 0 X 1 + 1 Z 0 + 1 X 1 X 2 + 1 Z 1 + 1 X 2 X 3 + 1 Z 2 + 1 X 3 X 4 + 1 Z 3 + 1 X 4 X 5 + 1 Z 4 + 1 X 5 X 6 + 1 Z 5 + 1 Z 6"]}}