{"config":{"run":"zne","nqubits":7,"state":"dmatrix","observable":{"def":"ising","coefficients":{"cn":[0.5,0.5,0.5,0.5,0.5,0.5],"bn":[1.0,1.0,1.0,1.0,1.0,1.0,1.0],"r":1}},"output":{"file_name_prefix":"expe5_ideal_unitary_sample#3_default2_richardson","draw":{"status":false,"fig_dpi":100,"type":"png"}},"vqe":{"iteration":10,"optimization":{"status":true,"algorithm":"SLSQP","constraint":false},"ansatz":{"type":"ising","layer":30,"gateset":1,"ugate":{"coefficients":{"cn":[0.5,0.5,0.5,0.5,0.5,0.5],"bn":[0,0,0,0,0,0,0],"r":0},"time":{"min":0.0,"max":10.0}},"noise":{"status":true,"value":[0.001,0.01,0,0]},"init_param":[0.7132468286229106,0.7534112667977737,1.3236221524134744,0.8094920556750371,2.1574996291230257,3.7549078456944605,4.257644426882086,4.3210188721189375,3.497851755306999,3.961996434414742,4.739440153167415,4.09601559217312,5.379107533872919,5.290540282467217,6.307859386439361,6.375488355047692,6.159295891234538,7.079315434535613,6.956922614415112,7.698138566407482,7.541077710932875,7.545494224905015,8.093224989857351,7.9048352186694375,8.364528371261956,9.23967678654967,8.970533324375085,9.400330579032385,9.149588068729617,9.929787796298692,0.023532877076089,-0.6296634446844578,-0.21920136382006117,-1.2827978604648622,-0.5388023043158715,-0.15618204033302546,-0.39991424922372887,-0.32854555840814625,-0.6354625867675536,0.055824667906494055,0.5542353748520711,-0.5191924890155826,0.08240489319871551,-0.27543788065273683,0.010508442098984848,-0.3410253735476166,0.5701696930088699,-0.5886283799255962,1.252053400656924,0.01613186417281948,-0.9504612153217868,0.20222846590858512,-1.8197940597542934,-0.45979851457781673,1.396673185202682,0.08535451034706246,0.44093458943072916,-0.16326893722592592,-0.6854508785312058,0.15407362741016684,-0.8977219308344059,0.41423980362133783,-1.0151274618856596,-0.23461925863911048,0.4028226134800689,0.683397533196507,0.7083859843271643,-0.11609006832774597,0.9602565760432391,1.4093778992270392,-0.08739111283934707,1.3188075183830035,-0.708674778119279,-0.6393233974940543,1.1293806981917425,-0.38453547050832215,0.21875179336860276,0.08334215417182332,1.7897346151411135,-0.2562750491936375,0.32796598339377425,-0.3067581499742357,0.22689842212535713,0.88148281527068,-0.11074146189984754,0.2144001797384153,-1.8615948016884618,-0.22933852032541047,0.614963809283746,0.39056233716600003,0.10893258190726902,1.8810162610332912,0.8170758078213057,-2.4219918753330085,-0.5343533075795359,1.1244030649165895,0.6287621343144585,1.3957340175686346,-1.005275091868152,-0.3874791488592608,-1.1107324563227259,-0.38064662829058404,-0.1877234661175192,0.8239964099096306,-0.1901136390181829,0.7996574583195917,-0.8196657553338096,0.28657623125634907,0.869083772237143,0.8122565594058047,-0.6479980222816059,-1.5035046735657616,0.9910505142742175,-1.4732675139972087,0.41680112017996923,-0.880370381386494,0.2819759553929659,1.2338627161792435,2.0099777207925027,0.7107878344509607,0.008919826640179752,0.5663722098061043,-0.2548300730182285,0.4668424512311533,-0.3207293152642689,-0.1934672169311935,-0.7107667916472713,-0.5774729974573157,-0.4800290174589451,-1.8335669203137146,-0.24355172933256816,0.5144001425936741,2.1404152353205763,0.04779227981260628,-0.21560973394996966,-0.07317250365789035,-0.6536438505922143,-0.8709632724206396,-1.225446978802862,0.0537004212928969,0.5402430755601239,-0.372713737136727,0.05517997480299085,1.278026889241197,0.47454322219222317,-1.122917783843368,-2.5065054451704514,0.1324463814579816,-0.21124886498242373,-1.8387676345901756]}},"identity_factors":[[0,0,0,0],[1,0,0,1],[2,0,0,0],[2,0,0,2],[0,0,0,1],[0,0,0,2],[3,0,0,0]],"zne":{"method":"richardson","degree":1,"sampling":"default-2","data_points":[[4,1,0,1,-5.547170011488514],[12,1,0,3,-3.3893648314642073],[20,1,0,1,-4.210015320191475],[20,1,0,5,-2.0498896734765326],[4,1,0,3,-3.88937788466464],[4,1,0,5,-2.7230142567163367],[28,1,0,1,-3.6704213197375366]]}},"output":{"exact_sol":-8.56677223350563,"zne_values":{"degree":1,"sampling":"default-2","sampled data":[[4,1,0,1,-5.547170011488514],[12,1,0,3,-3.3893648314642073]],"extrapolated_value":-6.841853119503098,"others":{"sorted_noise":[6,16],"sorted_expectation_vals":[-5.547170011488514,-3.3893648314642073],"beta_coeffiecients":[1.6,-0.6],"cost_richardson_zne":2.9200000000000004}},"run_time_sec":0.0}}