{"config":{"run":"zne","nqubits":7,"state":"dmatrix","observable":{"def":"ising","coefficients":{"cn":[0.5,0.5,0.5,0.5,0.5,0.5],"bn":[1.0,1.0,1.0,1.0,1.0,1.0,1.0],"r":1}},"output":{"file_name_prefix":"expe5_ideal_unitary_sample#5_default2_richardson","draw":{"status":false,"fig_dpi":100,"type":"png"}},"vqe":{"iteration":10,"optimization":{"status":true,"algorithm":"SLSQP","constraint":false},"ansatz":{"type":"ising","layer":30,"gateset":1,"ugate":{"coefficients":{"cn":[0.5,0.5,0.5,0.5,0.5,0.5],"bn":[0,0,0,0,0,0,0],"r":0},"time":{"min":0.0,"max":10.0}},"noise":{"status":true,"value":[0.001,0.01,0,0]},"init_param":[-0.29550353969450893,0.2947581451201517,1.0235093924863499,0.8883646797074479,1.7836291933306256,2.263456460624615,2.83737583830939,2.6833404740134927,3.493267824091306,3.6028795485693266,4.2572262581770115,4.0677012279327,4.799472380469803,4.63429648785391,5.983152770291101,5.718244672683126,5.877013418385599,7.292584500355738,6.859283584150022,6.536474169412469,6.402116980287965,6.534999380518969,7.369285081488632,6.580059400976801,7.999336691214783,7.434856821171181,6.9720037688785705,9.422063498328825,8.943023395389025,9.398468335249788,-0.2400322309002452,-0.6003667064733282,0.9234427790079373,0.09997995576176827,-0.22950341349629133,1.6438684559831525,-0.7654249369701203,2.8437803989050687,1.8280380847193987,-0.3532825202748667,0.494984974219849,1.7803885851024017,0.7968860990937762,0.6566853710580565,-0.7245281615234266,-1.5525722554227745,0.3204502833474929,-1.030412280941543,-0.8639405246923992,0.21197704425073716,0.3271387235047256,-0.540441342989425,-0.3387545196892108,0.5946331745836825,-0.39683770329395407,1.1113664673549062,0.06966757356100958,0.3298397526383528,0.1111121145729967,0.7770129581720993,-0.2908211537582411,0.8586186746892418,0.8468721003381376,-0.41541836668260573,0.6306791199366246,1.5645880193994597,0.05013380225598904,0.8792760747791111,1.6466113358562415,-0.7588442841077917,-0.06899564905260752,1.2400025455513588,0.2181730199952034,0.30315438889870155,0.3073576049950218,0.24644920675301163,0.1278234839257799,-0.17371294790848013,-1.4355681376128424,-0.10722195323484779,1.1918383483541757,0.10774577817165491,-0.16811552284804082,0.34204823281802543,0.15773175082971516,0.16034270896142616,0.05351844955541102,0.31893923718565714,-1.1836638368031742,1.5898749242620567,0.33077852069574387,-0.47046284322715953,0.6657651368726443,-0.3623210763005572,1.278704452450232,0.18954851642956905,1.2315333286986463,-0.20822172753546164,0.8914216952896685,-0.6293962435977541,-0.09646014139038749,0.4813270607224882,0.24717072762580183,0.9670982825342841,-0.5962940181186324,-1.5013046928145557,-0.013344210458762742,0.1008723438783453,-0.6917827797456879,-0.5624140810182038,-0.48450940777787427,0.7798230902225805,-0.1531760446427386,0.789163615401769,-0.38512943800888144,-0.4822968531026692,0.12229876208449708,-0.2535635007437273,-0.3432212969673075,0.09101870268657343,-0.0250586045812105,-0.7721034859861308,1.1637807658389352,-0.20889827497657049,-1.5441568295189336,0.18082112202211406,0.6330463315218543,-0.04297478807322053,1.733875239968065,1.0497252287942684,0.6544479044388745,-0.5648759269928539,0.20576237519618215,0.15587438879274038,0.039953372619938164,-0.0580327536468071,0.41770525715137474,1.4196719924027579,2.0038527408430427,-0.07427506062394378,-0.7468810697146696,1.1143767610837856,0.0937325249066285,-0.3953510775897523,-0.08290765634880558,-1.2726525451858393,0.6974295232654852,1.7344333429688594,-0.15105385128500562,-2.2642339800905784]}},"identity_factors":[[0,0,0,0],[1,0,0,1],[2,0,0,0],[2,0,0,2],[0,0,0,1],[0,0,0,2],[3,0,0,0]],"zne":{"method":"richardson","degree":1,"sampling":"default-2","data_points":[[4,1,0,1,-5.477348383030614],[12,1,0,3,-3.410982617125342],[20,1,0,1,-4.181844042809442],[20,1,0,5,-2.1216722067642015],[4,1,0,3,-3.8985272351018883],[4,1,0,5,-2.7822740642608954],[28,1,0,1,-3.65878886029977]]}},"output":{"exact_sol":-8.56677223350563,"zne_values":{"degree":1,"sampling":"default-2","sampled data":[[4,1,0,1,-5.477348383030614],[12,1,0,3,-3.410982617125342]],"extrapolated_value":-6.717167842573778,"others":{"sorted_noise":[6,16],"sorted_expectation_vals":[-5.477348383030614,-3.410982617125342],"beta_coeffiecients":[1.6,-0.6],"cost_richardson_zne":2.9200000000000004}},"run_time_sec":0.0}}