{"config":{"run":"zne","nqubits":7,"state":"dmatrix","observable":{"def":"ising","coefficients":{"cn":[0.5,0.5,0.5,0.5,0.5,0.5],"bn":[1.0,1.0,1.0,1.0,1.0,1.0,1.0],"r":1}},"output":{"file_name_prefix":"expe5_ideal_unitary_sample#10_default2_richardson","draw":{"status":false,"fig_dpi":100,"type":"png"}},"vqe":{"iteration":10,"optimization":{"status":true,"algorithm":"SLSQP","constraint":false},"ansatz":{"type":"ising","layer":30,"gateset":1,"ugate":{"coefficients":{"cn":[0.5,0.5,0.5,0.5,0.5,0.5],"bn":[0,0,0,0,0,0,0],"r":0},"time":{"min":0.0,"max":10.0}},"noise":{"status":true,"value":[0.001,0.01,0,0]},"init_param":[-0.23549320678509694,-0.9412422285051898,0.3271409070510077,-0.13866290381074464,0.5930423080349401,0.6029755517965208,2.4841117087450653,2.4484756532262564,3.681792590187996,4.401592546378918,4.411722417950894,4.88772442202188,5.50823705380762,5.233327235284418,5.627880012142698,7.597720050522646,6.958449295907121,7.315585358900489,7.178826797149979,6.9785306673606975,7.986358847950994,7.290605575536911,7.926368284695592,7.740727975946397,7.358897970471481,8.681151217054476,9.402444218878385,7.84940151592889,9.070779184669833,10.532863853735346,-0.7121796497663276,-0.2744113967057444,-0.7078996245523929,0.7510936456638124,1.8166684498217873,-0.605787279324756,-0.48138812798681924,3.36141860206581,1.4556357186370807,-1.0217684281864228,-0.5635395049069234,0.18792119198684062,0.23466301052874447,1.0794977679185924,0.4114095519178274,-1.2658946108493885,-2.2148130501775833,0.5041812035388709,-0.5005552347722139,0.28613236913419704,0.003960293822913345,0.49854733082707303,0.10912255010144634,1.4523592334564228,1.0099255932412365,-0.09408217644755947,1.5634267767857029,0.08269382590459572,-0.011172245459989995,2.0657174288628104,-0.02139869809689681,-0.5174356637371691,-1.3065310497887062,0.5304576223593142,-0.3914372314831191,1.6761268539807437,-0.48791444778203835,1.190260870705179,1.769060335663729,0.6135685085500261,-0.36291848776409236,1.5712838309927797,0.5292075932403415,0.695582636957167,-0.2985591315530223,-0.775151628509406,0.7676861283683332,0.182969856777801,1.141527012312556,0.022418841922826532,0.002774323581497302,0.6749163924509305,-0.3192439296673517,0.12240706617419032,-0.9283049085851606,-0.5166881008837609,0.07735491053691658,-0.18586238992505358,-0.20860412865654,-0.9251626848586558,0.6604319691997445,-0.7169712542709378,1.5723033027259892,0.04483384655563594,1.239713358576121,-0.11621076408574135,-0.3884942044790074,-0.47685169849520304,0.7932079234763006,-0.7719381235541418,0.2906274343139437,0.03248758711367203,-0.7942989610167714,-1.2177657848205563,-0.2274178446629389,0.4498836875772421,-0.7575074109876208,-0.12483231397164239,-0.05993209646884163,-1.173304999693346,-0.7978605008122098,-0.7523831286534737,-0.7485088928795657,-0.5305369252516446,0.4452163718017379,-0.15970443655665012,0.5585742264720456,-1.1256568704737404,0.46565544070133386,-0.5034083868152487,-0.6492867818223255,-0.09407118712779736,-0.01502167478817613,1.195760952828677,-0.21907247587447107,-0.8989794180034489,-0.08209105254966059,0.16735843899673897,-0.5691990982745914,0.403495580144685,0.21925077155121991,1.1420865218063305,-0.02812682566743919,0.06712459245351081,-0.37146910039855857,-0.9565660853965435,0.9168743247798223,-0.9663463781905314,1.4116664620240071,0.6499344753484521,-1.4894814144000263,1.1822732274008787,0.4256301004629705,0.5170253527849984,-0.7654520729398734,0.9614424139248184,0.9637117690581004,-0.036893512239468865,-1.253759316903459,-0.824440976172567]}},"identity_factors":[[0,0,0,0],[1,0,0,1],[2,0,0,0],[2,0,0,2],[0,0,0,1],[0,0,0,2],[3,0,0,0]],"zne":{"method":"richardson","degree":1,"sampling":"default-2","data_points":[[4,1,0,1,-5.913061556227993],[12,1,0,3,-3.606576273087047],[20,1,0,1,-4.455327343160468],[20,1,0,5,-2.2556976681032994],[4,1,0,3,-4.133219977596813],[4,1,0,5,-2.935701007902681],[28,1,0,1,-3.8826313677440862]]}},"output":{"exact_sol":-8.56677223350563,"zne_values":{"degree":1,"sampling":"default-2","sampled data":[[4,1,0,1,-5.913061556227993],[12,1,0,3,-3.606576273087047]],"extrapolated_value":-7.296952726112561,"others":{"sorted_noise":[6,16],"sorted_expectation_vals":[-5.913061556227993,-3.606576273087047],"beta_coeffiecients":[1.6,-0.6],"cost_richardson_zne":2.9200000000000004}},"run_time_sec":0.0}}