{"config":{"run":"redundant","nqubits":7,"state":"dmatrix","observable":{"def":"ising","coefficients":{"cn":[0.5,0.5,0.5,0.5,0.5,0.5],"bn":[1.0,1.0,1.0,1.0,1.0,1.0,1.0],"r":1}},"output":{"file_name_prefix":"expe5_ideal_unitary_sample#7","draw":{"status":false,"fig_dpi":100,"type":"png"}},"vqe":{"iteration":10,"optimization":{"status":false,"algorithm":"SLSQP","constraint":false},"ansatz":{"type":"ising","layer":30,"gateset":1,"ugate":{"coefficients":{"cn":[0.5,0.5,0.5,0.5,0.5,0.5],"bn":[0,0,0,0,0,0,0],"r":0},"time":{"min":0.0,"max":10.0}},"noise":{"status":true,"value":[0.001,0.01,0,0]},"init_param":[0.8729345225029378,-0.2362611094489069,-0.05847121028788027,-0.45441410278467903,1.9584761084436246,1.2088566347032401,2.3855894726704134,2.122953754991689,2.5898077548672167,2.6284150464415355,2.483699310451926,4.221595371093635,2.6465054965627504,4.496782447409004,4.241916771610392,3.618409110577664,5.127856147269067,5.07498667563008,5.565007297730765,5.609192837229398,5.53087089151395,5.471204589699356,6.390016502211074,7.109950529233457,6.736581130180231,7.548534789281405,7.489346042404795,10.587597781916694,9.959613930434148,10.590503460470446,-0.5533483652028498,2.21123511825942,0.5102171836348425,-0.8304181235749006,-1.2891070268251457,1.595320364000209,1.1271909455680922,0.6372991251197361,-0.09806789920268529,-0.6898621142088635,-0.42306598158447684,0.1816799709569325,0.22608310517932853,-2.0387789266782237,0.04559819876279521,1.5457355187106532,-1.778800556352543,-0.5807191603173624,-0.00575010995936746,0.024321521343674823,0.42666238607713963,0.8964833822615592,0.18090053013736554,0.34067928483042936,0.6749808435007368,-1.2466530385047423,-1.5177591355616478,-0.39273429609705235,-0.1488798594054016,0.2001331249746784,1.1058993278234541,0.7066280519353589,-0.6439791500574377,1.5197753364132487,-1.4593824891533078,-0.6237377567764318,0.8137971565654997,0.8333520066888541,1.9346166303431092,0.8561366957259918,0.6807136094658378,-0.1745710074962285,-0.6194384077786762,0.9065559253660216,-0.8935288040560658,-0.8174851353800562,1.0409057175051324,0.0724326907682904,1.5268630831698877,0.7828809109798486,-1.0122725157492691,1.3563762683510447,1.3149123443279678,-0.027499487785973067,-0.3033249630046595,-0.5518988342845675,-0.450572380374077,-0.4097105364257729,-0.422789641180731,0.44517128264393163,-0.924062664715735,0.7938023806113056,-0.6618471786542836,-0.1459671569858206,-1.130326839677018,0.4395000246702612,-0.6986226709680502,0.6285315000931847,0.13974773890799616,-0.5663995276967627,0.18930005315206572,0.634916298399548,0.09413478718633851,1.2958190330776118,1.6410974673860146,-0.07555349565216779,0.48394676093360967,0.749456468180516,0.2724235972577171,-0.9235903089328265,-0.14056692337762855,0.5673214436102848,0.05367204706643492,-0.2439659318746515,-0.11315384572131693,0.5762931735056547,-0.3100065864873156,0.4437420728354063,0.2913248022051173,-1.749342508908069,1.7148288594780263,0.2540891805163193,-0.7599198756418747,3.6675225270593637,0.1360264904897914,0.4772199920303574,0.6526734643716796,-0.4557190359241705,-1.5348455173236712,1.741790489731654,0.10543377992358322,-0.9215307887710268,0.8967741853079092,-0.4202489120447237,-0.050921227727236874,-0.4359525586875065,0.07958556982942196,0.3316905457368862,-1.9001833381646092,-0.0548862136616746,-0.6929670199228181,-0.9273839117430347,0.7347352512950324,-1.3557773711108894,0.509215566120167,-0.12238858203435343,0.6612196664898644,0.7222974654924362,0.460695330774156,-1.6340987486030176]}},"identity_factors":[[0,0,0,0],[1,0,0,1],[2,0,0,0],[2,0,0,2],[0,0,0,1],[0,0,0,2],[3,0,0,0]],"zne":{"method":"richardson","degree":1,"sampling":"default-2","data_points":null}},"output":{"data_points":[[4,1,0,1,-6.101682632483027],[12,1,0,3,-3.712195186203581],[20,1,0,1,-4.610816464514506],[20,1,0,5,-2.262238775804604],[4,1,0,3,-4.264029587249058],[4,1,0,5,-2.989767640029819],[28,1,0,1,-4.01400816096947]],"run_time_sec":3.8737847805023193},"others":{"observable_string":"1 X 0 X 1 + 1 Z 0 + 1 X 1 X 2 + 1 Z 1 + 1 X 2 X 3 + 1 Z 2 + 1 X 3 X 4 + 1 Z 3 + 1 X 4 X 5 + 1 Z 4 + 1 X 5 X 6 + 1 Z 5 + 1 Z 6","time_evolution_gate_hamiltonian_string":["1 X 0 X 1 + 1 Z 0 + 1 X 1 X 2 + 1 Z 1 + 1 X 2 X 3 + 1 Z 2 + 1 X 3 X 4 + 1 Z 3 + 1 X 4 X 5 + 1 Z 4 + 1 X 5 X 6 + 1 Z 5 + 1 Z 6"]}}