{"config":{"run":"zne","nqubits":7,"state":"dmatrix","output":{"file_name_prefix":"AUTOMATE_xy_noisefree_time_evo_ric2_sample#4","draw":{"status":false,"fig_dpi":100,"type":"png"}},"observable":{"def":"ising","coefficients":{"cn":[0.5,0.5,0.5,0.5,0.5,0.5],"bn":[1.0,1.0,1.0,1.0,1.0,1.0,1.0],"r":1}},"ansatz":{"layer":30,"gateset":1,"ugate":{"type":"xy-iss","coefficients":{"cn":[0.5,0.5,0.5,0.5,0.5,0.5],"bn":[0,0,0,0,0,0,0],"r":0},"time":{"min":0.0,"max":10.0}}},"vqe":{"iteration":1,"optimization":{"status":false,"algorithm":"SLSQP","constraint":true}},"init_param":{"value":[0.2383708143795501,0.8137820253985804,1.0561141201801563,1.2070683478267785,1.9518166906091101,2.08301823027678,2.6774459967535513,2.7270096866449576,3.7369434259122447,3.7421546540398443,4.458327272130387,4.463102384700506,4.463102384700506,4.482690585412051,4.482694652744643,4.498978826283554,6.3580266266370415,7.886395999997723,7.886532810158634,8.060529572035655,8.06234783983503,8.127555772505229,8.130166630032164,8.42408407139234,8.433074307328475,9.412401860498063,9.420584174895616,9.429609653004679,9.434851407347677,11.283524698808058,0.19157417616433814,0.42257952171340063,0.3129095694283805,0.28360255750055535,-0.7229159635345903,2.545731433831817,1.1687892956196542,0.5222949375721274,0.9482151911772319,0.28742832079435787,1.1627391357840349,-0.27939056132165146,-0.07574334812551493,-0.529119211391362,-0.08653083237786212,0.042544229108731915,-0.09154582517805988,0.2776265525620834,0.373637405241428,-0.666296500917012,-0.729825790392568,0.36164641825124294,1.2066181407380305,0.18327070025757417,2.2757552060408917,-0.004789158452516104,0.49019439516235463,2.190622553796523,0.6131206832540379,1.0987721265230228,1.9413219378309259,0.07975169469268534,0.17531082109327745,0.01770145552231998,0.22429808435825893,1.1460098869067579,-0.25766861736092417,0.4386465248337572,0.7521614434169624,0.07039918338308593,-0.23913727928604284,0.062497116873310714,0.27575365987954265,-0.8268952220573135,0.8599765782432734,0.6958325703328606,-0.16792542378671177,-0.13186811496768225,0.17745018848846658,-0.13764108606901534,-0.34798347931108986,0.3901205214779397,-0.12832331396189006,0.7623260417931323,-0.08745728181826747,0.22448567111633413,0.5103689813486589,0.020179740460913417,-0.4639048953982949,1.8052783293547816,-0.06895296635033099,-0.46137869531525183,-0.7694587159951923,-0.1507074275764489,-3.159084078074864,1.5556721360426484,0.9802025173412374,-1.5980562353917622,0.9974678614222413,0.11965749551778265,-0.5964068365118492,1.00912773091807,1.2674306548806673,1.7418320010188646,-1.2223756485879664,-0.006270145144671745,0.7863824204489233,-0.08410721186616651,0.13420385894759826,0.6686584151585806,-0.7946689395347296,-1.448768973512125,-0.4158373205099576,-0.1003664997933048,0.5370971852976741,-0.013369261455621718,-1.2134070474127567,2.71822204346588,-0.8266087910498845,-0.04274152999618493,0.627725493238542,-0.10714625448592663,1.4055199595750496,-0.08877591733311402,-0.6400618055168635,0.27990653766167567,0.27230874688701184,1.8329367216853043,0.12128377229042309,0.03719209379786179,0.7558193864298689,-0.027085062677120984,0.7947118159580207,-0.18810209431195668,0.008294184744538372,-0.9110921816475059,1.3065108206329406,0.004810940817056788,1.4030602129547465,0.03878633149748846,0.29850504257680605,-0.9524583070906825,0.10037229527914636,0.4277056649647598,-2.2528322583674503,0.030724614514628212,0.8416350822543037,1.5579013461800135,0.5696673724928452,-1.5352194543526818]},"noise_profile":{"status":true,"type":"depolarizing","noise_prob":[0.001,0.001,0,0],"noise_on_init_param":{"status":false,"value":0}},"redundant":{"identity_factors":[[0,0,0,0],[1,1,0,0]]},"zne":{"method":"richardson","degree":0,"sampling":"default","data_points":[[4,2,0,0,-7.418732841657522],[12,6,0,0,-5.815573107517698]]}},"output":{"exact_sol":-8.566772233505624,"zne_values":{"degree":0,"sampling":"default","sampled data":[[4,2,0,0,-7.418732841657522],[12,6,0,0,-5.815573107517698]],"extrapolated_value":-8.220312708727434,"others":{"sorted_noise":[6,18],"sorted_expectation_vals":[-7.418732841657522,-5.815573107517698],"beta_coeffiecients":[1.5,-0.5],"cost_richardson_zne":2.5}},"run_time_sec":4.172325134277344e-05}}