{"config":{"run":"zne","nqubits":7,"state":"dmatrix","output":{"file_name_prefix":"AUTOMATE_xy_noisefree_time_evo_ric2_sample#5","draw":{"status":false,"fig_dpi":100,"type":"png"}},"observable":{"def":"ising","coefficients":{"cn":[0.5,0.5,0.5,0.5,0.5,0.5],"bn":[1.0,1.0,1.0,1.0,1.0,1.0,1.0],"r":1}},"ansatz":{"layer":30,"gateset":1,"ugate":{"type":"xy-iss","coefficients":{"cn":[0.5,0.5,0.5,0.5,0.5,0.5],"bn":[0,0,0,0,0,0,0],"r":0},"time":{"min":0.0,"max":10.0}}},"vqe":{"iteration":1,"optimization":{"status":false,"algorithm":"SLSQP","constraint":true}},"init_param":{"value":[0.3442332088020621,0.7247295953616149,0.7247295953616149,0.7610537291022658,1.7162580174489597,2.0119282772467635,2.0119282772467635,3.369934702704019,3.369934702704019,5.00211845115155,5.212181786011135,5.346566249705437,6.103091648910964,6.103091648910964,7.050711873868975,7.050711873868975,7.492144583370162,7.492144583370162,7.606105711064038,7.606105711064038,8.717193051662631,8.753101318062777,8.877107151002964,8.889590522678484,8.982812044989718,8.982812044989718,9.499874357008034,9.499874357008034,9.659025604148875,9.671110590806489,0.02814413440270558,0.250593445582179,0.17496868989230024,-0.19749991731592192,-0.5878125517240043,1.1370895496823794,0.3339578948727643,0.30833012680275795,0.21147160367429677,0.5518340573364652,0.9816766119937317,-1.3427949214182668,2.2864376119784486,0.673664283367827,0.4767745045632036,-0.47480445681581174,0.05912449937800317,0.9513757199218045,1.079093875588678,-0.4313388366547843,0.43347513808131466,-0.3381632209207048,-0.42699598389932686,-1.1528003206699722,0.2505681368756031,1.1900947118566725,-0.38260053073473543,-0.6405385159573362,0.08926968472452403,-0.04834256297702397,1.603027736914297,-0.44672812120859223,-0.5759172165575565,1.25237714334681,0.04254918814060746,-0.002429292667880943,0.47732275422632153,-0.10204026491637587,0.02357869435971368,0.06910865492863566,-0.5942663805386644,1.1629666490831163,0.28625726751699415,0.4183193427753825,0.33026699893767814,1.8860632823719743,-0.37929215782635534,0.8251027249542411,-0.13937217921728381,-0.35829122981546885,-0.11830319301401378,-1.1307480811476716,-0.33746884247229475,1.7161163093033744,-0.03517175574182253,-0.4044561448132672,-0.7301790593832838,-0.10496992427986328,-0.0377875273258637,0.11576685707785253,-0.9348023198901909,2.132577954045408,-0.47199808297503054,0.09642080758509694,-1.5590866370005203,0.10045413530924742,-0.3215930726850239,-0.7020784722315541,1.2376661808413174,0.5709879203761018,-0.820670510834149,0.1634866307612446,0.06270250983710676,-0.03570422816362065,-0.5699745682010601,-0.26488761312159137,1.795803611544861,-0.4017001375917998,-1.757541020399501,-0.05132347348943386,0.8521664539464072,0.4812990598336637,-0.7041980923594973,0.6941905718406797,1.5589556954504384,1.9089912382579748,0.4849438728523755,0.03939482159422182,-0.2564597588944596,-0.16675906759041134,2.5610800117093855,0.9927310518963223,1.3170410278463267,0.6281459286410694,-0.07878692694615999,0.5865838795710373,0.4894408136056478,-0.043552207832595204,0.8988064624972067,-0.35279792613941824,1.5088457985023234,-0.32174328535909336,0.41978129355629945,0.014567846908235548,-0.17446008524494477,0.35494980160059775,1.44166715836895,0.027787407199764528,-0.2573832607835415,0.9605798444843694,-0.08907047543629609,-0.012116788408097524,1.2676248549462201,-0.2512276837340942,0.7869834357157488,-2.3607393050467915,0.1914341630047483,-1.0542342437530707,0.8454261921281611,0.02027118187750096]},"noise_profile":{"status":true,"type":"depolarizing","noise_prob":[0.001,0.001,0,0],"noise_on_init_param":{"status":false,"value":0}},"redundant":{"identity_factors":[[0,0,0,0],[1,1,0,0]]},"zne":{"method":"richardson","degree":0,"sampling":"default","data_points":[[4,2,0,0,-7.407206817517894],[12,6,0,0,-5.829141582765496]]}},"output":{"exact_sol":-8.566772233505624,"zne_values":{"degree":0,"sampling":"default","sampled data":[[4,2,0,0,-7.407206817517894],[12,6,0,0,-5.829141582765496]],"extrapolated_value":-8.196239434894093,"others":{"sorted_noise":[6,18],"sorted_expectation_vals":[-7.407206817517894,-5.829141582765496],"beta_coeffiecients":[1.5,-0.5],"cost_richardson_zne":2.5}},"run_time_sec":4.076957702636719e-05}}