{"config":{"run":"zne","nqubits":7,"state":"dmatrix","output":{"file_name_prefix":"AUTOMATE_xy_noisy_time_evo_ric5_sample#9","draw":{"status":false,"fig_dpi":100,"type":"png"}},"observable":{"def":"ising","coefficients":{"cn":[0.5,0.5,0.5,0.5,0.5,0.5],"bn":[1.0,1.0,1.0,1.0,1.0,1.0,1.0],"r":1}},"ansatz":{"layer":30,"gateset":1,"ugate":{"type":"xy-iss","coefficients":{"cn":[0.5,0.5,0.5,0.5,0.5,0.5],"bn":[0,0,0,0,0,0,0],"r":0},"time":{"min":0.0,"max":10.0}}},"vqe":{"iteration":1,"optimization":{"status":false,"algorithm":"SLSQP","constraint":true}},"init_param":{"value":[0.0019047787007362745,0.7201496918445128,0.7201496918445128,0.7201496918445127,0.7226708680142584,0.8068041864232433,1.3847174673528184,1.6031895944534578,2.458865333289775,2.458865333289775,2.721120236828938,2.721120236828938,3.554687304897056,3.554687304897056,4.537252190232355,4.537252190232355,5.239770593633025,5.242363659304797,5.566731623636481,5.566731623636481,5.566731623636481,5.566731623636481,5.566731623636481,7.6484324534494865,7.6484324534494865,8.96757120343865,9.352637118466301,9.381932224950582,9.966925955531599,9.966925955531599,0.29840004251263574,0.3207087147269936,-0.22478909909228914,-1.2242611593120782,0.061748844824383295,1.9931455249507801,0.02449362327304914,-0.23402928130657288,0.3399922671860315,0.2355005268966802,0.7912945290539132,-0.9147564287830934,0.12280724330167514,0.42016875545313104,0.6183328009701774,0.9098148543333162,0.2439503202728901,0.4941740976390827,0.0721485641264495,0.20051214721509877,0.14273239312798908,-0.03846070968482946,0.11474641891065286,0.1552743298359438,-0.050455466832234855,0.24385918138398863,0.0646818550964626,1.0379575003266166,0.4438839418702803,0.6652939620943935,0.6574583263339632,0.6386444070388955,0.30923240052603657,-0.34636230410321134,0.23860747048870812,-0.8837469955189079,0.25272330748816335,-0.05865013289270936,0.324900593333006,0.14494577696571714,-0.2063591527406891,0.03616506891850059,0.47262902670638013,-1.0341740644891497,0.05484745701468325,0.6503839058002072,0.9852671145762593,-0.15013660688285613,-1.1623207819211936,-0.09407804105158574,-0.7141485635922941,-0.20002766061477661,0.256318263131488,1.811390397828268,-0.4480297381108074,-0.0031154151062657686,0.685008095432428,-0.007804627058269528,-2.9100406031766375,-0.17918863042787767,-0.29620353111227854,-0.2953351498676352,0.4434234593316091,0.0018987515325079429,0.5290648024022053,0.011057994967698829,0.03103232328752182,-0.21693206073792237,-0.07883582131375938,-0.2554965378040217,1.978711034134111,-0.02822992907519939,1.110830733101554,0.04155227001102173,0.17370289874025888,-0.08435695708516765,0.38686640173882947,1.0727525781247964,-1.4871438236674412,0.1437881416009117,-0.15769165641037303,0.46096388290194723,0.3881288491041242,0.3113157866411551,-0.21237825892214532,1.3408904937177344,0.033287678968192874,-0.22654084728278404,0.09162287503278096,1.1250326534568733,0.670327239820091,-1.4911819217025961,0.8417198858779599,0.018685303562101165,-0.5955098452611822,1.37350461224772,-0.5503685346151788,0.07415629279393592,0.22396953453102358,-0.02219350017922496,2.5136787648879593,1.5560141766956836,-0.037039417521638966,-1.5578667717297374,-0.15174825264689498,-0.0075908588231686416,-0.1347910987366526,0.7535559035800633,2.9519825568174283,-0.8640992588734872,-0.486197602889753,-0.029079605859607876,0.1393557947212105,-0.03201203543340934,-0.17255788414719309,-0.6220837667998668,0.10441375911567917,0.7019930428559267,1.822960884928266,0.0010256621400676815]},"noise_profile":{"status":true,"type":"depolarizing","noise_prob":[0.001,0.001,0.001,0.001],"noise_on_init_param":{"status":false,"value":0}},"redundant":{"identity_factors":[[0,0,0,0],[1,1,1,0],[2,2,2,0],[3,3,3,0],[4,4,4,0]]},"zne":{"method":"richardson","degree":0,"sampling":"default","data_points":[[4,2,7,0,-6.536182288327376],[12,6,21,8,-3.4500813502488756],[20,10,35,16,-1.8650932993173603],[28,14,49,24,-1.0247351729167147],[36,18,63,32,-0.5670015302617211]]}},"output":{"exact_sol":-8.566772233505624,"zne_values":{"degree":0,"sampling":"default","sampled data":[[4,2,7,0,-6.536182288327376],[12,6,21,8,-3.4500813502488756],[20,10,35,16,-1.8650932993173603],[28,14,49,24,-1.0247351729167147],[36,18,63,32,-0.5670015302617211]],"extrapolated_value":-8.341628289378761,"others":{"sorted_noise":[13,47,81,115,149],"sorted_expectation_vals":[-6.536182288327376,-3.4500813502488756,-1.8650932993173603,-1.0247351729167147,-0.5670015302617211],"beta_coeffiecients":[2.0339490779265086,-2.250326639408051,1.9586176305958964,-0.9196987134972037,0.17745864438284967],"cost_richardson_zne":13.914439152583324}},"run_time_sec":6.651878356933594e-05}}