{"config":{"run":"zne","nqubits":7,"state":"dmatrix","output":{"file_name_prefix":"AUTOMATE_xy_noisy_time_evo_ric5_sample#10","draw":{"status":false,"fig_dpi":100,"type":"png"}},"observable":{"def":"ising","coefficients":{"cn":[0.5,0.5,0.5,0.5,0.5,0.5],"bn":[1.0,1.0,1.0,1.0,1.0,1.0,1.0],"r":1}},"ansatz":{"layer":30,"gateset":1,"ugate":{"type":"xy-iss","coefficients":{"cn":[0.5,0.5,0.5,0.5,0.5,0.5],"bn":[0,0,0,0,0,0,0],"r":0},"time":{"min":0.0,"max":10.0}}},"vqe":{"iteration":1,"optimization":{"status":false,"algorithm":"SLSQP","constraint":true}},"init_param":{"value":[0.00030922277578629,0.881375055029912,0.881375055029912,0.8813750550299119,0.9803845151714838,0.9803845151714838,1.201629973822729,1.2441077564052723,1.8660677974280824,1.8660677974280824,2.651002314516478,2.651002314516478,3.233637461790533,4.36384995486056,4.36384995486056,4.975714528653046,4.975714528653046,6.591840750700408,6.591840750700408,8.234009055219385,8.238223602720305,8.238223602720305,8.238223602720305,8.903406631369169,8.903406631369169,8.903406631369169,9.126449234760914,9.126449234760914,9.441918167657187,9.441918167657187,0.4384156956352651,-0.017407483354635628,-0.13579407977759564,-0.08181457210659056,-0.5635031413839604,0.570197125887921,-0.07389454022208618,0.18950484918514415,0.23442314823895152,0.5187197914643009,0.03760777637611914,1.2080522066616035,-0.006796933498365149,0.7597395812711474,0.3165595784185247,0.09234381717322694,-0.047116958459538144,0.02161370846364295,-0.3330735946096464,-0.310519881157395,-0.1321730433969341,-0.32004747583182785,0.38880240494533963,0.5587916266845782,-0.04068226055752174,-0.04929253976644778,0.7350044083650977,-0.3347542084226466,0.07994172439872818,0.177027499128215,-0.03555523462670161,0.33584282142298794,-0.06474358479167515,-0.23271669416276414,0.27707249457309313,-1.8841797053563085,-0.39250057722196113,0.0604718224769807,-0.15658247224402194,1.097732135880844,-0.47958374693582667,-0.13884788062191106,1.2517060190766023,0.08912037934357776,1.8722824819152626,0.5767878477607333,0.4375958673531614,0.017187174100509652,-1.172587468420202,0.736957937590481,-1.8818047463381875,-0.29954118659750983,-2.8240783717504883,-0.0009188056875444823,-0.014480253731157836,0.8344869723837732,-0.235921407746533,-0.2726490308679638,-0.4874528967327087,0.05731267695545898,0.32920686175801595,0.0470036094807545,0.6942117349751494,-0.24738597040458754,-0.3530344251488351,-0.7207866325012796,0.6865004571010461,-0.022934954570734595,-0.4703523591474931,0.00010065187353926284,-0.25737840979321513,-0.37927040299996573,0.3323512575736423,-0.7162822410895011,-0.8849129065134153,-0.02984860970928172,0.9857401879405846,0.13869536095324345,-0.4901093246549395,-0.15185390643388375,-1.1107951730061545,1.1255217267520845,-0.36113008327046914,0.12498769155032201,1.105653484876161,-0.0826241142760939,-0.6079720837354008,-0.4798331114275297,-1.1230771992973987,0.13634359721928585,-1.0117198549615587,0.0420371772323395,0.4704689604818435,-0.1136051809968673,-0.4158299646895606,0.7682233881623428,-0.8567828943049521,-1.0844985071567337,0.8118563616911731,-1.0011580890685694,0.06773503500153778,-0.9972068257582826,0.22064841214728595,1.015101892093672,-0.023903188302909387,-1.5448535965900865,0.40727537812840897,0.6273868528756265,-0.06403282214251436,0.1402221940396834,0.011807494022614938,0.19970219531306482,-0.3159297567283321,0.5243897804672414,0.6302439365729751,0.4184253509022523,0.38422115408735924,0.8610939738936156,0.3457693810952046,0.19105880264763628]},"noise_profile":{"status":true,"type":"depolarizing","noise_prob":[0.001,0.001,0.001,0.001],"noise_on_init_param":{"status":false,"value":0}},"redundant":{"identity_factors":[[0,0,0,0],[1,1,1,0],[2,2,2,0],[3,3,3,0],[4,4,4,0]]},"zne":{"method":"richardson","degree":0,"sampling":"default","data_points":[[4,2,7,0,-6.5111758480272135],[12,6,21,8,-3.513108400075424],[20,10,35,16,-1.9256894730075684],[28,14,49,24,-1.0648100061563792],[36,18,63,32,-0.5886022016151555]]}},"output":{"exact_sol":-8.566772233505624,"zne_values":{"degree":0,"sampling":"default","sampled data":[[4,2,7,0,-6.5111758480272135],[12,6,21,8,-3.513108400075424],[20,10,35,16,-1.9256894730075684],[28,14,49,24,-1.0648100061563792],[36,18,63,32,-0.5886022016151555]],"extrapolated_value":-8.23459620137834,"others":{"sorted_noise":[13,47,81,115,149],"sorted_expectation_vals":[-6.5111758480272135,-3.513108400075424,-1.9256894730075684,-1.0648100061563792,-0.5886022016151555],"beta_coeffiecients":[2.0339490779265086,-2.250326639408051,1.9586176305958964,-0.9196987134972037,0.17745864438284967],"cost_richardson_zne":13.914439152583324}},"run_time_sec":5.7220458984375e-05}}