{"config":{"run":"zne","nqubits":7,"state":"dmatrix","output":{"file_name_prefix":"AUTOMATE_heisenberg_noisefree_time_evo_ric3_unifrom_scaling_sample#5","draw":{"status":false,"fig_dpi":100,"type":"png"}},"observable":{"def":"ising","coefficients":{"cn":[0.5,0.5,0.5,0.5,0.5,0.5],"bn":[1.0,1.0,1.0,1.0,1.0,1.0,1.0],"r":1}},"ansatz":{"layer":30,"gateset":1,"ugate":{"type":"heisenberg","coefficients":{"cn":[0.5,0.5,0.5,0.5,0.5,0.5],"bn":[0,0,0,0,0,0,0],"r":0},"time":{"min":0.0,"max":10.0}}},"vqe":{"iteration":1,"optimization":{"status":false,"algorithm":"SLSQP","constraint":true}},"init_param":{"value":[0.12420123662801165,0.138246244841176,0.34185010800102933,0.8771280515547424,0.8771280515547423,1.9326762312100456,1.9326762312100456,2.879806034127527,3.4467495190209787,3.460588109395402,3.4605881093954016,3.4605881093954016,3.911934955717517,3.9564836804547703,4.188240551814426,5.098640553346409,5.098640553346409,5.098640553346408,6.466332587579958,7.457565848827182,7.712724508543908,7.890302861063261,7.898577524812402,8.020037295803547,8.020037295803547,9.289723192898348,9.68251578824504,9.68251578824504,10.66694519433398,11.464898013549973,1.8095532965205083,-1.6633278493215808,-1.2281091611401596,-0.40155726479865544,1.7903243850816337,0.18661159996017582,1.2217850039169107,-0.48128156078104645,1.438546033666569,-0.9466383819139143,-0.2179227006066069,-0.07921201994836616,0.6692914930417907,-0.16791294486623565,-0.3278463005181308,1.2883193159418245,1.9001761172388045,0.7646920019853412,-0.6325477821570596,-0.5987552945744136,0.5669730115381587,0.5983941343774113,-0.06179171362000896,-0.6867235859693906,0.5211737756628548,-0.19354588250953578,0.6072816218147872,0.3472677197742769,-0.08031734075212016,1.4024126217748347,-0.5867181790012919,0.809620813948269,0.35997425529443994,-0.8722967249300235,-0.5874818244923429,-0.5567926036837068,-0.6652314874983639,-0.6042054992483096,-0.13918430829641074,-0.08277488470584692,-0.4972293169762719,-0.4421668735352916,0.6160601456858428,-1.1972657609969646,-1.1558488364748807,-1.4501782622641872,0.03989088007781949,-0.8684923327267209,-0.5569704341339503,0.15823054121075,0.6345578215095505,0.3601853745371903,-0.42594808878819745,0.08979804115834313,-0.153043281560756,-0.603228229875778,-1.1264410002736531,0.6895580235946861,-0.11045941959152497,0.5174109375139814,1.3269460586908306,-0.3852298542423827,-2.4120095755015893,0.08807412161753436,0.1228551365077638,-0.6982591234727157,-1.1618488040328845,2.5586909942385017,-0.24921574033555105,-1.9870969070050777,-1.0279498295884981,-0.7796802357622239,0.48428681889730063,0.7162815161060118,-0.15547297036103372,1.0522591887013215,1.772822944479854,-0.2654037211186137,-0.2720110866721671,-0.03929478442656517,0.34606077605631835,0.5533331494282367,1.0574846609095763,-0.5747611578732846,0.4916772893793279,0.9875709691916216,-0.17857479553023695,-1.147281220275154,0.37370382177065037,2.456815155407461,0.6567596591037266,0.9507316292553318,1.5113928877114242,1.8380989093110256,-0.1736919900840187,-1.2666253947041328,-0.554819304070435,1.1931643666366285,0.4614862178419797,1.2040726557184918,0.3083618234293392,-0.4066692475369416,0.3740368412278018,-1.684611974494111,-0.8650016725760176,-1.4838330341878547,-0.14344887350922086,4.203596189627334,1.1133202614474196,1.391124117957397,1.8627332105499828,-0.28192336755973296,-1.5416482647725873,-1.9612892990030817,0.8836928087418303,0.300761821046295,0.6785848024508535,-0.5500277556546446,0.5742776326882599,-1.181756808209963]},"noise_profile":{"status":true,"type":"depolarizing","noise_prob":[0.001,0.001,0,0],"noise_on_init_param":{"status":false,"value":0}},"redundant":{"identity_factors":[[0,0,0,0],[1,1,0,0],[2,2,0,0]]},"zne":{"method":"richardson","degree":0,"sampling":"default","data_points":[[4,2,0,0,-5.814676484708359],[12,6,0,0,-4.248447309496403],[20,10,0,0,-3.0694027528903187]]}},"output":{"exact_sol":-8.566772233505624,"zne_values":{"degree":0,"sampling":"default","sampled data":[[4,2,0,0,-5.814676484708359],[12,6,0,0,-4.248447309496403],[20,10,0,0,-3.0694027528903187]],"extrapolated_value":-6.7429853042915395,"others":{"sorted_noise":[6,18,30],"sorted_expectation_vals":[-5.814676484708359,-4.248447309496403,-3.0694027528903187],"beta_coeffiecients":[1.875,-1.25,0.375],"cost_richardson_zne":5.21875}},"run_time_sec":3.719329833984375e-05}}