{"config":{"run":"redundant","nqubits":7,"state":"dmatrix","output":{"file_name_prefix":"AUTOMATE_heisenberg_noisefree_time_evo_ric3_unifrom_scaling_sample#9","draw":{"status":false,"fig_dpi":100,"type":"png"}},"observable":{"def":"ising","coefficients":{"cn":[0.5,0.5,0.5,0.5,0.5,0.5],"bn":[1.0,1.0,1.0,1.0,1.0,1.0,1.0],"r":1}},"ansatz":{"layer":30,"gateset":1,"ugate":{"type":"heisenberg","coefficients":{"cn":[0.5,0.5,0.5,0.5,0.5,0.5],"bn":[0,0,0,0,0,0,0],"r":0},"time":{"min":0.0,"max":10.0}}},"vqe":{"iteration":1,"optimization":{"status":false,"algorithm":"SLSQP","constraint":true}},"init_param":{"value":[0.16477895719846114,0.16477895719846108,0.7183189156962347,1.8697093861419474,2.105082615571597,3.05308344502201,4.199393321043376,4.199393321043376,4.199393321043375,6.490210948425593,6.4902109484255925,6.490210948425593,6.4902109484255925,6.4902109484255925,6.490210948425593,6.882554174728105,6.882554174728105,6.882554174728105,6.882554174728104,6.8877583035732775,6.8877583035732775,6.8877583035732775,8.21014824639056,8.21014824639056,9.071469420716642,9.120928605341893,9.714944098401723,11.474131735950095,11.474131735950095,11.794551582273902,1.341188628911811,1.6554894539990426,-2.1068974621953425,-1.4171475675653578,0.33211669069513333,0.11331792925356984,-1.3610911099963097,0.46439741779020816,0.9313501387866817,1.0938593094543279,-0.3591727738608774,-0.4732622270970327,1.6321598874818157,-0.2782091348514778,-1.0526781349295347,0.0708703831522549,2.6982701224663113,-0.038867313655444914,-0.10508583152652556,-0.40759365792756236,0.6284849004330764,0.5192751929971827,-1.6282040637266806,0.0014422433007245106,-1.8299719264591412,2.3182597876656823,0.8875167319646391,1.5664268415036142,1.5052778791259855,2.935955436800565,1.533101581959507,1.8091829332960188,0.45080966818917967,0.1506883627647002,-0.6843548866459184,-0.5544883854492364,1.2466562002431278,-1.1866110136199353,1.4521358231995756,-1.125608676420736,-0.24054383618816966,-0.058272145415006006,0.410408128597049,-1.6441753460137252,0.4019816715685168,0.4588365987304068,1.354346078964423,-1.7153251360741875,-1.1039978646265602e-06,0.7940670488104785,0.17979772520560053,-0.24385394325110826,0.6367160741723578,0.8500459957371875,0.0559416907316065,0.32418668587130467,-1.4797636873635434,0.11902177942387202,0.5185165439317966,-0.08399222686641401,0.8650918037299421,1.4911587670088011,0.12792248933645675,0.3372262149750348,-0.6553154954729696,1.1995792367396254,0.5132294030998703,0.44835115860783636,-0.37116980512777586,0.7805194563374558,-0.854334789795377,0.5008527672922033,-0.2302685629030402,0.6145182391921147,-0.6575500079215796,0.8657035637529482,1.1874516653159721,-0.16284802367068918,-0.26462171656665856,-0.9815102056659819,0.23198397744948207,-1.087097195512072,0.6616385654966559,-0.2929637257774683,0.03471390505932934,0.2048751570049573,0.9170017118070749,0.39617956766989404,0.12006199846995962,0.1922705913940127,0.8784478594386566,0.055479957240883566,-0.6634105431569992,1.0742951419164057,-0.37818200958777604,0.28548758229245597,-0.6594827056613419,1.0235832498557866,-0.19428253177041227,-0.5531991468121416,-1.189626464718852,0.2519110119226656,-0.6708462316627377,2.7994352657547057,-3.8764436680175813,0.5152327138619494,-0.3749347648847944,2.9042167722097862,1.1265965037549552,-1.850959186134046,2.165374611027145,0.8818414791702859,1.5039524911129019,0.06564767423285973,0.6486215314149069,-0.08854143781823305,1.8396223528529987,-0.00792246728000446,2.8805879469479487,3.6337353861266473]},"noise_profile":{"status":true,"type":"depolarizing","noise_prob":[0.001,0.001,0,0],"noise_on_init_param":{"status":false,"value":0}},"redundant":{"identity_factors":[[0,0,0,0],[1,1,0,0],[2,2,0,0]]},"zne":{"method":"richardson","degree":0,"sampling":"default","data_points":null}},"output":{"data_points":[[4,2,0,0,-5.966171999362981],[12,6,0,0,-4.4917214032040365],[20,10,0,0,-3.364633070617193]],"noise_details":[{"identity_factors":[0,0,0,0],"noise_level":[4,2,0,0],"gates_num":[4,1,1,0],"noise_profile":{"status":true,"type":"depolarizing","noise_prob":[0.001,0.001,0,0],"noise_on_init_param":{"status":false,"value":0}},"odd_wires":4},{"identity_factors":[1,1,0,0],"noise_level":[12,6,0,0],"gates_num":[12,3,1,0],"noise_profile":{"status":true,"type":"depolarizing","noise_prob":[0.001,0.001,0,0],"noise_on_init_param":{"status":false,"value":0}},"odd_wires":4},{"identity_factors":[2,2,0,0],"noise_level":[20,10,0,0],"gates_num":[20,5,1,0],"noise_profile":{"status":true,"type":"depolarizing","noise_prob":[0.001,0.001,0,0],"noise_on_init_param":{"status":false,"value":0}},"odd_wires":4}],"run_time_sec":7.615773439407349},"others":{"observable_string":"1 X 0 X 1 + 1 Z 0 + 1 X 1 X 2 + 1 Z 1 + 1 X 2 X 3 + 1 Z 2 + 1 X 3 X 4 + 1 Z 3 + 1 X 4 X 5 + 1 Z 4 + 1 X 5 X 6 + 1 Z 5 + 1 Z 6","time_evolution_gate_hamiltonian_string":["0.5 X 0 X 1 + 0.5 Y 0 Y 1 + 0.5 Z 0 Z 1 + 0.5 X 1 X 2 + 0.5 Y 1 Y 2 + 0.5 Z 1 Z 2 + 0.5 X 2 X 3 + 0.5 Y 2 Y 3 + 0.5 Z 2 Z 3 + 0.5 X 3 X 4 + 0.5 Y 3 Y 4 + 0.5 Z 3 Z 4 + 0.5 X 4 X 5 + 0.5 Y 4 Y 5 + 0.5 Z 4 Z 5 + 0.5 X 5 X 6 + 0.5 Y 5 Y 6 + 0.5 Z 5 Z 6"]}}