{"config":{"run":"zne","nqubits":7,"state":"dmatrix","observable":{"def":"ising","coefficients":{"cn":[0.5,0.5,0.5,0.5,0.5,0.5],"bn":[1.0,1.0,1.0,1.0,1.0,1.0,1.0],"r":1}},"output":{"file_name_prefix":"noisefree_time_evo_xyiss_sample#3_default2_richardson","draw":{"status":false,"fig_dpi":100,"type":"png"}},"vqe":{"iteration":30,"optimization":{"status":true,"algorithm":"SLSQP","constraint":false},"ansatz":{"type":"xy-iss","layer":30,"gateset":1,"ugate":{"coefficients":{"cn":[0.5,0.5,0.5,0.5,0.5,0.5],"bn":[0,0,0,0,0,0,0],"r":0},"time":{"min":0.0,"max":10.0}},"noise":{"status":true,"value":[0.001,0.001,0,0]},"init_param":[0.30130103388333623,-0.243063922761467,-0.4549107612243115,1.1560966668007977,1.0229318836890575,2.1311008646254592,1.521883267421103,0.4794530101968268,1.8464857728454962,0.14645307264541135,2.5928110700229277,1.20911441027063,4.194106416675308,3.8003552160277003,3.3745066797879555,7.252126414019663,4.177846435769443,6.173285517916349,4.627485482829848,6.4428226004051465,4.991740276733856,6.8835589453838075,7.214956363002487,7.222436241174963,8.389854379585376,7.717086142831042,8.523925269155479,9.487198098541528,9.95154375689409,9.368346175438742,0.042000848389690024,0.088848295733357,-0.10315575192402593,-1.0271818053205526,0.8151485289319406,-0.010339726448303789,0.6749430549354994,-0.5502140172734207,0.48085580066282874,-0.04799716888257382,0.1033557068673545,-0.791767163468851,0.01834664457317725,0.27821581111594146,-0.482099385397069,-0.1546831831137653,-0.9092881099340905,0.8583013555457478,-0.12304691374802024,0.20945184807340192,-0.6885917960916661,1.039839945104482,-0.9093101271103915,0.7061757162494826,0.8883956750582872,1.0917700802372476,0.6374835974149036,0.2517571239285283,0.5311380004444362,0.09160420991668015,-0.3558916178198778,0.45110832517719957,0.6503909162748694,-0.9333977142515661,0.5673695454499539,-0.6393551199436717,1.0862903820436052,0.8127670670087205,1.022381581955079,0.8486982634952915,1.409838471891039,-0.4365518570656228,0.19264228220026944,-0.21389092863949,0.39195987240718483,-0.22587446702304728,0.5401100481295684,0.9026999606751906,0.10426523916942748,-0.3259232355889689,0.7797929456105268,1.7834951105513,-0.6145867209106952,-0.3275623036754599,-1.2427537685735013,-1.1197803431483253,-0.4750087559970431,-0.7121677187201935,0.17879954320896985,-1.001708750064737,-0.032755133364502684,-0.4764644517908235,-0.09526978035804824,-0.6082651896354729,0.3465375406381616,-0.5246015044701314,-0.10347025507169608,0.8712993451491788,0.7620949056003106,0.13130544800156713,0.893287496976688,0.1280365826353163,-0.39628404540824874,-0.30825938570559897,-0.47028117133517316,0.06336937876080927,1.2014889086706129,-0.7179369401136975,0.32647906046055397,0.021675353586727376,1.0163282189205598,0.16298719916663823,1.15281533070764,1.0015855027627873,1.2229636337351744,0.1651911089505728,0.02906446697494449,-0.28415108807651684,1.4653539295199232,0.3205208028397309,0.8642961595424277,-0.2749513869082942,-0.9225762929679316,0.4480838840806881,-1.9377215032566912,-0.17110144342245717,-0.11808641177066943,-0.6682684934940147,-0.8400795983000935,0.7855575751575247,0.5784159224309056,-0.7319056638898709,-0.2337606825810347,-0.18749446545659343,-0.32954319313218994,0.08883280234329363,-0.5066000934304357,-0.8078028949287792,-0.042502533141376544,-1.02251672139805,-0.44745160298553344,-0.8513688345850645,-0.3570787410004308,-0.11039464612888923,0.259323776825082,-0.5142436652290543,-0.9360988543001948,1.2309077466618767,-0.3955296289547982,0.13783927564714282]}},"identity_factors":[[0,0,0,0],[1,0,0,1]],"zne":{"method":"richardson","degree":1,"sampling":"default-2","data_points":[[4,0,0,1,-7.218275261849447],[12,0,0,3,-5.664003333477059]]}},"output":{"exact_sol":-8.566772233505624,"zne_values":{"degree":1,"sampling":"default-2","sampled data":[[4,0,0,1,-7.218275261849447],[12,0,0,3,-5.664003333477059]],"extrapolated_value":-7.995411226035641,"others":{"sorted_noise":[5,15],"sorted_expectation_vals":[-7.218275261849447,-5.664003333477059],"beta_coeffiecients":[1.5,-0.5],"cost_richardson_zne":2.5}},"run_time_sec":0.00010752677917480469}}