{"config":{"run":"zne","nqubits":7,"state":"dmatrix","output":{"file_name_prefix":"AUTOMATE_xy_dephasing_sample#1","draw":{"status":false,"fig_dpi":100,"type":"png"}},"observable":{"def":"ising","coefficients":{"cn":[0.5,0.5,0.5,0.5,0.5,0.5],"bn":[1.0,1.0,1.0,1.0,1.0,1.0,1.0],"r":1}},"ansatz":{"layer":30,"gateset":1,"ugate":{"type":"xy-iss","coefficients":{"cn":[0.5,0.5,0.5,0.5,0.5,0.5],"bn":[0,0,0,0,0,0,0],"r":0},"time":{"min":0.0,"max":10.0}}},"vqe":{"iteration":1,"optimization":{"status":false,"algorithm":"SLSQP","constraint":false}},"init_param":{"value":[0.018211993142283785,0.29307412853505166,1.100787510456045,1.1007910889670494,2.337939873972855,2.3843805683195436,2.8693397692929716,2.8693397692929716,3.8353175788563565,3.8387719156641924,3.8443089680723266,3.8852482797577608,5.172111976908191,5.784849265580774,5.810591741154638,5.815626671122911,5.818455719260592,6.251047859267163,6.2790387606151405,7.61103029130553,7.61103029130553,8.479649561414206,8.480275913236092,8.48713429536318,8.492422866469786,8.492422866469786,8.492474319963522,11.123308706703892,11.127650989984193,12.596252969647953,-0.4184747619576598,-0.10177792745884319,0.04937241545168028,0.05322948233758192,-2.3658178400922347,-0.28525730583950765,-0.7330082541693799,-2.7835214204511796,-0.7280091861565218,0.1394842913990473,2.1236468130509287,-1.8509813676855686,0.14817088527053895,0.17182762331967083,-0.015460880413877458,0.10581567636439854,1.2900598979104436,-0.02255994471660287,1.2908572798571756,-1.0115611531223574,0.9781850342625605,0.7641545580347192,0.5513225353361981,-0.07387544189958885,-0.1553777086903807,-0.025587751134496746,-1.4131056685312418,-0.1916341813122136,0.6956466149186552,0.19636862873703775,0.17803479059469515,0.07227358704780931,-0.513583324890132,-0.3419594955268472,-0.49555120522905727,-1.0495135839469534,-0.8452610394824879,0.7009404806450071,-2.702846776065792,0.2851013077128574,-0.1041898149374471,-0.19275973184906622,0.4190264071230463,-0.3623063768467427,0.04890560813993168,-1.0088901091662603,-0.4348852647381081,-0.5201973544752062,0.1572967850240324,-1.5585080920585241,-0.168203368004689,-1.54208149077066,0.5806168277203662,0.06703444373418482,-2.024094429502901,0.06772203877259149,0.036220918706772645,0.9177001546516967,0.6074115313959879,-0.3726833740828402,-0.29022001958329907,-0.23067486225450695,0.325704525017236,0.37537496720459146,-0.5397797841262862,0.36542441382921276,-0.2584931425169103,0.31223224386122667,-0.13850554765976777,0.08936624228941063,-0.34051272012985995,-0.45198559003815164,-0.5905097532164922,-0.7032570360773556,-0.29794286536011816,0.06717500217654276,0.5081499267660361,-0.034089404456474605,-0.7353078154262112,-0.6113916961882169,0.08863376018021094,0.9295220204404281,0.4464954665096581,-0.0037979685376141577,0.6952904812915452,-0.20268944505384534,0.43818328746687063,0.5010309480757072,0.6525038207177135,1.0780019043250295,0.6511692901130431,-0.18251149296361463,0.6748985545357795,0.13184510101181426,0.5856303770380054,0.27227994360048935,1.6937576561476655,0.23937561767984367,0.11094191906530786,0.11320509115972328,2.0697768701323245,-0.25464639915438186,-0.481878262385525,2.3325859595064373,0.46024620849188436,0.01832510176654829,0.27128927305764766,-0.14275659247679745,1.3687790072604145,0.011237705425851955,0.48022610918881753,-0.3480996821629761,0.3450547321255943,-0.5337411559513129,2.7655363918276583,-0.0026553234478146445,1.1678459865070436,1.565933375406212,-0.12611636361460318,1.596923144372072]},"noise_profile":{"status":true,"type":"dephasing","noise_prob":[0.001,0.001,0,0],"noise_on_init_param":{"status":false,"value":0}},"redundant":{"identity_factors":[[0,0,0,0],[1,1,0,0]]},"zne":{"method":"richardson","degree":1,"sampling":"default","data_points":[[4,2,0,0,-7.730194219299811],[12,6,0,0,-6.462651272489028]]}},"output":{"exact_sol":-8.566772233505624,"zne_values":{"degree":1,"sampling":"default","sampled data":[[4,2,0,0,-7.730194219299811],[12,6,0,0,-6.462651272489028]],"extrapolated_value":-8.363965692705204,"others":{"sorted_noise":[6,18],"sorted_expectation_vals":[-7.730194219299811,-6.462651272489028],"beta_coeffiecients":[1.5,-0.5],"cost_richardson_zne":2.5}},"run_time_sec":1.9550323486328125e-05}}