{"config":{"run":"redundant","nqubits":7,"state":"dmatrix","output":{"file_name_prefix":"AUTOMATE_heisenberg_dephasing_ricmul_sample#1","draw":{"status":false,"fig_dpi":100,"type":"png"}},"observable":{"def":"ising","coefficients":{"cn":[0.5,0.5,0.5,0.5,0.5,0.5],"bn":[1.0,1.0,1.0,1.0,1.0,1.0,1.0],"r":1}},"ansatz":{"layer":30,"gateset":1,"ugate":{"type":"heisenberg","coefficients":{"cn":[0.5,0.5,0.5,0.5,0.5,0.5],"bn":[0,0,0,0,0,0,0],"r":0},"time":{"min":0.0,"max":10.0}}},"vqe":{"iteration":1,"optimization":{"status":false,"algorithm":"SLSQP","constraint":false}},"init_param":{"value":[5.745892868760958e-17,1.1709383462843448e-17,0.048889352023190266,0.8489518534715456,0.8489518534715456,1.208956144268981,2.0666972122327496,2.072850112103615,2.5605903212089016,2.7762611132106176,2.777935709919978,3.5317156853956937,4.408768689229651,4.442125912718341,5.801310551947503,5.801310551947503,6.012985738683818,7.102516762859884,7.102516762859884,8.519528892376478,8.519528892376478,8.519528892376478,8.519528892376478,8.624636317958029,8.971168031835168,8.971168031835168,8.971168031835168,10.773165356419927,10.863862970576116,12.20207519780159,1.7540519003967505,0.231729380502783,-0.6504622544532457,0.03309260955384709,1.3575678292527422,0.5027507166619888,1.0378291960674673,-0.64745155118707,2.544878302582542,-0.403930176461227,0.043397723710104745,-1.1904920234632104,1.1184321796625716,0.7498947106074633,0.9889595276909005,0.2875642817441963,0.03752784505388665,1.2132599174073173,-1.2878458273322695,0.7738062305035216,-1.0364498338489312,-1.4251374965194816,-0.011812150156853458,0.34193327766115816,0.4165047202379144,0.8347866801063532,0.01723095933186504,0.5924566047571479,-0.26293200341700607,0.13078913441071555,0.11853521946991559,-2.0219128567707867,0.8486170089752122,1.283073636815301,0.6477834311588863,-0.5589620436188156,0.028359112235721066,-0.03865939662976266,0.015329368965094396,-0.8890511991980924,-1.1322353087348074,-0.6585402477805538,0.3055426775951319,0.5717046140506392,0.30354714199597327,0.6367073471325857,0.8958877462229936,0.013127607298137214,-0.44840857001473294,0.47542811801924495,0.8140216355396612,-0.2947307522942167,-0.641406595933283,-0.14114791472772295,0.39078894055195823,-0.006553649342085041,0.14887703736926367,0.16473154692152978,-0.0395979780868575,-0.04254724227717041,0.5889764208533399,0.39077886044824167,-0.8306931051641692,0.4611986995745044,-0.08083147769499113,-0.6098318833001002,-1.2408757831087414,0.16942325563304667,0.23492728593125764,0.017160626711107387,0.8391686766413652,-0.5593021433699098,0.6169384301829531,-0.0519516388204097,0.12503619643120384,-0.37234688230626006,-0.20570357560763972,0.11233736227941553,-0.13982229483383649,1.5382900956102386,-0.13728867610277065,-0.2923516251203342,-0.10199224959198226,1.1770475531365832,-0.06096188878454335,0.36136407792143227,-0.05833873874091504,0.4413251906576549,0.730398318102773,-0.21382091939661527,0.7975593757106056,0.0906693180531793,0.6180690797581276,0.4302454112196792,-0.29263765092738236,-0.6703442643755378,2.046592537660829,-0.655054321167014,1.1205540052931446,-2.0015799572421664,0.13910467905408497,-1.2735770219997444,-0.5874487732355872,-0.7343909143149352,0.24389084368036226,0.6468791526012967,0.06996236203964822,1.471084515159668,-0.5172096875419676,0.1339986874901603,0.6672213381473122,-0.4697625485934508,-0.8496053812896432,1.3434482289038951,-1.2165919714364897,2.0086846735176915,-0.292500973568719,0.5070432330816532,0.6291192953172425,1.2241310222489905]},"noise_profile":{"status":true,"type":"dephasing","noise_prob":[0.001,0.001,0,0],"noise_on_init_param":{"status":false,"value":0}},"redundant":{"identity_factors":[[0,0,0,0],[1,1,0,0],[2,1,0,0]]},"zne":{"method":"richardson-mul","degree":1,"sampling":"default","data_points":null}},"output":{"data_points":[[4,2,0,0,-6.503255606779931],[12,6,0,0,-5.25718385753522],[20,6,0,0,-4.566784690267106]],"noise_details":[{"identity_factors":[0,0,0,0],"noise_level":[4,2,0,0],"gates_num":[4,1,1,0],"noise_profile":{"status":true,"type":"dephasing","noise_prob":[0.001,0.001,0,0],"noise_on_init_param":{"status":false,"value":0}},"odd_wires":4},{"identity_factors":[1,1,0,0],"noise_level":[12,6,0,0],"gates_num":[12,3,1,0],"noise_profile":{"status":true,"type":"dephasing","noise_prob":[0.001,0.001,0,0],"noise_on_init_param":{"status":false,"value":0}},"odd_wires":4},{"identity_factors":[2,1,0,0],"noise_level":[20,6,0,0],"gates_num":[20,3,1,0],"noise_profile":{"status":true,"type":"dephasing","noise_prob":[0.001,0.001,0,0],"noise_on_init_param":{"status":false,"value":0}},"odd_wires":4}],"run_time_sec":6.386498212814331},"others":{"observable_string":"1 X 0 X 1 + 1 Z 0 + 1 X 1 X 2 + 1 Z 1 + 1 X 2 X 3 + 1 Z 2 + 1 X 3 X 4 + 1 Z 3 + 1 X 4 X 5 + 1 Z 4 + 1 X 5 X 6 + 1 Z 5 + 1 Z 6","time_evolution_gate_hamiltonian_string":["0.5 X 0 X 1 + 0.5 Y 0 Y 1 + 0.5 Z 0 Z 1 + 0.5 X 1 X 2 + 0.5 Y 1 Y 2 + 0.5 Z 1 Z 2 + 0.5 X 2 X 3 + 0.5 Y 2 Y 3 + 0.5 Z 2 Z 3 + 0.5 X 3 X 4 + 0.5 Y 3 Y 4 + 0.5 Z 3 Z 4 + 0.5 X 4 X 5 + 0.5 Y 4 Y 5 + 0.5 Z 4 Z 5 + 0.5 X 5 X 6 + 0.5 Y 5 Y 6 + 0.5 Z 5 Z 6"]}}