{"config":{"run":"zne","nqubits":7,"state":"dmatrix","output":{"file_name_prefix":"AUTOMATE_heisenberg_dephasing_ricmul_sample#6","draw":{"status":false,"fig_dpi":100,"type":"png"}},"observable":{"def":"ising","coefficients":{"cn":[0.5,0.5,0.5,0.5,0.5,0.5],"bn":[1.0,1.0,1.0,1.0,1.0,1.0,1.0],"r":1}},"ansatz":{"layer":30,"gateset":1,"ugate":{"type":"heisenberg","coefficients":{"cn":[0.5,0.5,0.5,0.5,0.5,0.5],"bn":[0,0,0,0,0,0,0],"r":0},"time":{"min":0.0,"max":10.0}}},"vqe":{"iteration":1,"optimization":{"status":false,"algorithm":"SLSQP","constraint":false}},"init_param":{"value":[0.4068377570371524,0.4068377570371523,0.907378232057588,0.907378232057588,0.907378232057588,0.9073782320575879,1.3235806330611108,1.6154380975007931,3.0134741572841843,3.44362313652426,3.4436231365242596,5.0429501950643285,5.059494377292351,6.50364063602273,6.503640636022729,6.5036406360227295,6.5036406360227295,6.5036406360227295,7.660407616092366,7.660407616092366,7.660407616092366,7.660407616092365,8.611615992188426,8.611615992188426,8.940364197640651,8.940364197640651,10.827720533689517,11.058406378589721,11.184752636784737,11.323839621532766,3.109397089024676,0.38277739948897777,0.26320988007008184,-1.4084004601517428,0.2319084092399653,1.4027987827659913,0.49289202052989667,-2.66865446784846,1.4445501567359718,0.4508849238365598,0.8397120265166128,-0.858222140154229,1.1798027785743423,3.381700270968396,0.3841836333106631,-0.12363615820783568,2.700318216244036,0.2423264899229464,-0.3093460376167284,0.24546217977534476,4.123229601524674,0.8401287505798491,-0.32560854809526407,0.30655978347208146,0.20724085640498222,-0.2014730307059024,0.640759737408012,-0.8859076658745466,1.9995697173124105,0.11281218774023338,0.8925877794154571,-0.014695257396553568,-0.026732947284179357,0.3150024115845212,0.08974812004432035,0.3938673357625939,-1.6919340956197,0.16020510820027675,1.1128980205233185,0.08764080495862257,-0.3658989688015921,0.41041292818916225,-0.06388579099944586,-0.022862100754878226,0.6305703406609855,-0.3590571870845777,-1.8256196813523273,0.2945859775678891,0.34073756297719354,-0.16251397767751324,-0.9946719677228323,-0.08921767522598902,-2.2623449903836317,2.1258054496668115,1.008553231186682,1.44134132120346,1.1024478074255355,1.7438836554319248,-0.6732802267924761,-0.44351075639066195,-0.1657511728736472,1.4995490058733982,0.44139747009916186,1.136450013681514,0.7383441000606061,0.9529594874505132,-0.01749477919436683,-0.0604769885183004,-0.16250438294685352,0.055957508476730256,0.23423353431772378,0.24166096314544838,0.9869401957085078,1.0807499405200758,0.32178581347557167,0.9474284660317045,1.761765174083859,1.054300809037091,-0.5920389831192726,-0.2826972390246759,-0.6553627398662142,2.4505092960596877,0.7263604558801735,-1.915724928652757,-0.42729062007020246,0.32672433538243606,-1.838411419539518,0.9977759562682212,-0.5523863829022363,0.9454113234401387,1.4031424944683166,1.2538109068684866,-0.17740917722726426,0.22478484886543185,0.31062505800300183,-2.055325161802634,1.2996265955028947,-0.16199855297205717,2.0225199219599617,0.46813099629297017,0.9127332458584405,-0.18062323653291992,0.14967030761403644,0.49207588706352035,0.41108822926709043,0.2855546990667059,2.412341266509187,3.3968394723498276,0.23204178019965063,-0.6420485851166654,0.4724800437333735,1.9061169917079628,0.5582024758588279,-0.6878218554936244,0.9718621753396598,-1.4374408741580211,-0.4590548345314897,0.7642553375279114,-0.1666399523630069,0.9519284593042507]},"noise_profile":{"status":true,"type":"dephasing","noise_prob":[0.001,0.001,0,0],"noise_on_init_param":{"status":false,"value":0}},"redundant":{"identity_factors":[[0,0,0,0],[1,1,0,0],[2,1,0,0]]},"zne":{"method":"richardson-mul","degree":1,"sampling":"default","data_points":[[4,2,-6.455308799724191],[12,6,-5.154401594281912],[20,6,-4.443424228683923]]}},"output":{"exact_sol":-8.566772233505624,"zne_values":{"degree":1,"sampling":"default","sampled data":[[4,2,-6.455308799724191],[12,6,-5.154401594281912],[20,6,-4.443424228683923]],"extrapolated_value":-7.105762402445331},"run_time_sec":0.0003814697265625}}