{"Config":{"run":"redundant","nqubits":7,"state":"dmatrix","observable":{"def":"ising","coefficients":{"cn":[0.5,0.5,0.5,0.5,0.5,0.5],"bn":[1.0,1.0,1.0,1.0,1.0,1.0,1.0],"r":1}},"output":{"file_name_prefix":"expe1_ideal_unitary_#1","fig_dpi":100},"vqe":{"optimization":{"status":false,"algorithm":"SLSQP","iteration":10,"constraint":false},"ansatz":{"draw":false,"type":"xy","layer":30,"gateset":1,"ugate":{"coefficients":{"cn":[0.5,0.5,0.5,0.5,0.5,0.5],"bn":[0,0,0,0,0,0,0],"r":0},"time":{"min":0.0,"max":10.0}},"noise":{"status":true,"value":[0.0001,0.0001,0,0]},"init_param":[1.4222312891832978,-1.2346702822652311,1.1716036641257273,1.0298996141597891,2.723315312072208,0.9930858354970779,2.3212654213988277,4.384323230221978,4.32221717034208,4.824192202356142,5.321986109458862,5.450035847215968,5.065661544164989,7.039570239426917,6.32477853211887,7.392546512890596,6.307916069068526,7.141902123105978,6.313517717506906,7.176985368298613,8.045987875514305,8.168660790950943,9.261450374439008,9.018537756055357,9.382960374265737,8.837558956823692,8.940277078741959,9.607508710529338,9.502444412026701,10.166344801605309,0.7244853237699695,0.4869269228550682,1.242830010052287,0.2261027048580071,0.29375612792115463,-0.6389659660191886,-1.1335559370618056,0.3520466720299553,0.9578837854315769,0.3361007875388169,0.9868103364907201,-0.6555386592459091,0.7679208627951947,0.6074075778795783,0.3643180796310976,-0.39018808279252176,-1.7896407798230332,1.2063228012595393,-0.44358768881544003,0.928117633906913,-0.37364887794343515,-1.5323824086557183,-0.44201577188972585,-0.7203740372708566,-1.672031809893226,0.012495550791066259,-0.50768023452162,1.0854577450031757,-0.1073281646760851,-0.21003438748953865,0.05097545421030038,-0.3332591641916027,1.1728736459588178,0.8171328445259095,-0.22705599269888357,-0.028271949510596143,0.8680499961575652,0.12473089656535483,-1.7332759481470301,0.07735754500612198,-0.33903433994739535,-0.024903808755804814,0.5473202957653646,-0.5417081537856816,0.05081717278061861,0.7339637531802016,-0.12012689137794447,0.049392731559819436,0.9323791291412287,-0.6702161420122007,0.7015310203836269,0.6679567106823016,-0.9676508796533013,1.5013532006412202,-0.6275498811099505,-0.3270808354453643,0.6404933620987617,0.3662964629750176,0.5811990588101731,0.8860509919890804,0.11228492771231474,-0.21233908090269016,0.22539940801793498,0.3784960549887424,-0.7099792938815871,-0.3905555530483576,-0.5135817749454974,0.35612312737568563,0.026222767140129617,0.46084350796541956,1.0040807698151482,-1.192037621961051,0.0021801421975076556,-0.5029917173496374,1.245096817938949,0.8289940346736151,-0.7250332298871071,0.8808890865314906,1.3104380639800774,-0.4120634809212869,0.4545696713434301,0.6193010058079796,1.0565609366456616,-0.7388111672974222,-0.4355438603867938,-1.082492583812547,0.11660726181465703,-1.256683869942462,0.0858760256025921,0.35208755089272237,0.4294368955676362,-1.8726199132070893,-0.46354331069807736,1.2695384704025021,-0.6198166651784962,0.2908903969397245,-0.009821818641370873,-0.3443855922685459,0.9730682464115141,-0.29175239032176065,-0.20718293391316808,-0.24216900766299929,0.811941905826749,-0.9933427843010656,-0.9055064696204612,-0.5378271476060847,-0.2301332169178548,-0.11303899837616707,-0.320277253266461,0.39272213346538637,0.5590389456257479,-0.8666066167752734,-0.20987143565297756,0.40253608372875277,1.3998874052269201,0.32351567065844755,0.4458273666915847,2.0870234799214114,-0.5560138689922044,-1.7927904282463774]}},"identity_factors":[[0,0,0],[1,0,0],[2,0,0],[3,0,0],[4,0,0],[5,0,0]],"zne":{"method":"linear","degree":1,"sampling":"default","data_points":null}},"Symbol_count":25,"Data_points":[[4,1,0,-8.316627695897425],[12,1,0,-8.19586664620766],[20,1,0,-8.0772332485717],[28,1,0,-7.96068509410035],[36,1,0,-7.8461806844150495],[44,1,0,-7.733679411127509]],"Run_time_sec":3.196784496307373}