{"Config":{"run":"zne","nqubits":7,"state":"dmatrix","observable":{"def":"ising","coefficients":{"cn":[0.5,0.5,0.5,0.5,0.5,0.5],"bn":[1.0,1.0,1.0,1.0,1.0,1.0,1.0],"r":1}},"output":{"file_name_prefix":"expe1_ideal_unitary_#6","fig_dpi":100},"vqe":{"optimization":{"status":false,"algorithm":"SLSQP","iteration":10,"constraint":false},"ansatz":{"draw":false,"type":"xy","layer":30,"gateset":1,"ugate":{"coefficients":{"cn":[0.5,0.5,0.5,0.5,0.5,0.5],"bn":[0,0,0,0,0,0,0],"r":0},"time":{"min":0.0,"max":10.0}},"noise":{"status":true,"value":[0.0001,0.0001,0,0]},"init_param":[-0.15086863974505893,0.053512224860129666,0.4162127965392312,0.00403356527715552,0.7404284836930373,0.6531439830102633,0.627186924394614,2.1833546771263745,2.0199193542286324,2.9515657856018835,3.0292682495573064,2.0442005322270362,5.337029334265928,5.596525705657604,6.093713542998147,5.9275760128139785,6.370677759815582,7.655787695470954,6.602720623448711,7.858783972719307,7.127625180637271,8.530354528093392,8.139653151633127,8.796988624769277,8.789475598302452,8.224630941828597,9.500862776683011,9.293771589970316,8.623794393238754,9.45399859790536,-0.15308625736807904,0.5780577450566445,0.6667091253076759,-0.9686103979513165,-0.3364490733988551,0.055972275151663864,0.37385475747439356,-0.0695052874671851,0.7608098511604485,0.7370608906866671,0.728228202417031,-0.3058415049422341,0.5000502407911032,0.2027704056461814,0.2978515226715417,0.7904605601103605,0.4881463610612442,-0.7021364431799042,0.4952933289438949,0.9447093902431856,1.5686537484973828,-0.5045916049061082,-0.2624074756308703,0.39025134699764835,-0.8243758234289692,0.4876971053254792,-0.3630076743600557,0.05793495867354875,-0.4347164113354762,0.6298434605535524,0.39925706417408585,1.403199114549757,0.2965384564988374,-0.2185076622254441,1.1431682631108575,0.6099963403886389,-0.5789173904307658,0.06482149759433142,0.33591516089779994,0.23243220670221718,-0.5788827460427463,0.24755192344813465,-0.7648568766214542,0.09804815785780452,-0.19904361181520566,1.165009244001225,-2.010222263470821,0.707018498432052,-0.08921166889827381,-0.010185157067175318,0.28052625545268345,-0.832580275865412,0.3051688313086015,0.8433741447220051,0.8998754747695044,-0.07155215685737569,0.006581514270691985,0.37833549040617154,0.0531926237213043,0.3744781901877199,1.5727739917615835,-0.2530962069197812,-0.4706370241669028,-0.003704217175158111,-0.39246849883243673,0.20410469374929535,-1.9531980679987346,0.47049289636056973,-0.2853288826552591,1.2646031706522762,-0.41550394268238827,-0.06475687400685028,0.08739880733929418,0.4267899298036108,-0.22900498028562102,-0.9015465530407284,0.6374108438176287,0.8523218135552535,-0.1749156833151088,-0.5208380094314957,0.29030929079214274,-0.34255506480649983,-0.40574398344497054,0.312751768295258,-0.8244893375682725,0.8037332542820329,-0.37973452827715154,-0.3762846913475814,-0.10998389753812159,0.23899506644393945,0.21687820265193408,-0.41627160586410367,0.5423407688446824,-1.1472724501818397,-0.023970240187619007,-0.5896901377246928,-0.04495766252943473,-0.12286829268378827,0.4174466787741965,-0.32281826880037173,1.0542102438493222,-1.9684114141984448,1.4470415280089233,0.7993430019767281,-0.39176174095876204,-0.10741339768903034,-0.6982786526105853,-0.8158925398555313,-0.34597794416954564,1.6740989823279135,1.0086335040767929,-0.22992243257782813,0.630678546837982,0.4249074588384623,-0.6508288954350829,-1.1260414944432746,1.4102413670335001,-0.6928748209003821,2.204295725172146,-0.9048747309253596]}},"identity_factors":[[0,0,0],[1,0,0],[2,0,0],[3,0,0],[4,0,0],[5,0,0]],"zne":{"method":"linear","degree":1,"sampling":"default","data_points":[[4,1,0,-8.386071460986452],[12,1,0,-8.270493765019523],[20,1,0,-8.15683995043262],[28,1,0,-8.04507313396793],[36,1,0,-7.9351572070159815],[44,1,0,-7.827056818338805]]}},"ZNE_values":{"Degree":1,"Sampling":"default","sampled data":[[4,1,0,-8.386071460986452],[12,1,0,-8.270493765019523],[20,1,0,-8.15683995043262],[28,1,0,-8.04507313396793],[36,1,0,-7.9351572070159815],[44,1,0,-7.827056818338805]],"Value":-8.438835840088046},"Run_time_sec":0.0014560222625732422}