{"config":{"run":"zne","nqubits":7,"state":"dmatrix","output":{"file_name_prefix":"AUTOMATE_xy_noisy_time_evo_ric4_sample#3","draw":{"status":false,"fig_dpi":100,"type":"png"}},"observable":{"def":"ising","coefficients":{"cn":[0.5,0.5,0.5,0.5,0.5,0.5],"bn":[1.0,1.0,1.0,1.0,1.0,1.0,1.0],"r":1}},"ansatz":{"layer":30,"gateset":1,"ugate":{"type":"xy-iss","coefficients":{"cn":[0.5,0.5,0.5,0.5,0.5,0.5],"bn":[0,0,0,0,0,0,0],"r":0},"time":{"min":0.0,"max":10.0}}},"vqe":{"iteration":1,"optimization":{"status":false,"algorithm":"SLSQP","constraint":true}},"init_param":{"value":[0.08591881204796584,1.5026023651616802,1.9179097588555833,1.9179097588555831,1.9179097588555831,1.9179097588555831,2.8800636946459592,2.9523818900173797,2.9523818900173797,2.954896407422686,3.0487820562708485,3.0487820562708485,3.9462134206000328,3.9462134206000328,5.170248653928018,5.170248653928018,6.5066905594049205,6.5066905594049205,6.5066905594049205,6.914119522580601,6.914119522580601,6.9842551957162815,7.300516913785898,8.782483894556266,8.782483894556266,8.999633503017922,8.999633503017922,8.999633503017922,9.414122362394847,9.414122362394847,0.09854676674938925,-0.05173289612974198,0.30094803169630163,-1.1984142138894447,0.08610670053567002,0.2851928692216035,0.26177875477440216,0.11764473243628538,0.3495067876706816,-0.9678438601279628,-0.08762050677252062,0.014826088936787857,-0.30347729159143555,-1.1730530788097624,-0.12550631929596553,2.258056275075482,-0.5160508087356981,0.004541093619226378,-0.9345420797218197,0.47154522212338745,-0.9129446894819914,0.2768683391341781,0.29975752794333804,-0.16177915588279423,0.6021148977823381,0.35405737535162146,0.8149645603473178,-0.7074306860917636,-0.8281028342440522,-0.20840122350984505,-0.19593362207831977,1.2208184674045053,-0.10408257731449277,0.9878855326441833,0.6508295623732647,-0.31520021014255994,-1.502007043998756,-0.44913621684685756,-0.2831231513937543,-1.048170079126895,-0.10057118739311635,-0.4440190475287521,0.5925479388494825,0.1500100176310508,-0.4655542365338734,0.09847924242741647,-0.25695620197439545,-0.5449201592551612,0.4987130755500597,-0.007720607194202524,0.7816530161823243,-0.8246572495389679,-0.28480932751570914,1.8751826609713358,-0.20740645402102328,-0.04894031202761418,-1.0170156037248201,-0.035476380392734465,0.9940259955458774,-0.657126951929564,-0.4786936406484008,1.4564140457987391,-1.062151832750044,-0.01496017231630948,0.16259290081999456,0.601493806263198,-0.20485253219607644,-1.2421776762345744,1.152288606322054,1.1883019471730756,0.9817659575699377,0.9653429636905305,0.5382122852444811,0.722384759736696,-0.13079560936986118,-0.9638314109375934,-0.13358671856975504,-0.3949417844115237,1.01780227278121,0.6746960094686067,0.14295933107831804,-0.37974724013569766,0.3641245559377578,0.12972678280008856,0.5949873255000262,0.8499370211382984,-0.0792654431528575,1.9402087793428133,-0.5583113020357903,0.6535986429024293,1.0008805619835928,0.16556690201288055,1.1071973338235597,0.07194244573338314,-0.9146859400815048,-0.005186820541518637,0.4795762978809806,0.6475066336984044,0.11860845746693519,0.08044881503693782,0.5402817334108434,1.5532870492056725,0.36643388228039625,1.6150985923432208,0.22271977417212363,-0.04956133994172771,-0.6258533610916538,-0.6517224443292691,0.2594825887888975,-0.1286341552665023,0.48749759828242367,-0.009813928289633511,0.5249350004928881,-0.01015655683116892,-0.48671658518654837,-0.588311268126242,-0.25978871509233853,0.9039610340757382,1.5549616218831699,-0.05330158954092406]},"noise_profile":{"status":true,"type":"depolarizing","noise_prob":[0.001,0.001,0.001,0.001],"noise_on_init_param":{"status":false,"value":0}},"redundant":{"identity_factors":[[0,0,0,0],[1,1,1,0],[2,2,2,0],[3,3,3,0]]},"zne":{"method":"richardson","degree":0,"sampling":"default","data_points":[[4,2,7,0,-6.410492799212099],[12,6,21,8,-3.2577133670016694],[20,10,35,16,-1.674813432318219],[28,14,49,24,-0.8591076530612253]]}},"output":{"exact_sol":-8.566772233505624,"zne_values":{"degree":0,"sampling":"default","sampled data":[[4,2,7,0,-6.410492799212099],[12,6,21,8,-3.2577133670016694],[20,10,35,16,-1.674813432318219],[28,14,49,24,-0.8591076530612253]],"extrapolated_value":-8.199299477727953,"others":{"sorted_noise":[13,47,81,115],"sorted_expectation_vals":[-6.410492799212099,-3.2577133670016694,-1.674813432318219,-0.8591076530612253],"beta_coeffiecients":[1.856490433543659,-1.5404920618766529,0.8938657642987985,-0.20986413596580492],"cost_richardson_zne":6.662711482694253}},"run_time_sec":4.0531158447265625e-05}}