{"config":{"run":"zne","nqubits":7,"state":"dmatrix","output":{"file_name_prefix":"AUTOMATE_xy_noisy_time_evo_ric4_sample#6","draw":{"status":false,"fig_dpi":100,"type":"png"}},"observable":{"def":"ising","coefficients":{"cn":[0.5,0.5,0.5,0.5,0.5,0.5],"bn":[1.0,1.0,1.0,1.0,1.0,1.0,1.0],"r":1}},"ansatz":{"layer":30,"gateset":1,"ugate":{"type":"xy-iss","coefficients":{"cn":[0.5,0.5,0.5,0.5,0.5,0.5],"bn":[0,0,0,0,0,0,0],"r":0},"time":{"min":0.0,"max":10.0}}},"vqe":{"iteration":1,"optimization":{"status":false,"algorithm":"SLSQP","constraint":true}},"init_param":{"value":[3.750846163374531e-05,0.22285241391868899,0.26252411232084344,0.26252411232084344,0.26252411232084344,1.459545906754556,1.4595459067545562,1.6094835194149661,2.5927782099427628,2.5927782099427628,2.5927782099427628,2.5927782099427623,3.3552499939702187,3.3552499939702187,5.033284106467877,5.033284106467877,5.056477210452712,6.768913439946703,6.768913439946703,7.2782492670747585,7.2782492670747585,7.2782492670747585,7.2782492670747585,7.2782492670747585,7.2782492670747585,8.934198246659292,8.937369801451712,9.544406408519471,9.544406408519471,10.23170722265548,-0.4501443853573418,0.06519513561037263,-0.13386490845883003,-0.01542333988020039,0.3988203537526196,0.9163371790808124,0.08159154039220383,-0.11665429084087826,-0.21130662780886203,1.515236372470638,0.4436142129357345,-0.28780404896369716,0.3681425383234808,0.648176841676201,0.3046875502986337,0.05897820457762899,0.09316951897603123,1.5277657654344678,-0.655141628591867,0.073084468489131,-0.11423944001370272,0.3986898081963471,1.0974832156349317,1.8462557861113,0.5998463368708868,-0.0014214294560794885,0.4026665434776887,-0.03860309342262787,0.3728818533964108,1.7322816292529104,0.42156018976657544,0.9872712539907578,0.5749190583224287,0.1654949387796794,1.0577776390475342,-0.5892377479966974,0.4324416138472369,0.7909276553155474,1.0132171075838867,0.008626434202972095,-1.4776636473003866,-0.0743310361925915,1.1363109745761366,0.32003332101567866,0.08535303128967886,1.1165485958252095,0.476282782575683,0.11414859665640108,0.8927652783900955,0.027791184984770272,0.8970588198442948,-0.04579755391586939,0.10596016247070955,0.4721342517962854,0.3142323996684511,-0.0207983447823891,1.3304831617683006,-0.20639835153288702,0.2928189752635581,-0.4120973709154422,-0.16251962266938982,-0.928532755338732,0.13709877636127538,0.09386847134985479,-0.9415336108192559,-1.3861285848764584,0.5116476525314603,-1.5694556777668651,0.31948518026769196,-0.0136576069296156,0.8752899744519326,-0.448175539102687,-0.8567162669878051,0.737642795798484,-0.5233142967805873,-0.020239952918795164,0.9696407297918527,1.064479355466651,-0.43102633401249074,0.3234367312145231,0.02606795235445944,0.2525608175326581,0.09544790103129135,0.30399471295861424,0.6638935631613432,2.095756590649309,-0.5383535092385583,-0.1523671776118538,-0.49733805370513506,1.0814777965289457,-0.5541810322110113,0.4702060218904802,0.1941018040115748,0.027389458133440587,-0.6339976476553459,0.824073822166477,-0.8904328829691108,0.5852778403101284,-0.37705413851354036,-0.20234246488211116,0.19390975159216547,-0.03854894368679599,-0.5885610444718222,0.2892174263372239,-0.7158388932188376,-0.03853087013753846,0.36228239756074476,0.06448164730191597,0.8103021451607575,0.04195704491201313,2.1946244272306323,1.1078290402756337,-0.0920096926231485,0.7957980849005134,0.10683086015182242,0.04139972880547422,1.068477454710041,1.5812878062267348,1.0292383703670558,1.5822631942162138]},"noise_profile":{"status":true,"type":"depolarizing","noise_prob":[0.001,0.001,0.001,0.001],"noise_on_init_param":{"status":false,"value":0}},"redundant":{"identity_factors":[[0,0,0,0],[1,1,1,0],[2,2,2,0],[3,3,3,0]]},"zne":{"method":"richardson","degree":0,"sampling":"default","data_points":[[4,2,7,0,-6.4606782650454075],[12,6,21,8,-3.2738854608106305],[20,10,35,16,-1.6974907774474755],[28,14,49,24,-0.8939947022135477]]}},"output":{"exact_sol":-8.566772233505624,"zne_values":{"degree":0,"sampling":"default","sampled data":[[4,2,7,0,-6.4606782650454075],[12,6,21,8,-3.2738854608106305],[20,10,35,16,-1.6974907774474755],[28,14,49,24,-0.8939947022135477]],"extrapolated_value":-8.280504294823274,"others":{"sorted_noise":[13,47,81,115],"sorted_expectation_vals":[-6.4606782650454075,-3.2738854608106305,-1.6974907774474755,-0.8939947022135477],"beta_coeffiecients":[1.856490433543659,-1.5404920618766529,0.8938657642987985,-0.20986413596580492],"cost_richardson_zne":6.662711482694253}},"run_time_sec":4.291534423828125e-05}}