{"config":{"run":"zne","nqubits":7,"state":"dmatrix","output":{"file_name_prefix":"AUTOMATE_xy_noisy_time_evo_ric4_sample#8","draw":{"status":false,"fig_dpi":100,"type":"png"}},"observable":{"def":"ising","coefficients":{"cn":[0.5,0.5,0.5,0.5,0.5,0.5],"bn":[1.0,1.0,1.0,1.0,1.0,1.0,1.0],"r":1}},"ansatz":{"layer":30,"gateset":1,"ugate":{"type":"xy-iss","coefficients":{"cn":[0.5,0.5,0.5,0.5,0.5,0.5],"bn":[0,0,0,0,0,0,0],"r":0},"time":{"min":0.0,"max":10.0}}},"vqe":{"iteration":1,"optimization":{"status":false,"algorithm":"SLSQP","constraint":true}},"init_param":{"value":[-5.647934061474703e-18,1.4787834906243755,1.478918229526628,1.478918229526628,2.0077351764243123,2.4302809101456218,2.4302809101456218,3.009709563144601,3.009709563144601,3.239471043198664,3.2405283031129133,3.2405283031129133,3.2656598154222434,3.5353392937639825,6.198713539858257,6.213604956994236,6.73397854893658,6.73397854893658,6.743547791194661,6.744609103740889,6.744609103740889,6.749543065628153,6.749543065628153,8.615256229309818,8.635090640841518,9.012323512360366,9.012323512360366,9.930483613907942,9.930483613907942,11.782061805135282,0.6870051227789642,0.5234095533264759,0.11216801162302814,0.044591843687496906,-0.747159787599118,1.5727279855217766,-0.16958009141159439,-0.7234855106318131,0.45999589631996707,1.3613822619347415,0.5234464983029046,0.18337466193510712,1.0660408011194182,1.2813123812864906,0.34899885807903364,1.2204971120849089,0.37250493843195553,0.3861568591798728,-0.4881036169368887,0.23720347697856276,0.8136369801063428,-0.8595161765585049,0.6710512785075716,0.5103741134651811,-0.48491784736765847,-1.939727949979543,0.5221979500550953,-0.39618913325979604,-0.5258671175956018,0.08753210163723862,1.3619602585721242,-1.2518915867901346,0.1520244579503878,-1.126921262549515,-1.1285674400831274,-0.7045257843816373,-0.4468310259761979,0.6091022847926961,0.4198375873878555,0.5765253059135943,-2.8026328359302406,-1.7254430077855836,0.37020611055835473,0.4465655907565091,-1.4308928069625704,1.6254306194316424,-0.16298810299835312,-1.249293985363804,-2.5283772945229797,-1.0735775181393186,-0.628541665091616,-1.1357659634071433,-0.5734897531715744,-1.6096579963890296,-0.8342055948126037,-1.5447846874108708,-1.1270394146554403,0.06392732561319403,0.7711512775812011,-1.8472478314151175,-0.46160141905881696,1.8963279721150403,-2.313663424814036,0.060952702837845166,-1.4971949982077863,1.3040610818975555,0.10605679464403613,-1.138800572315487,-0.03947636943653289,0.07839455865010819,-0.6470277815644087,0.946101637008616,-0.32144060478582315,-0.6371693991779968,0.30580409265523,-0.2617129381706641,0.4094287336545931,0.49837362733711055,-0.9058714721495094,0.6137893604415533,0.8546844695081749,-0.8205470722456557,-0.598852289145785,0.46823811794119646,1.2205247300232143,0.031629319060699435,1.1369587010491427,0.12298062775535874,-0.016960252964031076,1.1127338626212067,0.37972118532018134,-0.1475616440844684,0.32749925367563326,0.030050642250761914,0.17169542743574548,-0.5825729547476518,0.7052714548722974,0.9884296874822006,-0.500384308215816,0.01722431287494931,0.40290712722731054,-0.029200452046427447,1.2704708243944813,2.3709704014259345,-2.0267551524865275,0.7347873374577798,-0.34767223966060473,0.009778943736386289,0.221000841842164,-0.010995780695540691,-0.481889271583797,0.7008500159073542,2.3944065221124076,-0.08320445199579081,2.02470278988152,0.02142760118000664,1.6794429086669174,1.6046551807968945,0.2831685070910348,1.5805135598594935]},"noise_profile":{"status":true,"type":"depolarizing","noise_prob":[0.001,0.001,0.001,0.001],"noise_on_init_param":{"status":false,"value":0}},"redundant":{"identity_factors":[[0,0,0,0],[1,1,1,0],[2,2,2,0],[3,3,3,0]]},"zne":{"method":"richardson","degree":0,"sampling":"default","data_points":[[4,2,7,0,-6.429933051303131],[12,6,21,8,-3.199071961215845],[20,10,35,16,-1.6351376911040885],[28,14,49,24,-0.8526977600673815]]}},"output":{"exact_sol":-8.566772233505624,"zne_values":{"degree":0,"sampling":"default","sampled data":[[4,2,7,0,-6.429933051303131],[12,6,21,8,-3.199071961215845],[20,10,35,16,-1.6351376911040885],[28,14,49,24,-0.8526977600673815]],"extrapolated_value":-8.291607159781275,"others":{"sorted_noise":[13,47,81,115],"sorted_expectation_vals":[-6.429933051303131,-3.199071961215845,-1.6351376911040885,-0.8526977600673815],"beta_coeffiecients":[1.856490433543659,-1.5404920618766529,0.8938657642987985,-0.20986413596580492],"cost_richardson_zne":6.662711482694253}},"run_time_sec":4.482269287109375e-05}}