{"Config":{"run":"zne","nqubits":7,"state":"dmatrix","observable":{"def":"ising","coefficients":{"cn":[0.5,0.5,0.5,0.5,0.5,0.5],"bn":[1.0,1.0,1.0,1.0,1.0,1.0,1.0],"r":1}},"output":{"file_name_prefix":"expe3_ideal_unitary_#4","fig_dpi":100},"vqe":{"optimization":{"status":false,"algorithm":"SLSQP","iteration":10,"constraint":false},"ansatz":{"draw":true,"type":"xy","layer":30,"gateset":1,"ugate":{"coefficients":{"cn":[0.5,0.5,0.5,0.5,0.5,0.5],"bn":[0,0,0,0,0,0,0],"r":0},"time":{"min":0.0,"max":10.0}},"noise":{"status":true,"value":[0.001,0.01,0,0]},"init_param":[2.4206110184543097,1.964876177389117,2.8380737466678654,2.0883702093696117,2.7397002115802724,1.6839741306757088,2.5004105878691183,2.3821724574190646,4.323757471892812,3.440320752176036,4.430870838618817,2.9405406198168853,4.536395502306403,3.6529174761017735,4.426726495972428,3.337616424206432,5.796617794382225,5.822231317995206,5.841669910221462,7.0111362924336555,5.476172498849085,7.2876344618849735,8.212100510647135,8.302754500987275,9.896467132964602,9.330581303658068,9.573283673959041,10.235630211311626,10.10641519871654,10.541381007245427,1.084937048608782,1.045905710740503,-0.0405189446552356,-0.09221686114469593,1.3914409211952625,0.8066422876139671,-0.4699731383384812,-0.9794693736949578,-0.0866674048732741,0.4287020859091199,-1.0966245927328195,0.9941739360424093,0.14279966435337293,0.5002342290906503,-1.0041956891046226,-0.7529489463574279,-0.8918221260466145,1.568623159283188,0.7889752952177693,-1.580048333485728,0.4508537787837772,0.3368871312712302,-0.8370649138836432,-0.10404786425367767,-0.7562374558406642,-1.0269116225150874,1.350769649871133,-0.6094478065562307,1.9648816840704877,0.5594230654995287,0.8785164588870237,-0.8387805840576631,-0.13534606947164413,0.6594853993636178,0.31697615540605256,1.1302278712621348,-0.08503988305862316,1.3217292438426589,-0.8708766204073921,-0.430644254954665,0.05627960318902438,-0.5363505387180629,1.42795903894836,-0.20079439135056953,-0.3075635963877481,-0.1323829162328333,-0.7119347084753467,0.43895881654271196,-0.8154893336801109,-0.16428389714551922,-0.9638399260358693,1.066224050682597,-0.4402278200763369,-0.6142672692352197,-1.0487081942460053,-1.1407873346993704,-0.6511126804730419,1.578767784663451,-1.2407614708209733,-1.4625897197860305,0.9532104080753532,1.5538136578926187,-0.28029346322716797,-1.0152091022750533,-1.3499076371721228,1.408811872872918,-0.3889573579147543,-0.35783965264156725,0.37236029692481587,0.5553997939946564,-1.1425839187783497,-0.8684528921305403,-0.0278313746138864,-0.3282977368070855,1.9238467166272024,1.0560441728026662,-0.24848547066993878,0.43023747591574585,-1.4532790469044157,-0.4350612869256975,1.3066558828068455,-0.7983267301259428,0.11630468161893841,-1.3124270605430934,-0.4372396033399067,-0.4050430841505782,2.0557310657161136,-0.11811402314912281,0.2252891393253509,0.06908483981386819,1.0279347946685053,0.1307159076929798,-0.3668530112964736,-0.9036779954309028,0.0927813491848662,-0.015207137799667942,-0.09789576046966005,-1.509998710581832,-0.34259285127264144,1.4933914928476801,0.7865566083775716,-1.640426112010892,-0.7352136265478089,-1.418840049916234,0.4313237939525365,-1.3492998326759285,1.1251166390720193,1.6551476367789952,0.2195364264695825,0.0651444392330803,-0.5555186197482376,0.6073378372358739,0.7916625210812294,-0.7536692809498723,1.9184277669194407,0.002672212688336231,-0.4831928400022028,1.2910684541679194,1.080457391977711,1.4243028366536146]}},"identity_factors":[[0,0,0],[1,0,0],[2,0,0],[3,0,0],[4,0,0],[5,0,0]],"zne":{"method":"linear","degree":1,"sampling":"default","data_points":[[4,1,0,-6.629171636268796],[12,1,0,-5.833259441555643],[20,1,0,-5.150236421341351],[28,1,0,-4.561986133496656],[36,1,0,-4.05355462640895],[44,1,0,-3.6125630719402864]]}},"ZNE_values":{"Degree":1,"Sampling":"default","sampled data":[[4,1,0,-6.629171636268796],[12,1,0,-5.833259441555643],[20,1,0,-5.150236421341351],[28,1,0,-4.561986133496656],[36,1,0,-4.05355462640895],[44,1,0,-3.6125630719402864]],"Value":-6.774353964638575},"Run_time_sec":0.0017473697662353516}