{"Config":{"run":"zne","nqubits":7,"state":"dmatrix","observable":{"def":"ising","coefficients":{"cn":[0.5,0.5,0.5,0.5,0.5,0.5],"bn":[1.0,1.0,1.0,1.0,1.0,1.0,1.0],"r":1}},"output":{"file_name_prefix":"expe3_ideal_unitary_#6","fig_dpi":100},"vqe":{"optimization":{"status":false,"algorithm":"SLSQP","iteration":10,"constraint":false},"ansatz":{"draw":true,"type":"xy","layer":30,"gateset":1,"ugate":{"coefficients":{"cn":[0.5,0.5,0.5,0.5,0.5,0.5],"bn":[0,0,0,0,0,0,0],"r":0},"time":{"min":0.0,"max":10.0}},"noise":{"status":true,"value":[0.001,0.01,0,0]},"init_param":[1.0125045265388137,0.29488520214153235,0.19338732591233257,0.3413563379210799,1.264304256696509,1.164249195956868,1.6167947038828405,1.9102328104565012,2.4225826053704305,2.5570013476211484,1.5062344085968467,2.1650860741644076,2.1068614291755625,3.954538605667288,4.892520804764194,3.7192601737665894,4.509577502687762,3.6633041983695422,4.217959673173936,3.3834133205637476,5.254464757004514,5.360766142263751,5.477593698550863,7.585309319823798,7.583067763099134,9.458581467887399,9.426482652707321,9.455457125735386,10.274344772656226,10.263910231629081,1.6328306722010288,0.19980584990399897,0.46440347915099367,0.8694096606247446,0.03174395240745209,0.13724708167226224,0.4245335840134327,0.5694496542557281,0.4283193999465882,0.0488102870684119,0.11996744192771223,0.7098459270892047,0.5898616540977158,0.140601401445584,-0.28563559366389246,-0.3205124431514951,-0.2758123130783342,-0.4869091294789174,-1.0048769489630287,-0.13480844521317425,0.07861600446203992,0.15752853707204015,0.6688952130569952,-0.38825037231670645,0.9811742456015785,-0.6198242331805278,-0.42065134503377394,-1.0513793257447321,0.9078242275883155,0.8378898611591395,1.310830398141231,-0.8278260447405864,0.21598112341961923,-0.1192284309166268,-0.6488070833252054,-0.6184008684712052,0.11848928102014687,-0.47520019445057565,1.0503244007618466,0.021212302139171798,-0.41824286099221525,-1.3259627660752105,-0.9350923244707876,-1.273133432689212,-0.8973623880900513,-0.03412838966707807,0.17221073326277717,0.5501794858886185,0.5385513054346837,-0.6370371367121495,0.1924559564076873,-0.06035372427199105,0.5704328671471568,0.512576118718586,1.0900133448173512,-1.9749722743236944,-0.967382233994251,-0.30739803270539884,1.2764336108580296,-0.13338886265808383,0.5547778323368422,-1.0182324864858951,-1.2549773376862365,-0.08777033151854684,-1.7366501198800748,-0.20255057151852976,-0.27213870560577313,-0.7545530883988504,-0.1167744792945807,0.3192135917321617,0.807325968812179,1.2781021307919818,0.30847267329004796,0.24107085604904388,-0.5347138045688976,-0.6781678716180061,-0.45307211583636364,0.2323433451770916,0.8464613411217939,-0.19303174408789756,-0.11570151728426309,1.4778245988877154,-1.0873929026954514,-1.5275943220634853,-0.5010205633318126,0.29085448822181725,-0.1487874608593819,0.2399172284003916,-0.9292881386882124,0.5071713509048018,-0.3719389790606254,-0.4426514584421147,0.4589219405801178,-0.0023145582183951192,0.18048147160630928,0.529239061981704,-1.0702190955735522,0.6832762672748741,-0.8173679698369107,-0.0274249442283112,-0.6423514874175397,0.007679115425616572,0.5180622790929431,-0.2239567318222412,-0.23974307866293673,0.3934900619517527,-0.776843097889726,0.01132621494164639,1.7316970773602753,-1.5591902186294078,-0.6520363564246558,-1.522353431225432,0.3772265588243304,0.057341792484884004,-2.4746641648448353,0.5637845462285781,0.152041856984528,0.8373492813422881,-0.4628143351431085,0.0028449186389907333]}},"identity_factors":[[0,0,0],[1,0,0],[2,0,0],[3,0,0],[4,0,0],[5,0,0]],"zne":{"method":"linear","degree":1,"sampling":"default","data_points":[[4,1,0,-6.881932265186199],[12,1,0,-6.153794112275692],[20,1,0,-5.516461404966706],[28,1,0,-4.95689950441493],[36,1,0,-4.464130503055251],[44,1,0,-4.028885773662987]]}},"ZNE_values":{"Degree":1,"Sampling":"default","sampled data":[[4,1,0,-6.881932265186199],[12,1,0,-6.153794112275692],[20,1,0,-5.516461404966706],[28,1,0,-4.95689950441493],[36,1,0,-4.464130503055251],[44,1,0,-4.028885773662987]],"Value":-7.03886551461708},"Run_time_sec":0.0}