{"Config":{"run":"zne","nqubits":7,"state":"dmatrix","observable":{"def":"ising","coefficients":{"cn":[0.5,0.5,0.5,0.5,0.5,0.5],"bn":[1.0,1.0,1.0,1.0,1.0,1.0,1.0],"r":1}},"output":{"file_name_prefix":"expe3_ideal_unitary_#10","fig_dpi":100},"vqe":{"optimization":{"status":false,"algorithm":"SLSQP","iteration":10,"constraint":false},"ansatz":{"draw":true,"type":"xy","layer":30,"gateset":1,"ugate":{"coefficients":{"cn":[0.5,0.5,0.5,0.5,0.5,0.5],"bn":[0,0,0,0,0,0,0],"r":0},"time":{"min":0.0,"max":10.0}},"noise":{"status":true,"value":[0.001,0.01,0,0]},"init_param":[0.36009320387223703,0.0018291728619194009,-0.3024663949586963,0.13434085459644252,0.6579798693121311,0.5673608004071343,4.302147167621795,4.272667580827104,4.853573088311832,4.854105217285879,5.5856180690765305,5.593708789363897,6.307465393204471,6.189871972765565,6.149027849769579,6.199850518942667,6.22851724392749,8.072819859526412,8.084919796900301,7.504585646039069,7.499253246335273,8.47145203129403,8.445564836197379,9.219677084540946,9.142724253762951,10.031105494855328,9.935738963447873,9.980659418308733,9.931144339795692,9.916566259709061,0.6245087479452768,-0.733625986464386,0.9104316481872102,-0.872591938281555,-0.3654749968448031,-0.8034511112875075,0.95285512932491,0.9339931599809524,-0.6436922286407596,-0.06325902569227801,0.7764784275246068,1.8544881026699953,0.31536386739432737,0.30019277006677153,1.0821364559721074,-0.8681516685088938,0.9456297794647898,-0.04851154557551643,0.40943144585215974,-2.3137003632394073,0.3675337023153694,1.1667034571895494,-1.015719410428964,0.10751575590846218,0.8954946434860731,-0.026650943887701162,0.038092803733445,1.3615059926548454,-0.7933270607576536,2.8343080746711182,0.1418762086170628,0.015228191445557536,-0.6269069045352991,-0.004932525984928967,1.0680836396223317,-0.46187509929766013,-0.30430176525558694,-0.059730441379742115,-1.0069149475415338,0.012899631439907657,-1.403580596827045,0.04010944887127037,-1.8880051786017533,0.3803810053492877,2.4287972818067964,0.19725642111260627,-0.5189946373107818,-0.060690505985366995,-0.40426975970142015,1.0667170683608593,-0.42820317972543287,-0.8468997381700701,-0.43476656734803715,0.9290770646693955,-0.16460775907946026,0.2140481350868991,0.35765229496727236,1.0800293705638755,-0.8189771411530145,1.2465942902329012,-0.4166069354527085,0.49689899423340106,-0.05464776701519013,-0.7356838216130284,0.7520900951166964,-0.3567291061104282,0.6916104291475289,0.7378024515631875,0.29631556492813504,0.0042616814410614025,0.8664691210466022,0.3285394747550548,-0.048464750747761576,2.6732570282607973,-2.033403277762654,-0.014849406923091163,2.222816702490277,0.0038529131123053745,1.6825004550529894,1.6506934485122562,-0.4889087603993513,0.38969474844762975,0.7317146556629045,0.013737241208880199,1.8674174646836323,-0.003170535059296112,1.4215868303141397,-1.9651485113021394,0.15698196223325445,0.8070442061059974,0.9374579714339905,-0.001070445953808721,-0.5742407498575292,-0.03166504948997978,0.9458771046373728,-0.13975832692183185,-0.5642674178116401,-0.35915363053429916,-0.06752346740049758,-0.0482841760746114,-1.8148992458699906,0.8843490921470699,-0.2485095205775399,1.4160049000641772,0.6898025792987807,-0.2314363617063744,0.12833502594297713,-0.699477172759707,0.14083368016959041,1.2788601602609537,0.41606439030182557,0.42887684116975733,-1.681096881421951,0.5433753216177887,0.3863432576598685,-0.024692965027227565,0.10088896761101725,-0.040042629173218325,2.0585718878128625,-0.12112358814783716]}},"identity_factors":[[0,0,0],[1,0,0],[2,0,0],[3,0,0],[4,0,0],[5,0,0]],"zne":{"method":"linear","degree":1,"sampling":"default","data_points":[[4,1,0,-7.148358332220625],[12,1,0,-6.503814444847054],[20,1,0,-5.931596253538137],[28,1,0,-5.422183202010345],[36,1,0,-4.967453254281514],[44,1,0,-4.560459488759525]]}},"ZNE_values":{"Degree":1,"Sampling":"default","sampled data":[[4,1,0,-7.148358332220625],[12,1,0,-6.503814444847054],[20,1,0,-5.931596253538137],[28,1,0,-5.422183202010345],[36,1,0,-4.967453254281514],[44,1,0,-4.560459488759525]],"Value":-7.303471948940669},"Run_time_sec":0.0009760856628417969}