{"Config":{"run":"redundant","nqubits":7,"state":"dmatrix","observable":{"def":"ising","coefficients":{"cn":[0.5,0.5,0.5,0.5,0.5,0.5],"bn":[1.0,1.0,1.0,1.0,1.0,1.0,1.0],"r":1}},"output":{"file_name_prefix":"expe3_ideal_unitary_#1","fig_dpi":100},"vqe":{"optimization":{"status":false,"algorithm":"SLSQP","iteration":10,"constraint":false},"ansatz":{"draw":true,"type":"xy","layer":30,"gateset":1,"ugate":{"coefficients":{"cn":[0.5,0.5,0.5,0.5,0.5,0.5],"bn":[0,0,0,0,0,0,0],"r":0},"time":{"min":0.0,"max":10.0}},"noise":{"status":true,"value":[0.001,0.01,0,0]},"init_param":[-0.08451044615914151,0.6720166403807609,0.8600204824425126,0.18940867297735853,1.6587731137813893,0.16540622492946375,0.8802863976663226,1.800360489231377,1.6663509827602965,1.6447849586906838,1.932325534539817,4.774075870709825,4.718181184614324,5.151678167731744,5.134989980261643,4.92322572648277,4.901413474625598,8.708860128986021,8.859603027194519,8.442345306884516,8.480412363798814,7.8290167516884415,8.429874579467771,8.367467973276833,9.835075828604264,9.872291930934109,9.864352275788601,9.866404445514531,9.374774814070422,9.361492120348196,0.6318082796756932,-0.870764088527984,-0.4501420261909858,0.10176087121579712,-0.8356552198531632,-0.42932068792575134,0.2127574483049554,-0.011522929328890302,0.022033475480588517,0.08895272521188641,0.40369044861007786,-0.32104688953568655,0.5487023234460121,0.614031715864871,0.022318727182294818,0.8120587836799443,0.3723530870003912,0.12856989003048835,-0.38422942073706257,-0.5894003764823872,0.29353802473928203,-0.5213585625929144,0.6285061561603639,0.1867194916354958,0.4883561718702335,-1.1717055843657127,0.05291841748557981,0.04349564918071983,1.7106896671093343,-0.5277644836111441,-0.07229363430636544,-0.34246308278873877,0.3209099448007133,0.18376154104299838,-0.5422900160467592,0.43467756618518855,1.4862490004587012,1.0050051403647025,0.5983156111518283,0.01152698027613011,-0.11402772693007918,-0.1959643397360087,-0.07963326663640666,-0.5575964870498652,1.300859757507222,-0.09496967162126559,1.0478538218089006,-0.05066024727136955,-0.18141380580083638,1.1971845850673406,0.03747661782490496,-0.05020294824319709,0.17745856588336706,-0.0977453498619309,-0.30758600619739435,-0.03819476898818369,0.020507325008399108,1.0348849943178906,-0.39660123518045054,-0.009610385268270355,-0.03639867103223696,0.25261187485797104,1.1904656502844244,0.2345956131112771,-0.3718799668406884,-0.6774276183475478,0.15092052290381636,0.07920763246774222,0.8357620224263976,-0.4155620912481476,0.49302571788637106,0.6616796931781181,0.11745662504092841,1.4666017122913448,0.21339057009587775,0.2589555702684465,1.1893382256370026,0.26561546621877097,0.5761879788271779,2.343331980884312,-0.13529796213867198,-0.6057337106857179,-1.245865342069801,-0.09477547187878572,-0.7315300353621582,1.4870206772899448,0.17305467746794417,1.4747080684872538,1.7130045674090422,-0.19437803693521888,0.7325434141793792,0.7332994426613625,1.657716997685921,-0.949113939252071,0.920287006429165,-0.10416947350130058,1.2183878841184994,-0.27468344317779175,1.2589987827144065,0.6101726920906121,1.2144174990022567,0.45623409643466856,1.8166513022635165,-0.5923285687348033,0.21210468590443682,-0.3783214568417099,2.777501512124244,1.341437962491223,1.3185137889138692,-0.46076965514337986,-0.36295843735486216,-0.7932616156782389,0.06481237560165792,-0.05268884612363239,-0.06740993631371403,-1.770580450903514,0.038032296204673986,-0.056546852489880464,0.045507922883973165,0.003503625000251198]}},"identity_factors":[[0,0,0],[1,0,0],[2,0,0],[3,0,0],[4,0,0],[5,0,0]],"zne":{"method":"linear","degree":1,"sampling":"default","data_points":null}},"Symbol_count":25,"Data_points":[[4,1,0,-7.067615978169672],[12,1,0,-6.387622900977789],[20,1,0,-5.782058887734121],[28,1,0,-5.2417278623020875],[36,1,0,-4.758682201766779],[44,1,0,-4.326039758139815]],"Run_time_sec":3.152815103530884}