{"Config":{"run":"zne","nqubits":7,"state":"dmatrix","observable":{"def":"ising","coefficients":{"cn":[0.5,0.5,0.5,0.5,0.5,0.5],"bn":[1.0,1.0,1.0,1.0,1.0,1.0,1.0],"r":1}},"output":{"file_name_prefix":"expe3_ideal_unitary_#9","fig_dpi":100},"vqe":{"optimization":{"status":false,"algorithm":"SLSQP","iteration":10,"constraint":false},"ansatz":{"draw":true,"type":"xy","layer":30,"gateset":1,"ugate":{"coefficients":{"cn":[0.5,0.5,0.5,0.5,0.5,0.5],"bn":[0,0,0,0,0,0,0],"r":0},"time":{"min":0.0,"max":10.0}},"noise":{"status":true,"value":[0.001,0.01,0,0]},"init_param":[-0.012483692303463034,1.3499223006081313,1.572518622789275,1.2600780368370759,1.3878456335140184,1.3597373882238317,1.9716368676048779,0.6588867869308087,1.7974377222583113,1.3313749879413268,2.1349881650267424,3.3753814540498484,3.356140550208774,6.274430011725253,6.2080396729924265,5.964933187037579,6.020337395957407,7.653534446781864,7.675388040574581,7.523691137240537,7.7531272801344056,7.341246610385366,6.721268391279775,8.231161331074825,7.70916413077359,9.655726434996959,9.596498605349764,9.58107143731767,10.23020160897497,10.257542789687662,-0.11250217205642139,0.09082805232702781,0.05343604758362606,0.6966774236092665,0.3809936123655799,-0.11355178768386022,-0.10267262213351747,1.0889913573923644,-0.2819966218402425,0.23031737233237226,0.24548396244934073,-0.2278711487034623,-1.0251782477507958,0.5201337715319186,-0.3322968977243138,1.107466601748229,-0.5822591156270208,1.081535746292472,0.5068948621164625,0.9117376441980062,0.2572247355085961,1.6080579942286664,-0.37737252132481386,0.3270145714569464,-0.2102220838878539,-1.2989044654647566,0.02461506355685985,-0.417584410716277,-1.0213717873126271,0.18553707995369545,-0.026989290426080215,-1.095183668996203,-0.08734372906588439,0.7139346738614858,0.0929988255088561,-0.5686002564700108,0.048090307620176916,1.6547868114976283,-1.9677752644165172,-0.006627182633041078,0.8547051334807376,0.9607672441850845,-1.2300362973801178,0.1561283756904098,-1.8963907079215234,-0.02691705056967204,-1.0780646090430737,1.050726298067107,0.38612056334452444,-0.24493246142799044,-1.6660890260865115,0.014676497272849778,-1.2892693465396474,0.05059098082138951,0.36542156892223765,-0.8470101751407143,0.5757421341178809,0.9181435971445466,-0.09110427485586628,-0.0018935570509507303,0.15467562012889585,-0.036192996060964565,-0.28718607810735486,-0.4883447129416138,-0.6546519832225212,0.06468915695391977,-0.9049351639218696,0.06926653282028347,0.7611950498513728,0.2789322450287978,-0.3044408617853924,-0.20696134118502807,-1.0321691013639858,0.06193914277735131,-1.7809827078108589,0.3633802182640691,-0.1761128076216228,1.009901533843183,0.4210653396145439,1.235997939516821,0.37218496108394594,1.0069884625436933,-0.21802984724857255,-1.035391646367323,-0.372534083146635,1.2677390340725838,0.47305098635831166,1.5070070192292568,-0.581279698403466,-1.5178477230759437,-0.049506125209389865,1.583911596859664,-0.009159706478394189,-1.566937823297099,-0.35832431621998245,1.5917528143327289,0.33179720033168414,-1.5417252001156545,0.7815945831569796,-1.6197171778079416,1.3049868878064417,-0.7615915307261675,-1.4087169243275965,-0.8034714924769569,0.04231948104382638,0.3220069059957801,-0.20442617540333174,-0.28845851677317524,0.5641783223596195,-0.8991299415724233,-0.18702788778730578,-1.1110430076693598,0.44483934918627294,0.046770690649195416,1.903254242668537,-0.36388802758618677,-0.5386997095824099,-0.7939025166357006,0.10421950859500828,-0.08279979805020711]}},"identity_factors":[[0,0,0],[1,0,0],[2,0,0],[3,0,0],[4,0,0],[5,0,0]],"zne":{"method":"linear","degree":1,"sampling":"default","data_points":[[4,1,0,-7.049841597688477],[12,1,0,-6.354368840856948],[20,1,0,-5.7332831684558965],[28,1,0,-5.177802876792107],[36,1,0,-4.680268800282935],[44,1,0,-4.23399072797193]]}},"ZNE_values":{"Degree":1,"Sampling":"default","sampled data":[[4,1,0,-7.049841597688477],[12,1,0,-6.354368840856948],[20,1,0,-5.7332831684558965],[28,1,0,-5.177802876792107],[36,1,0,-4.680268800282935],[44,1,0,-4.23399072797193]],"Value":-7.223148029224403},"Run_time_sec":0.0}