{"config":{"run":"redundant","nqubits":7,"state":"dmatrix","output":{"file_name_prefix":"AUTOMATE_heisenberg_dephasing_ric3_sample#8","draw":{"status":false,"fig_dpi":100,"type":"png"}},"observable":{"def":"ising","coefficients":{"cn":[0.5,0.5,0.5,0.5,0.5,0.5],"bn":[1.0,1.0,1.0,1.0,1.0,1.0,1.0],"r":1}},"ansatz":{"layer":30,"gateset":1,"ugate":{"type":"heisenberg","coefficients":{"cn":[0.5,0.5,0.5,0.5,0.5,0.5],"bn":[0,0,0,0,0,0,0],"r":0},"time":{"min":0.0,"max":10.0}}},"vqe":{"iteration":1,"optimization":{"status":false,"algorithm":"SLSQP","constraint":false}},"init_param":{"value":[0.13798571469690482,0.1379857146969049,0.9857910490623445,1.681118844275678,1.7520739657402942,1.7520739657402942,3.560031235891461,3.5600312358914605,3.5648389510958896,3.5648389510958896,5.748733954467001,5.748733954467001,5.74895012373235,6.486061737078783,6.552923155698712,6.552923155698712,6.552923155698712,6.552923155698712,6.552923155698712,6.552923155698712,6.552923155698712,8.361072992395593,8.361072992395593,8.361072992395593,8.4869439232542,8.487442874430897,8.493708461368103,9.661256623254111,9.740818964261404,10.473326671271314,2.9636387449395936,3.745956961421834,-0.019995937319558517,-0.9149659720056588,3.920525494029825,1.1639441886828594,-1.3671178133249895,-1.6742860973247342,4.782366166466018,0.05104322143804055,0.48861233229129936,-0.5435329689317034,2.1153017076047593,0.7329874108404706,3.423461748546137,-0.383375665027055,1.8180334550559423,-0.8648326905886491,0.5168084871927063,-1.7871513146651212,0.6829395672039243,2.2464447671634167,2.5262079780830176,-2.1925242220773873,-0.3022622906416338,0.05992487439938436,1.8649553379310186,-0.20402986627054603,1.6457257876607136,2.202939972959756,1.8543518382866748,-2.1080070310211885,-0.9246167225909663,1.9276481635471059,-1.6146037024313,-1.225798320318001,2.448619349738463,2.880342048111337,-0.30594336758744134,1.7658585171985814,3.194869797457559,-1.2821634491722693,0.18771052247989828,-0.9383095264449728,-0.1858764571826665,-0.9040812021278273,-0.27195322988032267,-2.1853592473814505,3.028158695550384,1.2403714062159124,-0.22308945940883124,-0.5586602667491722,-0.24681035583520874,-0.11138534164542646,-0.15139604941549326,-0.3427653514034584,3.178925091454309,-0.011063503211333566,2.363579233085362,-0.1357825684812748,0.0639603309158904,0.3392950354111796,0.820386609455778,0.4911578237709962,0.025662180356183527,0.7188231061819643,-0.053489551356192516,-0.699399038710116,1.16191745690214,-1.055909130935087,-0.6788138306552922,0.3382306604857817,2.0341148785065393,3.1744117027592433,0.13187801162689275,0.1640079167373998,0.8686909960681891,-1.609057644222547,-0.2722169441120501,-2.7828135017988784,0.3743849827071679,1.6874546244899586,0.5857594998231057,0.6860752934177077,-0.16715454089741993,1.1822296666904561,-1.4327549192226787,0.27604898002965633,1.1054976564997352,2.839566338418435,1.644251358059053,1.3666770066524674,0.7728825745782069,0.6377695993604517,-1.763309925151641,-0.42970531312780114,-0.1838655251516677,-0.7821911460099792,2.396200160863748,1.2583700603099746,0.8831131574794207,0.5963597602504539,-0.14981538092383753,-0.055561606964170486,0.7817993416934266,-0.1677477896480692,2.479314955757844,1.723437170002211,1.026900731952517,1.5488459636310634,1.086150492076512,0.6541092387611163,0.6183219764434555,0.859384391275448,2.354813748620494,3.7322795293007425,1.3350310542539618,1.7992895318869657,2.001054725587102,1.5138887416863898]},"noise_profile":{"status":true,"type":"dephasing","noise_prob":[0.001,0.001,0,0],"noise_on_init_param":{"status":false,"value":0}},"redundant":{"identity_factors":[[0,0,0,0],[1,1,0,0],[2,1,0,0]]},"zne":{"method":"richardson","degree":1,"sampling":"default","data_points":null}},"output":{"data_points":[[4,2,0,0,-5.813520410760431],[12,6,0,0,-4.654468946477522],[20,6,0,0,-4.030728646948273]],"noise_details":[{"identity_factors":[0,0,0,0],"noise_level":[4,2,0,0],"gates_num":[4,1,1,0],"noise_profile":{"status":true,"type":"dephasing","noise_prob":[0.001,0.001,0,0],"noise_on_init_param":{"status":false,"value":0}},"odd_wires":4},{"identity_factors":[1,1,0,0],"noise_level":[12,6,0,0],"gates_num":[12,3,1,0],"noise_profile":{"status":true,"type":"dephasing","noise_prob":[0.001,0.001,0,0],"noise_on_init_param":{"status":false,"value":0}},"odd_wires":4},{"identity_factors":[2,1,0,0],"noise_level":[20,6,0,0],"gates_num":[20,3,1,0],"noise_profile":{"status":true,"type":"dephasing","noise_prob":[0.001,0.001,0,0],"noise_on_init_param":{"status":false,"value":0}},"odd_wires":4}],"run_time_sec":6.450268268585205},"others":{"observable_string":"1 X 0 X 1 + 1 Z 0 + 1 X 1 X 2 + 1 Z 1 + 1 X 2 X 3 + 1 Z 2 + 1 X 3 X 4 + 1 Z 3 + 1 X 4 X 5 + 1 Z 4 + 1 X 5 X 6 + 1 Z 5 + 1 Z 6","time_evolution_gate_hamiltonian_string":["0.5 X 0 X 1 + 0.5 Y 0 Y 1 + 0.5 Z 0 Z 1 + 0.5 X 1 X 2 + 0.5 Y 1 Y 2 + 0.5 Z 1 Z 2 + 0.5 X 2 X 3 + 0.5 Y 2 Y 3 + 0.5 Z 2 Z 3 + 0.5 X 3 X 4 + 0.5 Y 3 Y 4 + 0.5 Z 3 Z 4 + 0.5 X 4 X 5 + 0.5 Y 4 Y 5 + 0.5 Z 4 Z 5 + 0.5 X 5 X 6 + 0.5 Y 5 Y 6 + 0.5 Z 5 Z 6"]}}