{"config":{"run":"redundant","nqubits":7,"state":"dmatrix","output":{"file_name_prefix":"AUTOMATE_ising_dephasing_sample#1","draw":{"status":false,"fig_dpi":100,"type":"png"}},"observable":{"def":"ising","coefficients":{"cn":[0.5,0.5,0.5,0.5,0.5,0.5],"bn":[1.0,1.0,1.0,1.0,1.0,1.0,1.0],"r":1}},"ansatz":{"layer":30,"gateset":1,"ugate":{"type":"ising","coefficients":{"cn":[0.5,0.5,0.5,0.5,0.5,0.5],"bn":[0,0,0,0,0,0,0],"r":0},"time":{"min":0.0,"max":10.0}}},"vqe":{"iteration":1,"optimization":{"status":false,"algorithm":"SLSQP","constraint":false}},"init_param":{"value":[1.1448565922987903,1.1530947580161133,1.1537755851060933,1.4044667817097833,1.552244608403935,1.9210831385944074,2.0775251176935097,2.1192120113270008,2.3255111532328545,2.8745994078841086,2.874599407884109,3.3858203316341244,4.023538111336362,4.3125136164487055,4.312694795683634,4.313676229054337,4.313677255132322,4.880058598868707,4.883870660764279,5.869378322048949,5.869378322048949,7.842481892032395,7.842481892032396,8.529290739071033,8.529290809695215,9.313712037535584,9.57990396364719,10.171699799025216,10.31702204950927,10.632594688996464,-0.17579595462867698,-0.6214524638331648,-0.4985708660122214,-1.856467304143823,-1.1839928827493578,-0.46902595600137487,0.6019064842005649,-0.01574004506060061,-0.10782206772541193,-1.196061086031132,0.34469137896835217,-1.1470104175237368,-0.06948863198242863,-0.5529496403906612,0.2142334789714539,-0.7119564731331484,-0.03336697146007633,1.2489038839430573,-0.3640981562127508,-1.440538709128715,0.05463463569795773,-1.0157886886129275,-0.33189854075348574,-0.12296238790635038,-0.005268429761560307,-0.24097574957972162,-0.1082277795282746,-0.4473046181458821,-0.5249919420614411,-0.4716748886077238,0.3107659891426117,0.6158124563171886,-0.07363138817173695,0.9141450077582626,0.2870703198071211,0.5866805793840382,0.1064190630786361,-0.9694102000187911,0.8586455002855025,0.012775696613414187,0.259948249172033,-2.0734874459851524,-0.2682392931794704,-0.3485904809707109,-1.2680908788542995,0.8528492682916039,-0.24096523793299643,-0.7652435143641073,-1.6858177408852248,-0.7343653705702584,1.4401698261601181,1.6207964894234692,-0.15526550191273697,-0.275714855051899,-0.9798901197400858,-0.28709529811123874,-0.25319424558934084,0.0779772824114994,0.02789443140504363,0.015856288294837127,0.5160939101858006,0.5926784557234399,0.28023711525353107,0.2429998503420347,0.23004746543385085,-0.22029895934095053,-0.2944323673539141,-0.549979515539643,0.49589951037567204,0.8942362347975547,0.6790825965590301,-1.8107566271143047,-0.7013319378698227,0.042481621521094894,-0.22706508859315178,-0.8958390336127908,-0.007701348615489505,-0.13062743986709227,-0.38457578260665015,0.21383154779258004,0.07956193435097987,-0.4637825607421031,0.12863288008985693,-0.7915011610606113,0.3291956895865789,0.06678487626017181,1.5070473459061817,-0.04740929645813851,-0.04541948545386393,0.12700328791190874,-0.12307535753920536,0.5952731883035676,-0.11859986686000182,0.5530478146167231,-1.166068335843274,-0.2794777591399097,-0.16079266809822493,0.8287803246899935,0.04167163320372341,-0.4041895933348319,1.1340438034924902,-0.3807594715058068,2.400015214704141,0.7906770429607156,-0.30524338523268607,-0.43423948727948586,-0.281963906150515,0.752931822113185,-0.6401745322409884,0.27181668446709517,-0.1875862157834697,-0.13800349602920878,0.3836368446152409,-2.13141550878014,2.121986345949582,-0.629418936345755,1.2137954324968885,-1.181673682643982,0.6059263725101419,0.2009732684003708]},"noise_profile":{"status":true,"type":"dephasing","noise_prob":[0.001,0.001,0,0],"noise_on_init_param":{"status":false,"value":0}},"redundant":{"identity_factors":[[0,0,0,0],[1,1,0,0]]},"zne":{"method":"richardson","degree":1,"sampling":"default","data_points":null}},"output":{"data_points":[[4,2,0,0,-6.209231150739258],[12,6,0,0,-5.220659206332855]],"noise_details":[{"identity_factors":[0,0,0,0],"noise_level":[4,2,0,0],"gates_num":[4,1,1,0],"noise_profile":{"status":true,"type":"dephasing","noise_prob":[0.001,0.001,0,0],"noise_on_init_param":{"status":false,"value":0}},"odd_wires":4},{"identity_factors":[1,1,0,0],"noise_level":[12,6,0,0],"gates_num":[12,3,1,0],"noise_profile":{"status":true,"type":"dephasing","noise_prob":[0.001,0.001,0,0],"noise_on_init_param":{"status":false,"value":0}},"odd_wires":4}],"run_time_sec":4.844371557235718},"others":{"observable_string":"1 X 0 X 1 + 1 Z 0 + 1 X 1 X 2 + 1 Z 1 + 1 X 2 X 3 + 1 Z 2 + 1 X 3 X 4 + 1 Z 3 + 1 X 4 X 5 + 1 Z 4 + 1 X 5 X 6 + 1 Z 5 + 1 Z 6","time_evolution_gate_hamiltonian_string":["1 X 0 X 1 + 1 Z 0 + 1 X 1 X 2 + 1 Z 1 + 1 X 2 X 3 + 1 Z 2 + 1 X 3 X 4 + 1 Z 3 + 1 X 4 X 5 + 1 Z 4 + 1 X 5 X 6 + 1 Z 5 + 1 Z 6"]}}