{"config":{"run":"redundant","nqubits":7,"state":"dmatrix","output":{"file_name_prefix":"AUTOMATE_ising_dephasing_sample#5","draw":{"status":false,"fig_dpi":100,"type":"png"}},"observable":{"def":"ising","coefficients":{"cn":[0.5,0.5,0.5,0.5,0.5,0.5],"bn":[1.0,1.0,1.0,1.0,1.0,1.0,1.0],"r":1}},"ansatz":{"layer":30,"gateset":1,"ugate":{"type":"ising","coefficients":{"cn":[0.5,0.5,0.5,0.5,0.5,0.5],"bn":[0,0,0,0,0,0,0],"r":0},"time":{"min":0.0,"max":10.0}}},"vqe":{"iteration":1,"optimization":{"status":false,"algorithm":"SLSQP","constraint":false}},"init_param":{"value":[0.41360519782374966,0.7160515008436932,0.9280572308530882,1.4309982929031173,1.5415336848387378,1.7771781649446137,1.7797335986128415,2.4920385046370157,2.4920385046370157,2.829493973298792,2.901025281911752,3.0313937647097866,3.0313937647097866,3.0313937647097866,3.0313937647097866,3.0313937647097866,4.183323477936982,4.183323477936982,4.547816703722502,4.547816703722502,6.612556819847185,6.668444690984932,6.710096715622326,7.536843667438316,7.984584040193999,7.984584040193999,8.821010806627235,8.85057113039341,11.539485851502576,12.01788397166805,0.1083559771075576,1.6233515575053505,-0.3124133645434435,-0.006322706190781663,0.41171033489688824,0.27332085009912793,0.19601116429265075,1.308017103824243,0.8181219497055091,-2.5023934760882325,-2.075585412779406,0.735940453559792,2.1731075038184553,0.6353361959868081,-0.9080407076500253,-0.9336738919982963,-0.10775047028388957,-0.34304258244463354,0.407053233989731,2.945012313742291,0.8310442792922805,0.4180783637602389,-0.5404694701818334,0.21789418707337857,-0.20435524373713368,0.5350397513977154,-0.34529909512081286,-0.8234482756697755,0.34250992170188926,0.5146259226949393,-0.8483528431439196,-0.5946813894374267,-0.5048090469745105,-1.2541494420921648,-0.0712772878582052,0.20073250756712885,-0.5733954443521082,-0.46180892176243177,0.6516460337757892,0.22145265375343892,-0.14267186161663115,1.0624491384963068,0.09225971345696077,0.6673251316657752,0.018893639180241912,0.3471565699665598,0.475336707692781,0.9097278471959035,0.3413195717815789,0.14464760143450586,0.04283402121841488,-0.4104412761701489,-0.02769058902867041,-1.3295062611977837,-0.13735644127980767,0.5452217451333029,0.5880896662581585,0.8077262549685748,0.33460741236853425,-0.009064946153836552,-0.01811669761884343,0.2930624928049134,-0.1883407311567352,-0.5206834709739384,-0.022728943406764308,2.0253645632756196,1.4442794717366538,1.4203599633940558,-0.5258459516620633,0.25504664182083164,-1.0725924826461788,-0.13961385530288714,-0.4329179076996553,1.54271769954808,1.6734039258119031,0.28254837687688017,0.06686309555610437,1.269842589028437,-0.03410237809781168,-0.3667641464880316,0.49968112310936225,1.1864422182473413,-0.16421891940738273,0.6588100939108623,0.04337689867576868,-0.06433059842182856,0.6585869969964184,1.5103104449591622,0.19224459743057243,1.1511579205893017,-0.068090991142574,-0.23673708641339525,0.33850086993650785,-0.119625877753582,0.4093994109183591,0.78029603207627,0.6945161647467312,1.2955587217747262,0.4797752894502264,0.7024733767874308,0.3727854697123285,0.9742736406553799,0.037531568228136906,-0.2177893347020733,-1.197617191497666,1.4560493811046595,0.4130267680030179,2.5860842151193153,0.9700903772591901,-1.8897824542992208,0.005820805511339601,-2.1429623506789652,3.029284433844268,0.33453878183707686,0.5915205551082546,1.8307518682428943,2.1938696624632246,-1.3197523733737044,-0.8658859330465184,0.5128205123332595]},"noise_profile":{"status":true,"type":"dephasing","noise_prob":[0.001,0.001,0,0],"noise_on_init_param":{"status":false,"value":0}},"redundant":{"identity_factors":[[0,0,0,0],[1,1,0,0]]},"zne":{"method":"richardson","degree":1,"sampling":"default","data_points":null}},"output":{"data_points":[[4,2,0,0,-6.538495563241712],[12,6,0,0,-5.450999840656926]],"noise_details":[{"identity_factors":[0,0,0,0],"noise_level":[4,2,0,0],"gates_num":[4,1,1,0],"noise_profile":{"status":true,"type":"dephasing","noise_prob":[0.001,0.001,0,0],"noise_on_init_param":{"status":false,"value":0}},"odd_wires":4},{"identity_factors":[1,1,0,0],"noise_level":[12,6,0,0],"gates_num":[12,3,1,0],"noise_profile":{"status":true,"type":"dephasing","noise_prob":[0.001,0.001,0,0],"noise_on_init_param":{"status":false,"value":0}},"odd_wires":4}],"run_time_sec":4.27598237991333},"others":{"observable_string":"1 X 0 X 1 + 1 Z 0 + 1 X 1 X 2 + 1 Z 1 + 1 X 2 X 3 + 1 Z 2 + 1 X 3 X 4 + 1 Z 3 + 1 X 4 X 5 + 1 Z 4 + 1 X 5 X 6 + 1 Z 5 + 1 Z 6","time_evolution_gate_hamiltonian_string":["1 X 0 X 1 + 1 Z 0 + 1 X 1 X 2 + 1 Z 1 + 1 X 2 X 3 + 1 Z 2 + 1 X 3 X 4 + 1 Z 3 + 1 X 4 X 5 + 1 Z 4 + 1 X 5 X 6 + 1 Z 5 + 1 Z 6"]}}