{"config":{"run":"zne","nqubits":7,"state":"dmatrix","output":{"file_name_prefix":"AUTOMATE_ising_dephasing_sample#6","draw":{"status":false,"fig_dpi":100,"type":"png"}},"observable":{"def":"ising","coefficients":{"cn":[0.5,0.5,0.5,0.5,0.5,0.5],"bn":[1.0,1.0,1.0,1.0,1.0,1.0,1.0],"r":1}},"ansatz":{"layer":30,"gateset":1,"ugate":{"type":"ising","coefficients":{"cn":[0.5,0.5,0.5,0.5,0.5,0.5],"bn":[0,0,0,0,0,0,0],"r":0},"time":{"min":0.0,"max":10.0}}},"vqe":{"iteration":1,"optimization":{"status":false,"algorithm":"SLSQP","constraint":false}},"init_param":{"value":[0.43676504991463205,0.4395707344111101,0.5039758055760102,0.6837329601225072,0.683732960122507,1.0232720142242728,1.023272014224273,1.3189742287562545,1.3189742287562545,3.073886277400287,4.267510228241993,4.267510228241993,4.885347292194381,4.885347292194381,4.885347292194381,4.885347292194382,7.183057949730556,7.222522648434182,7.559862857163326,7.559862857163327,8.024548856512697,8.024548856512698,8.259762669020168,8.259762669020168,8.308089302972606,8.30847215894834,11.320622728466333,11.74954042570535,11.74954042570535,12.381914479281251,0.6335298229697934,0.2510756108046331,-0.4562385286969348,0.28930155942997904,2.4994533633585765,0.06366954652261723,0.07860090087645669,-1.4339826201042833,2.4341402198142132,-0.11657511016536716,-0.03678777472115687,-1.1785500846069739,1.5045411932921124,-0.5502666809415381,0.8752974165999559,-0.6507030200409069,0.20303096001333718,-0.036100367101952545,1.5926277123385029,0.466545911150843,1.2942464937509808,1.458393064325234,-0.16379161608655227,1.4093704201033463,0.8275974106768904,0.9439297672255046,0.6310326898042573,1.379424472267921,1.530847522485995,-0.040514391703918795,0.4474774416099072,0.5923276171846897,0.6648532624016622,3.2802042570314676,-1.4966843394644354,-0.5531773865532381,0.5819079855814305,-1.826900460443843,-1.8804658249562278,2.0211479574236635,0.4129499890741642,-1.3278898773975671,0.9353524757359667,0.7583429601934837,0.20869568149215537,0.4379371479760968,0.5755654337456698,-0.8378840883595604,1.2522267969504401,0.24461632239163908,1.4307826088063509,-0.4172744691971966,-0.4546402199391238,0.16302487667893267,0.46034598322991593,1.2480647142136285,-0.7096630250091216,0.5852106874737942,2.3834265707849736,1.0650930945936656,-0.32909514866351,-0.07785160452304099,-0.5244737862129731,1.8376378568501301,-0.46267522935561967,0.10204844976446437,-0.4964374847546034,-0.11248576685890593,-0.03797282367192855,-0.3419365370320429,0.08259829012911148,-1.3892538607619191,-0.7479467880083273,0.3460010594100666,-1.3210513034192135,-0.4229916049082989,0.09891463064088404,-0.011906176201920648,-0.3898614701573451,-0.06028259652706963,0.14835808387325458,1.0773293555482648,-1.049107234620978,0.1993461399284288,0.47900111466288237,0.9278635113619503,-0.8388396599738926,0.3961802330728724,1.4056208545786375,-0.4495813272288651,1.2931110713277452,0.142601497630715,-0.8205120570969394,0.3934182624214222,0.41670025406606737,0.17970961798676371,-0.36590464263819217,1.6106231488366167,-0.6093879155684985,0.46905629961215856,0.05363246074410931,0.6591078650214268,0.16223945272380874,0.003906506131442624,-0.16168824015146893,-2.2221232027484845,3.4575662515705754,1.418665672714827,1.1318498538245334,-0.0014661612771021309,0.3197253326605015,1.4949285713890006,1.64852289344442,0.0683561200906043,0.2478308838355817,-0.39195210545095305,-2.141249590691357,-0.6913296444965373,1.1202262794621758,2.0433868255835304]},"noise_profile":{"status":true,"type":"dephasing","noise_prob":[0.001,0.001,0,0],"noise_on_init_param":{"status":false,"value":0}},"redundant":{"identity_factors":[[0,0,0,0],[1,1,0,0]]},"zne":{"method":"richardson","degree":1,"sampling":"default","data_points":[[4,2,0,0,-6.9490698795895405],[12,6,0,0,-5.90593023100212]]}},"output":{"exact_sol":-8.566772233505624,"zne_values":{"degree":1,"sampling":"default","sampled data":[[4,2,0,0,-6.9490698795895405],[12,6,0,0,-5.90593023100212]],"extrapolated_value":-7.470639703883251,"others":{"sorted_noise":[6,18],"sorted_expectation_vals":[-6.9490698795895405,-5.90593023100212],"beta_coeffiecients":[1.5,-0.5],"cost_richardson_zne":2.5}},"run_time_sec":3.695487976074219e-05}}