{"config":{"run":"redundant","nqubits":7,"state":"dmatrix","output":{"file_name_prefix":"AUTOMATE_ising_dephasing_sample#7","draw":{"status":false,"fig_dpi":100,"type":"png"}},"observable":{"def":"ising","coefficients":{"cn":[0.5,0.5,0.5,0.5,0.5,0.5],"bn":[1.0,1.0,1.0,1.0,1.0,1.0,1.0],"r":1}},"ansatz":{"layer":30,"gateset":1,"ugate":{"type":"ising","coefficients":{"cn":[0.5,0.5,0.5,0.5,0.5,0.5],"bn":[0,0,0,0,0,0,0],"r":0},"time":{"min":0.0,"max":10.0}}},"vqe":{"iteration":1,"optimization":{"status":false,"algorithm":"SLSQP","constraint":false}},"init_param":{"value":[-1.214306433183765e-17,0.28647549783740084,0.3841799762444402,0.760485126555685,0.760485126555685,1.0092964879387825,1.0092964879387825,1.873422495184912,2.3587848347894145,2.3587848347894145,3.6707386056214446,3.6707386056214446,3.941155604208347,3.9411556042083475,5.0701826573365985,5.144125872868155,5.14718497214743,5.281031294567283,5.894816140284997,6.654066353497409,7.090810355802102,7.090810355802102,7.212597304427969,7.827415950725039,8.301787361479574,8.663279356384061,8.663279356384061,11.3577338951353,11.3577338951353,11.3577338951353,0.0967984340414218,-0.2257558261247409,0.13610944757096832,0.060383119071187305,0.06327247511790568,0.6193752429704023,0.06427564370899129,0.45307072463841797,-0.12657996342538333,1.6201544920277142,-0.016794119268560212,0.5100042240247278,0.164010116326187,-0.495507515003944,0.3646420143591146,1.9727016546420775,0.6841737630243043,0.7727227902317776,0.18511144537710209,-0.8600225821654917,-0.4472414559334301,-1.1686842611778647,0.8180245063098742,0.7240410846276448,0.15475829310573777,1.1946704585439953,-0.055810178832755755,-0.026735051189005144,0.2762034484303549,1.6062892439158651,0.07332983144542729,-1.0330812716321975,-2.283457127891304,-1.4177795145531888,-0.9533595644980204,-0.10329963409810326,0.22149734651170938,1.155111536522339,-0.1849331749602152,-0.46064172771311734,-0.05542672966756042,0.3670989975452839,-0.4431167298272414,-0.12166899708016397,-0.04321133243276953,0.4231332033754655,0.08862207909037016,-0.43855500809255826,-0.8791712304003498,-0.280063844304853,-1.135170012271032,-0.1635373474114915,0.058668262182042005,-0.3315675821220252,-0.08616080522975703,-0.26907696079384824,0.6232620346899335,0.6838271317602566,1.2673418851552316,1.8860961612179892,-0.09510469359602076,0.7497182317397475,1.6854557554662823,0.1657441071342524,1.4475272241206447,-0.5368524664512214,0.1928079412569321,0.3328733360508284,-0.5841358439184466,-0.5993730778034289,1.3334861292189086,1.8172422938978903,1.249122779603535,0.09637661727362168,0.21937418507008055,-0.924110331051962,-0.5852388049637619,0.7431073744491468,1.356547178452594,0.3166162388120183,-0.34860557690026556,0.7452678772385593,-0.38014329053513074,-1.058754844631563,0.19009015804924376,0.10066389184226748,0.4834845169131245,1.4440521925403083,0.1488303724236175,1.3841784728189572,0.07233099268424928,0.08513791886168978,1.3595606201263504,-0.7001451477172769,-0.752423657278685,-1.7029681217027068,0.3304767313607658,1.39896138262534,1.6567585368697761,-1.243358571846077,0.24766213869617512,-1.3463633212498562,0.25012146267497254,-0.4046357667873641,-0.12578397109670397,-0.27787489736308424,0.011826627590955029,0.4886254606675164,-0.6139425524039386,0.9156937327951462,1.0213111676248707,0.2368618260777985,0.3922394787680843,-0.5908335702583247,-0.3415295920889393,-1.560320602791291,-0.06739355351278725,-0.06692233182087261,-0.2248756370988992,-1.381308820964628]},"noise_profile":{"status":true,"type":"dephasing","noise_prob":[0.001,0.001,0,0],"noise_on_init_param":{"status":false,"value":0}},"redundant":{"identity_factors":[[0,0,0,0],[1,1,0,0]]},"zne":{"method":"richardson","degree":1,"sampling":"default","data_points":null}},"output":{"data_points":[[4,2,0,0,-6.637871805137417],[12,6,0,0,-5.674643723512495]],"noise_details":[{"identity_factors":[0,0,0,0],"noise_level":[4,2,0,0],"gates_num":[4,1,1,0],"noise_profile":{"status":true,"type":"dephasing","noise_prob":[0.001,0.001,0,0],"noise_on_init_param":{"status":false,"value":0}},"odd_wires":4},{"identity_factors":[1,1,0,0],"noise_level":[12,6,0,0],"gates_num":[12,3,1,0],"noise_profile":{"status":true,"type":"dephasing","noise_prob":[0.001,0.001,0,0],"noise_on_init_param":{"status":false,"value":0}},"odd_wires":4}],"run_time_sec":4.392605781555176},"others":{"observable_string":"1 X 0 X 1 + 1 Z 0 + 1 X 1 X 2 + 1 Z 1 + 1 X 2 X 3 + 1 Z 2 + 1 X 3 X 4 + 1 Z 3 + 1 X 4 X 5 + 1 Z 4 + 1 X 5 X 6 + 1 Z 5 + 1 Z 6","time_evolution_gate_hamiltonian_string":["1 X 0 X 1 + 1 Z 0 + 1 X 1 X 2 + 1 Z 1 + 1 X 2 X 3 + 1 Z 2 + 1 X 3 X 4 + 1 Z 3 + 1 X 4 X 5 + 1 Z 4 + 1 X 5 X 6 + 1 Z 5 + 1 Z 6"]}}