{"config":{"run":"redundant","nqubits":7,"state":"dmatrix","output":{"file_name_prefix":"xy_ansatz_noisy_evo_sample#8","draw":{"status":false,"fig_dpi":100,"type":"png"}},"observable":{"def":"ising","coefficients":{"cn":[0.5,0.5,0.5,0.5,0.5,0.5],"bn":[1.0,1.0,1.0,1.0,1.0,1.0,1.0],"r":1}},"ansatz":{"layer":30,"gateset":1,"ugate":{"type":"xy-iss","coefficients":{"cn":[0.5,0.5,0.5,0.5,0.5,0.5],"bn":[0,0,0,0,0,0,0],"r":0},"time":{"min":0.0,"max":10.0}}},"vqe":{"iteration":1,"optimization":{"status":false,"algorithm":"SLSQP","constraint":false}},"init_param":{"value":[-0.28226078780159664,0.8241559230450043,0.8181323795214926,0.45356383540824813,0.9464050445813832,0.9999040816367972,1.3586050001270875,0.5740784107237267,1.2057476122471287,0.7690777995919342,1.6598567794526218,3.24332580363012,3.1032943610811574,4.2065123113655485,5.1277572091953365,4.919310256413375,7.184529353597016,4.315524352312614,6.846835958598828,6.622370539261451,7.0070935673152634,7.667002895412053,8.054507836579543,8.318307041713796,7.665442543234579,9.385308959021064,9.152144316801142,9.492228749796457,9.06431551051917,9.101939996215208,0.30870008305669705,0.23284802090649787,0.3853600775458989,-0.9638084532791141,-0.42952583206176836,1.050506169037943,-0.18386947586109484,0.4987320601856441,-0.09358341055158743,0.6101709990231414,0.3193255403659711,-0.5646904465966461,0.12947964977426082,1.3160296033326815,0.3139006738659601,0.049276948618474564,0.07897264875144375,0.15361513109384295,1.1072619569087647,0.22443069554479605,-0.556090328903962,1.42794316403221,0.3496459324688276,0.3298418258987533,0.5248772659494096,0.8006388601413944,0.9128179898586385,-0.14191212657179236,0.03227068882059108,0.03605288078960451,0.3317712788754887,1.1405767262085518,-0.9140336977495078,0.21340738979067808,0.2288307418901238,0.5486940733234434,-0.0725270571290172,0.17834621027552802,-0.4811940640595109,-1.134080955452361,-0.9223624022676858,-0.9099384996902227,-0.2743185644061106,0.2979250877549118,-1.057061358189479,-0.023173106549073494,-0.21651458609026722,-0.5946974811284341,0.7121865734598609,0.5287364188256215,-0.53284566277671,-0.08571948091429316,-0.0031200196044270656,0.7039051029221515,0.9160453901197237,0.9000804649512378,0.27430192259092917,-0.09674655508055298,1.780945601700846,0.7430275725193269,0.6289405585764127,-0.15820840534927183,-0.5184213523320014,-0.37355615908459155,0.3022988123536463,0.5829515157591447,0.362325874458607,0.4320463907634748,-1.1362422108494303,-1.4248602401062844,0.23985864031424456,-1.5895988792650542,-0.5258759777551694,-0.12206091178301598,0.16695871970924514,0.25393534109452404,-0.5614158304024244,0.9513298029230197,1.6025872249658841,0.041484340475524996,-0.06269871028592183,-0.4598588451834044,0.08906543005368649,-0.9473587703304387,-0.2489157477335079,-1.8240468556137557,0.3184149354413271,-1.0227440027474017,0.4520937118891258,1.2887460011432577,-0.27225957638044473,0.5361690747888425,0.16611438159307526,0.22293091088112707,1.7421221594760636,0.3489592296129371,-0.48932160492796106,-0.38031597363413494,0.5473801499461783,-1.0744647306966872,-0.12382724940436693,-0.7440942392848197,1.08543322068161,0.9741909849264128,-0.8669396706103835,-0.571981940388549,-0.04835905469930346,-0.3696821823656128,-0.7710672584044392,-0.7097828453524623,1.471499768250045,0.6764188213818991,-0.023050548087893283,0.00013800443915194457,0.826091965906945,0.7205543272103898,-1.0316496238358357,1.6562731556528996,0.46546811716849934,0.05471024715965904]},"noise_profile":{"status":true,"type":"depolarizing","noise_prob":[0.001,0.01,0.001,0.001],"noise_on_init_param":{"status":false,"value":0}},"redundant":{"identity_factors":[[0,0,0,0],[1,1,1,1]]},"zne":{"method":"richardson","degree":1,"sampling":"default","data_points":null}},"output":{"data_points":[[4,2,7,0,-5.498392161841934],[12,6,21,24,-1.702641699209445]],"noise_details":[{"identity_factors":[0,0,0,0],"noise_level":[4,2,7,0],"gates_num":[4,1,1,0],"noise_profile":{"status":true,"type":"depolarizing","noise_prob":[0.001,0.01,0.001,0.001],"noise_on_init_param":{"status":false,"value":0}},"odd_wires":4},{"identity_factors":[1,1,1,1],"noise_level":[12,6,21,24],"gates_num":[12,3,3,24],"noise_profile":{"status":true,"type":"depolarizing","noise_prob":[0.001,0.01,0.001,0.001],"noise_on_init_param":{"status":false,"value":0}},"odd_wires":4}],"run_time_sec":6.342742681503296},"others":{"observable_string":"1 X 0 X 1 + 1 Z 0 + 1 X 1 X 2 + 1 Z 1 + 1 X 2 X 3 + 1 Z 2 + 1 X 3 X 4 + 1 Z 3 + 1 X 4 X 5 + 1 Z 4 + 1 X 5 X 6 + 1 Z 5 + 1 Z 6","time_evolution_gate_hamiltonian_string":["0.5 X 0 X 1 + 0.5 Z 0 Z 1 + 0.5 X 1 X 2 + 0.5 Z 1 Z 2 + 0.5 X 2 X 3 + 0.5 Z 2 Z 3 + 0.5 X 3 X 4 + 0.5 Z 3 Z 4 + 0.5 X 4 X 5 + 0.5 Z 4 Z 5 + 0.5 X 5 X 6 + 0.5 Z 5 Z 6"]}}