{"config":{"run":"zne","nqubits":7,"state":"dmatrix","output":{"file_name_prefix":"xy_ansatz_noisy_evo_sample#9","draw":{"status":false,"fig_dpi":100,"type":"png"}},"observable":{"def":"ising","coefficients":{"cn":[0.5,0.5,0.5,0.5,0.5,0.5],"bn":[1.0,1.0,1.0,1.0,1.0,1.0,1.0],"r":1}},"ansatz":{"layer":30,"gateset":1,"ugate":{"type":"xy-iss","coefficients":{"cn":[0.5,0.5,0.5,0.5,0.5,0.5],"bn":[0,0,0,0,0,0,0],"r":0},"time":{"min":0.0,"max":10.0}}},"vqe":{"iteration":1,"optimization":{"status":false,"algorithm":"SLSQP","constraint":false}},"init_param":{"value":[-0.11918958798463515,-0.5321228616277422,-0.00901550804181905,1.8483226545026228,-0.1464912803992416,2.5919808815080176,0.9302533491920922,2.604997257544128,1.8235760522261715,2.5914772221631828,3.0722656002542155,2.8904957442325205,3.065581357821614,2.3771000724332976,4.050323430416394,2.812301161756781,4.282177145731463,2.3715549005450995,6.039260511176725,6.786302688379653,4.885314413029089,6.798776627350179,4.79874270844555,7.761823739065259,6.2359163086201885,8.824830608062761,6.196408945591675,9.034760709625191,7.25312374974956,8.604326296275676,0.4050232598629795,1.2441997576080128,0.3628606396832658,0.4166031610652356,0.28177431772652467,0.615484379311792,-0.26610388614038283,-1.4825023774804347,-0.8639093644150581,-0.6431783188367992,-0.4638914413291536,-0.22780091283436874,-1.0001385244238625,0.7642705878750724,-0.7709635652314762,0.07171615013668463,1.7540527207896492,0.7218765179543389,1.444288037162122,1.3758502552886422,1.2400037589506194,0.21369088074037082,0.16080691959332838,-0.6299106496191584,-1.1582786065955792,-0.5755142610083406,1.0704345088898088,1.5207702782077197,0.17636146612689624,0.5897083882373426,-1.9739784234362165,-0.2983426008580858,0.547386145755939,-0.318564211686844,0.3107273304985199,-0.18881967219890336,-1.1663350161021993,1.172706871571527,-0.27041531702255395,0.5055249689428887,-1.080238879993032,0.7168707483725567,0.8680329887017983,-1.6235505864830349,0.16237295248616943,0.2721683989845517,1.9587828254807194,-0.3092517558021141,1.7026620315955783,-0.3152161989154755,0.05442811675932452,1.1467020099919132,-0.23987413783641914,0.5104908814781834,0.49779294037504795,1.0423234479966206,-0.3124513300491659,1.942096679588014,-0.40786799850127403,-0.3750613800855789,0.8678630083445306,-0.6549242624675802,-0.19673477965789593,0.26104627630655053,-0.7047214530262503,-0.62136653211505,-1.154042057429109,1.3123605117082844,0.05917863295589136,0.14034302787483932,1.9521979228023056,2.2509954176801434,-0.09499140100609599,0.892034035007936,-1.524747995389922,-1.1389207999982576,-0.38938098954424094,0.16470010738326693,-0.893866701360379,0.2815977369299127,-1.1324632526874334,0.35417974654615675,-1.2706604007523596,-0.00779488130907657,0.42355411550466543,0.8193389797297967,0.6848754951886251,0.3717108459552177,0.16358613105619516,0.6225358364179197,-0.07033063844696784,0.11667094411193872,0.5790454581742978,0.322548120746441,-0.7926494521967231,-0.4903079661749748,1.0258643118394097,-0.46217607493758484,0.347728185780289,1.0845241082346773,0.821141944247146,0.8457965161271649,-0.3821955837287631,0.26661020187316553,0.10959465802960298,-0.7686411123350629,-0.2899986816602453,0.22340202768095033,1.1388617326623283,0.8803019890240225,1.3487327160701474,0.8413385181096099,0.5539296911178182,0.9431226789372071,-0.14481617387251058,-0.2998922092920421,1.2242690885998753,0.27232893997408825,-0.08586976600499867,0.4972169472887988]},"noise_profile":{"status":true,"type":"depolarizing","noise_prob":[0.001,0.01,0.001,0.001],"noise_on_init_param":{"status":false,"value":0}},"redundant":{"identity_factors":[[0,0,0,0],[1,1,1,1]]},"zne":{"method":"richardson","degree":1,"sampling":"default","data_points":[[4,2,7,0,-4.472878835264156],[12,6,21,24,-0.9229008953746505]]}},"output":{"exact_sol":-8.566772233505624,"zne_values":{"degree":1,"sampling":"default","sampled data":[[4,2,7,0,-4.472878835264156],[12,6,21,24,-0.9229008953746505]],"extrapolated_value":-5.395873099635428,"others":{"sorted_noise":[13,63],"sorted_expectation_vals":[-4.472878835264156,-0.9229008953746505],"beta_coeffiecients":[1.26,-0.26],"cost_richardson_zne":1.6552000000000002}},"run_time_sec":2.1219253540039062e-05}}