{"config":{"run":"zne","nqubits":7,"state":"dmatrix","output":{"file_name_prefix":"xy_ansatz_noisy_evo_sample#3","draw":{"status":false,"fig_dpi":100,"type":"png"}},"observable":{"def":"ising","coefficients":{"cn":[0.5,0.5,0.5,0.5,0.5,0.5],"bn":[1.0,1.0,1.0,1.0,1.0,1.0,1.0],"r":1}},"ansatz":{"layer":30,"gateset":1,"ugate":{"type":"xy-iss","coefficients":{"cn":[0.5,0.5,0.5,0.5,0.5,0.5],"bn":[0,0,0,0,0,0,0],"r":0},"time":{"min":0.0,"max":10.0}}},"vqe":{"iteration":1,"optimization":{"status":false,"algorithm":"SLSQP","constraint":false}},"init_param":{"value":[-0.0976545675631054,-0.26693074736665207,0.8295219353848933,0.22372954038358903,0.5097598178076251,1.4550671467205398,1.4261175852823547,3.2642037713875762,4.567292742636054,4.562986282767309,5.853220142265919,3.2062639324990716,6.838751113061309,6.366735822690784,5.900564555323804,6.531551830368575,5.603081382753416,6.959460923029843,6.580113089927506,8.525717636504945,7.192747253272813,9.133361384816245,7.7426906241080715,8.455295788429924,7.047641748314052,8.622698177613646,7.4592249016572465,9.54722805507713,8.707374843131587,9.939862624847512,0.06776764152313144,0.5159528602067244,0.29939406573337324,-0.4669978867058034,-0.09748748978220688,1.6718614895578405,-0.6547473630472309,-1.9373721503287724,2.131299986354426,0.8186594524659175,1.026050006173586,-0.0011567922519327108,-0.5606267456372797,1.044303088139556,0.24614581258935733,1.2913182196173238,0.8751014288089168,-0.9268274541064165,0.24959878954612333,-0.7449631241067881,1.2163506839941003,0.09800745607277625,-1.213800228009177,-0.5821101286290816,-0.5977788617957408,0.3876537884144497,0.7158835051990519,-0.2806538050820664,0.2773364457440592,-1.5387295899128286,0.029504299995853474,1.3111939122294465,0.8589582127799107,-0.35258358435864734,-0.2496519900113433,-1.0155324277163431,0.0769113375914857,-0.35154324806698223,-0.3523120206498732,0.2521952070346348,0.18089479110730267,0.840655664047952,-0.8074017986133468,-0.05552006851628533,0.8129460197541998,-1.1655443303016337,-2.1442408217628763,1.3878442820090318,0.0879146390039439,0.39389944610648614,0.7048707926914477,-0.45414476324953745,0.02139130075584717,-0.48203927693315635,0.216544060055372,0.7604364351213089,-1.031765300627297,0.6594006440085808,-0.34613402230341644,-0.1913961145627176,-0.7024677823088479,-0.30784321272498366,-0.8145214387493779,0.04850851783063309,-0.1763500463811283,-0.6888443670796883,0.2993521054768497,-0.615774709216113,0.5923672202983523,0.295754745113296,0.24521622155351824,-0.26581969451932885,0.2925648042503188,0.3893466216021747,0.19810547712283724,-0.5414424529941515,1.1738928350463842,-0.27040719657663037,-0.2609553603768212,0.8438648955194065,0.355141379324877,-0.678217245344606,0.725925537030627,1.1539774130425071,0.43627239840391124,0.33576774665682396,0.9498648748115591,-0.22352061363475145,-0.5262485046418796,-0.05768443121510992,-0.4718596132126499,0.9141191427114095,0.6967831284973193,0.4484548101344037,-0.3985830430624973,0.12863681196781926,-0.6322866659397176,0.477028691295491,0.774389722063516,0.3072883159534044,0.6571476304197224,-1.2345968253764223,0.06206538093071902,-0.27734878821114256,0.8395886291092484,-1.5469011213509463,1.048409302652559,-0.016798169526462188,-0.12827288632807984,0.960859169579388,1.3148015305706295,0.7875909678595412,-1.222795257895392,-0.7534834919799615,-0.9334477639365377,0.379436477416291,0.3461708731413696,0.1496617517347152,1.7362913003965712,0.5074546320304509]},"noise_profile":{"status":true,"type":"depolarizing","noise_prob":[0.001,0.01,0.001,0.001],"noise_on_init_param":{"status":false,"value":0}},"redundant":{"identity_factors":[[0,0,0,0],[1,1,1,1]]},"zne":{"method":"richardson","degree":1,"sampling":"default","data_points":[[4,2,7,0,-4.994032067241667],[12,6,21,24,-1.3633433403930155]]}},"output":{"exact_sol":-8.566772233505624,"zne_values":{"degree":1,"sampling":"default","sampled data":[[4,2,7,0,-4.994032067241667],[12,6,21,24,-1.3633433403930155]],"extrapolated_value":-5.9380111362223165,"others":{"sorted_noise":[13,63],"sorted_expectation_vals":[-4.994032067241667,-1.3633433403930155],"beta_coeffiecients":[1.26,-0.26],"cost_richardson_zne":1.6552000000000002}},"run_time_sec":2.6464462280273438e-05}}