{"config":{"run":"redundant","nqubits":7,"state":"dmatrix","output":{"file_name_prefix":"AUTOMATE_ising_dephasing_sample#4","draw":{"status":false,"fig_dpi":100,"type":"png"}},"observable":{"def":"ising","coefficients":{"cn":[0.5,0.5,0.5,0.5,0.5,0.5],"bn":[1.0,1.0,1.0,1.0,1.0,1.0,1.0],"r":1}},"ansatz":{"layer":30,"gateset":1,"ugate":{"type":"ising","coefficients":{"cn":[0.5,0.5,0.5,0.5,0.5,0.5],"bn":[0,0,0,0,0,0,0],"r":0},"time":{"min":0.0,"max":10.0}}},"vqe":{"iteration":1,"optimization":{"status":false,"algorithm":"SLSQP","constraint":false}},"init_param":{"value":[5.979007903751584e-17,0.41864196065638376,0.9462110354406027,1.2641154895509785,1.8136198276687483,1.8136198276687472,1.8136198276687472,3.011948742370176,3.0119487423701736,4.626008578662751,4.6290754687506475,4.829379957700159,4.91588539368204,4.91588539368204,5.479659715962337,5.479659715962337,5.479659715962337,5.479659715962337,6.429518250791847,6.429518250791846,6.429518250791846,6.878447164046733,6.878447164046733,6.878447164046733,7.589457025120509,7.589457025120508,8.436481675771576,8.436481675771574,8.744619983970203,11.115707737510615,0.11504542627301856,0.08292072448825247,0.026501887650252857,0.009637243015999051,0.7578099662785848,0.07894347740561683,0.8252717558253198,-2.088665109337559,0.33944316855290046,-0.5041553053933553,1.11347309282436,2.072107546745468,-0.027953929735145808,0.4940473525710415,0.214326609864561,0.8893972401164573,-0.5877996755578895,0.9414021602319277,-0.07207558780088118,-1.875603127257508,-0.25826315586623644,-1.1153644319437488,-0.48074359491262775,1.0997179596747464,0.5082291396103081,-0.49349798255649413,-0.17289073844404823,0.9571151641553767,-2.208689463653855,-0.011180440287584621,-0.9624180197616745,0.09777665531992732,0.0588123990751009,-1.1871748442295977,-0.11721332800892625,0.1456416939139791,0.11027412932897193,-1.5885152296941114,0.6711122894871563,0.2855953370087261,0.3606593440987834,-0.652617830744978,0.4842845399333383,0.3525053072898736,0.2098361802568974,0.11108769299805621,0.5615591027440006,-0.2543208507192759,0.13637275859491332,-1.145392811479075,0.5596598340832218,0.911538648331024,0.09473817961956206,1.3641057685120948,-0.16666805735658946,1.3895454384629473,1.0044873349935646,-0.6202412905814803,0.49283988565877035,0.4616633044055021,-0.3031503909900793,1.8613194854144988,0.39581677988088093,-0.337169205779487,-0.8506390425665493,0.785940562103579,0.2439878044845425,0.04683702760637644,0.2611700128941386,0.1648210948419618,-0.3329128729285361,0.4675170554402232,0.7351424225765123,0.1356801695948716,2.343108452724165,0.4805338457457902,0.01253989198087331,0.47342306904911463,0.03235183619198828,-0.6682028255150697,-0.2933977344234186,0.49350680377790573,-0.14189156072731476,0.9832896569073162,-0.876563319191929,0.20877097839949707,-1.188445567148575,-0.9273812823888256,1.3999576032047616,1.3648289949583559,0.2190519541647978,-0.8576007821785189,0.025107351200573134,-1.5488803345370576,-0.10992160705381221,1.7453732308666745,1.3434345427039862,-0.1845643972689539,-1.5019492969137136,0.39390824196743723,-0.2157768894470484,-0.031738327386175894,0.030206770937337278,-0.451914266257314,-0.40808245910612034,-2.311013242413748,0.4713011433079226,0.9170191132236387,-0.15279230249420528,-0.6987287901912916,0.6960712716228877,1.1219074557530477,-0.421445657315293,2.6828233837793567,0.06437348230128706,0.21916432974386119,-1.7870703169438202,-0.22869183831849674,0.8562523435850248,0.13267617810641996]},"noise_profile":{"status":true,"type":"dephasing","noise_prob":[0.001,0.001,0,0],"noise_on_init_param":{"status":false,"value":0}},"redundant":{"identity_factors":[[0,0,0,0],[1,1,0,0]]},"zne":{"method":"richardson","degree":1,"sampling":"default","data_points":null}},"output":{"data_points":[[4,2,0,0,-6.260176315173307],[12,6,0,0,-5.2419506510595415]],"noise_details":[{"identity_factors":[0,0,0,0],"noise_level":[4,2,0,0],"gates_num":[4,1,1,0],"noise_profile":{"status":true,"type":"dephasing","noise_prob":[0.001,0.001,0,0],"noise_on_init_param":{"status":false,"value":0}},"odd_wires":4},{"identity_factors":[1,1,0,0],"noise_level":[12,6,0,0],"gates_num":[12,3,1,0],"noise_profile":{"status":true,"type":"dephasing","noise_prob":[0.001,0.001,0,0],"noise_on_init_param":{"status":false,"value":0}},"odd_wires":4}],"run_time_sec":4.009189605712891},"others":{"observable_string":"1 X 0 X 1 + 1 Z 0 + 1 X 1 X 2 + 1 Z 1 + 1 X 2 X 3 + 1 Z 2 + 1 X 3 X 4 + 1 Z 3 + 1 X 4 X 5 + 1 Z 4 + 1 X 5 X 6 + 1 Z 5 + 1 Z 6","time_evolution_gate_hamiltonian_string":["1 X 0 X 1 + 1 Z 0 + 1 X 1 X 2 + 1 Z 1 + 1 X 2 X 3 + 1 Z 2 + 1 X 3 X 4 + 1 Z 3 + 1 X 4 X 5 + 1 Z 4 + 1 X 5 X 6 + 1 Z 5 + 1 Z 6"]}}