{"config":{"run":"zne","nqubits":7,"state":"dmatrix","output":{"file_name_prefix":"AUTOMATE_ising_dephasing_sample#9","draw":{"status":false,"fig_dpi":100,"type":"png"}},"observable":{"def":"ising","coefficients":{"cn":[0.5,0.5,0.5,0.5,0.5,0.5],"bn":[1.0,1.0,1.0,1.0,1.0,1.0,1.0],"r":1}},"ansatz":{"layer":30,"gateset":1,"ugate":{"type":"ising","coefficients":{"cn":[0.5,0.5,0.5,0.5,0.5,0.5],"bn":[0,0,0,0,0,0,0],"r":0},"time":{"min":0.0,"max":10.0}}},"vqe":{"iteration":1,"optimization":{"status":false,"algorithm":"SLSQP","constraint":false}},"init_param":{"value":[0.1466933868710289,0.1549220120787461,0.5903537836689373,1.5126090000534684,1.5126090000534687,3.3906895906725283,3.3906895906725287,4.1228737157144915,4.1228737157144915,4.568806892892172,4.568806892892172,4.8585954756962755,4.8585954756962755,4.8585954756962755,6.422086861485228,6.422086861485227,6.873708467950071,7.036917336927222,7.036917336927221,7.379862801911803,8.119629902266405,8.119629902266405,8.119629902266405,8.179020395447669,8.179020395447669,8.719186691220909,9.265842882399951,10.376743949310365,10.7461245506767,10.760157472857399,-0.05165620238305626,-0.2764797524645703,0.3285796038215816,-0.46906207679289785,0.49105414911072626,-0.9724147830610387,0.18533318624209605,-0.9901568655386048,-0.8854235640427245,1.1537096681159469,0.43516251658788346,-1.2951991237643494,-1.367269848636936,-0.004865638365122276,-0.8132206490823277,0.014807498491538694,0.4307363173223699,0.319020985355169,-0.030657193098156173,-0.25531916601626803,0.9942714211196663,-0.06468653835022081,0.8443301550850404,-0.06523850628803417,0.03916252087899242,0.45748410976574894,-0.029929209333949932,0.44185535375970697,2.452649066896037,0.24019389021709556,-1.2047101559868907,-0.04102948322154522,-0.06963330360504458,-0.5182312184334464,0.05822728053206205,-0.029826314969941033,-0.012950238128571486,-0.17031537997270157,0.4472478808096691,-0.3061474189558644,-0.1615247325535989,0.009390673532953642,0.035537687638758884,0.3232841814576714,1.0039510759641785,-1.1323900299386802,1.0900052954010595,1.1871594251816127,1.227896302654785,0.8139460698516812,-0.7081265032479895,1.148132262197804,-0.0951174176262796,0.24839119022352057,-0.3469197437080279,0.2846752353795219,0.6820127027654576,0.9868635379576312,2.816410876351086,-0.8186032949661199,0.29817424941361376,-0.2161104687613056,-0.41310364568544833,0.07622774818311778,-0.8347739141247988,-0.4385597482061214,1.1947748517833134,0.6588954960177291,0.22173342634522938,0.4533178403232272,0.41588394629471387,-0.5414495442163246,-0.6081165426552402,-0.21408826626496144,-0.19284472083406995,0.5217562752643857,1.2809413600298163,-1.4217779188106767,-1.549013836425012,0.8983665591663099,1.3383911510920798,0.990993972769217,0.9397754482951667,1.02844477754105,0.3356102904077678,0.2292686934735114,0.1675174027936376,-1.9158586169007628,0.39212462150709815,0.4058863076258657,0.35252369972379904,0.5650298583350636,-0.5599605225746812,-0.751348677664824,-0.1387846339320199,-0.35421599914614754,-0.15069814263011877,0.09203802208011769,0.0009505054360765142,0.9706723695718482,0.2905665171930317,0.7876424892650415,0.6804914635391623,0.5889137593268166,-1.7927685720812814,1.622156991085611,-1.8179958182768825,-1.2649745345575694,0.45163069464856087,1.909463501514153,0.7094028089920199,1.804596467043946,-1.101189364386968,-2.050732531466404,1.4067239660040105,1.6362281575759514,0.4173814528120175,-1.4313551703825975,0.8114570631369568,1.1462484348762392]},"noise_profile":{"status":true,"type":"dephasing","noise_prob":[0.001,0.001,0,0],"noise_on_init_param":{"status":false,"value":0}},"redundant":{"identity_factors":[[0,0,0,0],[1,1,0,0]]},"zne":{"method":"richardson","degree":1,"sampling":"default","data_points":[[4,2,0,0,-6.376950161602354],[12,6,0,0,-5.313412118098404]]}},"output":{"exact_sol":-8.566772233505624,"zne_values":{"degree":1,"sampling":"default","sampled data":[[4,2,0,0,-6.376950161602354],[12,6,0,0,-5.313412118098404]],"extrapolated_value":-6.908719183354329,"others":{"sorted_noise":[6,18],"sorted_expectation_vals":[-6.376950161602354,-5.313412118098404],"beta_coeffiecients":[1.5,-0.5],"cost_richardson_zne":2.5}},"run_time_sec":3.695487976074219e-05}}