{"config":{"run":"redundant","nqubits":7,"state":"dmatrix","output":{"file_name_prefix":"AUTOMATE_ising_dephasing_sample#3","draw":{"status":false,"fig_dpi":100,"type":"png"}},"observable":{"def":"ising","coefficients":{"cn":[0.5,0.5,0.5,0.5,0.5,0.5],"bn":[1.0,1.0,1.0,1.0,1.0,1.0,1.0],"r":1}},"ansatz":{"layer":30,"gateset":1,"ugate":{"type":"ising","coefficients":{"cn":[0.5,0.5,0.5,0.5,0.5,0.5],"bn":[0,0,0,0,0,0,0],"r":0},"time":{"min":0.0,"max":10.0}}},"vqe":{"iteration":1,"optimization":{"status":false,"algorithm":"SLSQP","constraint":false}},"init_param":{"value":[0.49046295060039746,0.4937878093745105,1.1497875914676128,1.1497875914676132,1.1497875914676146,1.3047706508027053,1.3047706508027053,2.9117589774501194,2.911758977450123,4.328850982404806,4.3288509824048065,4.691876878975215,4.692384926642873,4.89045949509242,4.890459495092419,4.890459495092419,6.782953385825862,6.782953385825862,7.003621537022866,7.322280948342402,7.322280948342402,7.7272152477745015,7.727215247774504,8.389119371007759,8.389119371007759,9.001189025219562,9.994237785859783,10.121753724230793,10.143125269847323,10.69726639183865,-2.6682496109696614,0.7033725749126877,0.7866820385825931,-0.2601828619865708,0.2799100712287678,-2.2972639254432483,-0.5792994957207593,-0.3823574371512278,-0.1464442534758337,-0.9929839165206269,-0.734413417818945,-1.9760197506596178,-0.5736981086785288,0.08858709717963269,0.014531203279676368,0.3218410224369323,0.6312646646391511,0.2884252698322417,-0.18532466416923163,-0.22297613300552557,-0.5390072814727409,-0.8273754436939167,-0.08417216470159454,-0.8545068286277003,-0.06846976330788214,0.5412136382015531,0.12335610890485266,-0.7063569097376805,-1.6707336332118425,0.0007709940308613487,-0.2890183832763496,0.016468263472570483,0.01327800608572323,-0.5604444562819836,0.027560230648547623,0.37673059701206735,0.822299550118482,-0.9542529625161942,0.47855625019177084,0.5449748702789411,0.2254256452689524,-0.016793377628622427,-0.029074586895895795,-0.2787597205774281,0.07377737622471169,-0.8117083070907554,0.16106932335194618,0.6401440696198295,0.36847815380227406,2.354931040582675,-0.15611471672706811,0.2993399205864098,0.1526052814826801,-0.2741989689614313,0.6613970307733625,0.7472922409925516,-2.2910266516327717,1.818635051654392,0.30146723835199085,1.3618810760016862,0.13895318579898255,1.2435714183459203,0.09207233057766542,1.5579132118850136,0.2246539026743095,0.9705717770437498,0.253202591726406,0.4476975622649359,-0.8455809920406174,-2.2419944859699927,0.26081786555909914,0.4351409440007551,0.24780845623233336,0.3493808572586077,-0.36822528609312666,-0.30603490520907517,0.5724943845440841,-0.7325114469484918,1.5194292335179564,0.2054937936050672,0.22343870113536676,0.29740960862567395,0.1986543073435736,1.3276221226714515,-0.6196361339908156,-0.6651921426562908,-0.06424928763098545,-0.12535713419140593,-0.12913207295951698,0.7830920700998196,0.054138377959525474,0.8885816210791357,-0.8332622500731642,0.714672445467307,0.8299458876192738,-0.07981102581458653,0.15261011565290478,0.33119168595775794,-0.35717369967865575,0.3344973955474384,2.720214373316418,0.5350071438503287,-0.7574722803748761,-1.1257546661185114,-0.29014299491888146,-0.45997245446492424,-0.7460242158526909,0.4270805520850171,-0.7155903675021293,-0.2967619929465748,0.10048582533301467,1.3140525422461624,0.9877806586124238,2.164053034508727,0.3455826770551396,-0.5442619762773028,-0.16833266893310578,0.35897961788947674,1.648676730815691,1.1239954510543289]},"noise_profile":{"status":true,"type":"dephasing","noise_prob":[0.001,0.001,0,0],"noise_on_init_param":{"status":false,"value":0}},"redundant":{"identity_factors":[[0,0,0,0],[1,1,0,0]]},"zne":{"method":"richardson","degree":1,"sampling":"default","data_points":null}},"output":{"data_points":[[4,2,0,0,-6.711417574129644],[12,6,0,0,-5.707114107637262]],"noise_details":[{"identity_factors":[0,0,0,0],"noise_level":[4,2,0,0],"gates_num":[4,1,1,0],"noise_profile":{"status":true,"type":"dephasing","noise_prob":[0.001,0.001,0,0],"noise_on_init_param":{"status":false,"value":0}},"odd_wires":4},{"identity_factors":[1,1,0,0],"noise_level":[12,6,0,0],"gates_num":[12,3,1,0],"noise_profile":{"status":true,"type":"dephasing","noise_prob":[0.001,0.001,0,0],"noise_on_init_param":{"status":false,"value":0}},"odd_wires":4}],"run_time_sec":3.89070987701416},"others":{"observable_string":"1 X 0 X 1 + 1 Z 0 + 1 X 1 X 2 + 1 Z 1 + 1 X 2 X 3 + 1 Z 2 + 1 X 3 X 4 + 1 Z 3 + 1 X 4 X 5 + 1 Z 4 + 1 X 5 X 6 + 1 Z 5 + 1 Z 6","time_evolution_gate_hamiltonian_string":["1 X 0 X 1 + 1 Z 0 + 1 X 1 X 2 + 1 Z 1 + 1 X 2 X 3 + 1 Z 2 + 1 X 3 X 4 + 1 Z 3 + 1 X 4 X 5 + 1 Z 4 + 1 X 5 X 6 + 1 Z 5 + 1 Z 6"]}}