{"config":{"run":"zne","nqubits":7,"state":"dmatrix","output":{"file_name_prefix":"AUTOMATE_ising_dephasing_sample#10","draw":{"status":false,"fig_dpi":100,"type":"png"}},"observable":{"def":"ising","coefficients":{"cn":[0.5,0.5,0.5,0.5,0.5,0.5],"bn":[1.0,1.0,1.0,1.0,1.0,1.0,1.0],"r":1}},"ansatz":{"layer":30,"gateset":1,"ugate":{"type":"ising","coefficients":{"cn":[0.5,0.5,0.5,0.5,0.5,0.5],"bn":[0,0,0,0,0,0,0],"r":0},"time":{"min":0.0,"max":10.0}}},"vqe":{"iteration":1,"optimization":{"status":false,"algorithm":"SLSQP","constraint":false}},"init_param":{"value":[0.10746946341825225,0.1253647888339325,0.28212105451483127,0.5464703385026846,0.7810341267596592,1.290556339046191,1.2910123761765395,1.362696397049998,2.111004614107237,2.84076695145229,3.3404878759880745,3.3404878759880745,3.3404878759880745,3.3404878759880745,6.05193873430008,6.051938734300081,6.666464687524569,6.666464687524569,6.666464687524569,6.84277190950477,7.3838059342035764,7.3838059342035764,7.643816460049376,7.643816460049376,9.401280134178355,9.80762309117298,9.817575082096102,10.433767387545059,10.891186839791821,11.01032512236434,-0.06263747732867342,0.0031492294809349827,-0.02338748483476949,-0.1631313817696388,-0.01637437798632398,-0.6955045920353324,-0.17620599697878295,-0.09481858267825945,0.17221757863257658,-1.0756001908682977,0.07248424204850412,-0.8495055994450393,0.027130292134859357,0.6758751598423669,-0.1648027860693135,-1.5059442368072262,-0.2671387133112629,-0.15313836193369948,-0.3613664185138268,-0.6664201684070176,-1.1450257352169828,1.2180907771019176,0.17873005184152665,0.45186947737666155,-1.044621280917226,-0.17275030966800337,-0.20883135135200454,0.2082390300223891,1.7860116039644351,-0.12307717743387692,1.9661446644924014,1.2685910535486082,-0.1739419073055754,-2.0068864557492057,-1.3735815935295304,1.116120312126802,-0.6131872415241842,0.5814822221765203,-2.1534455795148477,-0.7999946479400015,0.7438820898719356,-0.19420234385143897,-2.591012729656666,0.7947365576178944,-0.6066185244653535,-0.9188335179464152,0.07811392054776284,-0.5695119644124021,1.3329720587755893,1.03047044914998,0.6268531230768837,0.013416791548212672,0.16778404122679189,0.8227395431030139,-0.32240129574708803,1.6145829209549467,0.9931299838776341,0.07980642986316114,0.7713928823669508,-0.04010498617783126,-0.001393153365733079,0.7985954898937884,0.014191754117584818,0.9327159640827297,0.49009571783407285,-0.1456747512411212,0.9772551723624776,0.6767959164679455,-0.27234360568701277,0.775816775544656,0.5042811147991689,1.0478740709097545,0.9625099089979884,-0.29708714620992277,-1.814290283185803,0.625878856368546,0.7588897774515695,-0.5527281999073119,0.4398838024162996,1.2942621924448152,1.0093411689160365,0.012144898765950934,-0.7150821514653845,1.2829448044921405,0.10503319329951452,-0.06076189826281897,0.13637622387205015,0.10982793489019838,-0.07766607752284865,1.013579885462939,1.8419779569472683,0.04710866604219195,-0.001943971701638808,0.7845558897456105,-0.07789276836222642,0.16300921795063325,0.2121509981066352,0.44513472178992874,0.8870086408260242,1.4983198945689904,-0.2122120065736763,-0.0526026286816051,0.20358601125008272,0.6669431382178987,0.9845835048248585,2.0056382549021903,-0.10808531875221528,0.758380425930193,-0.019799886358704975,0.41576662835991696,1.6248446564126582,1.9262659475010733,0.9150894866073452,0.5013317268690851,-1.2576536457777736,0.09575933861148689,0.13575576495122327,1.0919346913172296,-0.17927758953424494,-0.5782119569003215]},"noise_profile":{"status":true,"type":"dephasing","noise_prob":[0.001,0.001,0,0],"noise_on_init_param":{"status":false,"value":0}},"redundant":{"identity_factors":[[0,0,0,0],[1,1,0,0]]},"zne":{"method":"richardson","degree":1,"sampling":"default","data_points":[[4,2,0,0,-6.654561496951522],[12,6,0,0,-5.56408419311372]]}},"output":{"exact_sol":-8.566772233505624,"zne_values":{"degree":1,"sampling":"default","sampled data":[[4,2,0,0,-6.654561496951522],[12,6,0,0,-5.56408419311372]],"extrapolated_value":-7.199800148870422,"others":{"sorted_noise":[6,18],"sorted_expectation_vals":[-6.654561496951522,-5.56408419311372],"beta_coeffiecients":[1.5,-0.5],"cost_richardson_zne":2.5}},"run_time_sec":3.24249267578125e-05}}