{"config":{"run":"zne","nqubits":7,"state":"dmatrix","output":{"file_name_prefix":"AUTOMATE_ising_dephasing_sample#8","draw":{"status":false,"fig_dpi":100,"type":"png"}},"observable":{"def":"ising","coefficients":{"cn":[0.5,0.5,0.5,0.5,0.5,0.5],"bn":[1.0,1.0,1.0,1.0,1.0,1.0,1.0],"r":1}},"ansatz":{"layer":30,"gateset":1,"ugate":{"type":"ising","coefficients":{"cn":[0.5,0.5,0.5,0.5,0.5,0.5],"bn":[0,0,0,0,0,0,0],"r":0},"time":{"min":0.0,"max":10.0}}},"vqe":{"iteration":1,"optimization":{"status":false,"algorithm":"SLSQP","constraint":false}},"init_param":{"value":[0.5191154148608513,0.527153723738687,0.5353968535991754,1.8919177571512809,1.8919177571512809,2.340361720070746,2.340361720070746,3.3657144870139373,3.3657144870139373,4.057220215343575,4.057222783757035,4.369720664290272,5.137643499979237,5.8736779842880305,5.8736779842880305,7.0173555760570325,7.0173555760570325,7.573509301076735,7.591673300793967,7.632430431632034,8.037715652271118,8.563121590817042,8.563121590817042,9.153635907526587,9.153635907526587,9.207893618884665,9.730856464404352,10.277255667169722,10.309714847408598,11.414170383330635,-0.08660111266846793,0.8255082380600552,0.4532668569557606,-2.708565162053014,-1.692096623003337,0.4975769856018929,0.49524357196915864,1.3425564559540262,0.16619729193608004,-0.375372744608211,1.4264300998072692,0.27352583916163276,1.6918326274818112,0.1682874319904509,0.40342078896636857,-0.06677498084087302,-0.34049247079609596,1.2119913245875251,0.08634703809897909,0.39362390715655443,-2.230294151642705,-0.0034055546169577053,-0.9763807943467945,-0.27078442458166363,0.14582041960340017,-0.8281195534403832,0.08761778717655408,0.9898416474914982,-0.8767564891280548,0.15219176147222377,-0.18095239746433056,-0.37522508680149924,0.06515670894436237,-0.1754087625018202,-0.034128636619375916,0.13462224228729053,1.1439219848082742,1.338580593529379,0.9025554040164343,-0.07080499387070835,-0.2561980960680637,0.29171964055150795,0.02408660478706023,0.0237979894749054,-0.2862952888594813,0.7388004558593937,0.2736634094754257,-0.39154266513577934,-0.035380902579457175,1.122655325992395,2.809695630070147,2.062326734186529,-0.5740416893665734,0.9697065055638013,0.4686518629994093,-0.678060657895799,-0.7809834824000405,-0.5655564168870293,-0.7508416588618468,0.4001300490935765,-0.1394640562588453,0.9296100101880482,1.5193520932285636,-0.5265173164433665,0.7640411415093595,-0.4917325877756741,-0.5954707209208132,0.008179207981302117,1.1049419570392507,-0.5604422937373282,0.13243133062367243,1.0186629839210553,-1.50133977495245,0.19354384316137502,0.2799728364566572,-0.5251033565784651,-0.2759993607794911,1.5110412122476813,0.35978695565902086,0.06772366985409567,0.530466656172524,0.4140797268179877,0.7142406015316636,-0.7860582032695247,-0.03864939577813363,-1.0551052562583567,2.050399835873337,-0.22947405452623837,0.30419607418130323,2.027507428461197,0.06686375509842167,0.6909407082108294,-0.0843517831093501,2.0517599669747026,-0.6271740612294352,-0.6159179745047305,-0.03837162488291807,-0.13664987234571296,0.36972707388178355,0.30198637087228075,0.3011607944274766,-1.6145588742941634,0.47678756148759033,1.1799762371998188,0.028892419923526327,0.06579790561778466,-0.19899455724397916,0.601328850962944,-1.4444158774097777,0.009024605306192425,-2.933751697746884,0.24770090885258805,0.009187489769443424,-0.07778260915230964,1.9607994823324044,-0.33135363146888897,1.3721517399484395,0.24514710726918712,-0.6593107039624044,-0.5177788358387081]},"noise_profile":{"status":true,"type":"dephasing","noise_prob":[0.001,0.001,0,0],"noise_on_init_param":{"status":false,"value":0}},"redundant":{"identity_factors":[[0,0,0,0],[1,1,0,0]]},"zne":{"method":"richardson","degree":1,"sampling":"default","data_points":[[4,2,0,0,-6.527278547395795],[12,6,0,0,-5.263800161812215]]}},"output":{"exact_sol":-8.566772233505624,"zne_values":{"degree":1,"sampling":"default","sampled data":[[4,2,0,0,-6.527278547395795],[12,6,0,0,-5.263800161812215]],"extrapolated_value":-7.159017740187585,"others":{"sorted_noise":[6,18],"sorted_expectation_vals":[-6.527278547395795,-5.263800161812215],"beta_coeffiecients":[1.5,-0.5],"cost_richardson_zne":2.5}},"run_time_sec":3.528594970703125e-05}}