{"config":{"run":"zne","nqubits":7,"state":"dmatrix","output":{"file_name_prefix":"AUTOMATE_ising_dephasing_sample#2","draw":{"status":false,"fig_dpi":100,"type":"png"}},"observable":{"def":"ising","coefficients":{"cn":[0.5,0.5,0.5,0.5,0.5,0.5],"bn":[1.0,1.0,1.0,1.0,1.0,1.0,1.0],"r":1}},"ansatz":{"layer":30,"gateset":1,"ugate":{"type":"ising","coefficients":{"cn":[0.5,0.5,0.5,0.5,0.5,0.5],"bn":[0,0,0,0,0,0,0],"r":0},"time":{"min":0.0,"max":10.0}}},"vqe":{"iteration":1,"optimization":{"status":false,"algorithm":"SLSQP","constraint":false}},"init_param":{"value":[0.4994210276420195,0.5850726014683613,0.6316628148661448,0.7882045820708415,2.9543205981494705,3.1647481905474835,3.1647481905474835,3.3195527755195773,3.3195527755195773,4.7570473612929645,4.7570473612929645,5.02698029520502,5.1699904068360905,5.1699904068360905,5.720793092184397,5.7667878832111885,5.816781155089926,5.9349908494383135,6.861934898699255,7.49538030742576,7.829832761253294,7.829832761253294,7.831867588697636,7.831867588697636,7.831867588697636,8.847905703875993,8.863893569881839,9.177175956105431,9.177175956105431,12.873304326498705,0.25494205879244236,1.333324454575458,1.241342260127129,1.8773729335486173,0.6670743962242496,0.8752640542881818,0.7024348331193735,0.8348345427246379,0.6266452881582171,-0.5736852327108599,-1.3513657765483726,0.5613061218429616,1.4463588392867457,2.4831615597137233,0.9121700832012692,2.2491764657127553,-0.2267578885719379,-0.21364436553932564,0.054521170120415755,-1.4605594970054563,-0.538274514001779,-1.5366621231872413,-1.3367746728866667,-0.11195601565273952,-0.2502042611869592,-0.7827992005629258,0.048868359615497674,-0.3034340485481443,0.5033656723557177,-0.06168369161983866,0.39827188209881303,-0.108570469585918,0.15335501263864046,0.013345692699780753,0.03123270924333748,0.5790245108621567,1.183075723292199,0.03108436834297717,0.8485505798975163,0.48064985121010045,-0.31613351909012233,-0.801823276583502,-0.0735955952572728,0.306238456062997,0.03479755416533009,0.6121023733909509,-0.03128199349410403,0.4485702445646082,0.7518622329485175,-0.4444974843410263,2.2271783339291664,-0.0868500800775229,-0.23047080548636092,0.3276505704458157,0.40334510406710294,-0.05394784521106026,0.5551497114157972,-0.6632190236208358,0.9810070444426844,1.2231135141397056,0.3241925923756132,0.5890713273192208,0.5465374894049579,-0.013602041886953303,-1.7528267082353932,1.191362682719475,-1.1297466238064353,-0.8896621859355947,-0.5841984696702391,0.5262195638161454,-0.34198247065946,-0.9226465825809215,0.8100530814911381,-1.4205228182406822,-0.6751761424807171,0.4683743130992569,0.34417590705484813,-2.0606708094156687,0.37692404487122644,0.9986001871781944,-0.5380167012727805,-0.11111807362176712,-1.5563321360408937,-0.3384720331254608,-0.1593648970313476,1.2067852893629771,0.90246214335732,1.1669714162857376,-0.9218226342796609,0.7525639185144094,-0.5161909762567674,-1.6155519241537086,1.3497646349209567,-0.12322097887777407,0.16561080321030228,0.4919223477919863,0.6505458775028822,-0.8997532960604985,0.015737359481310415,0.44172029352669234,1.7907914314155995,-0.0444879249257611,1.5430488225121088,0.6518460082617269,-0.5546301736196579,0.42601773480330873,0.4212270864200998,0.6737997415608852,2.2241096802943616,0.7992149649828976,-0.18098188071003998,-0.7619662472665834,-0.11051162188000418,1.0938582314061716,0.1386077803398048,-0.5975515521644207,-3.084414096654536,0.09316290871986774,0.7148486197149342,0.41102080308462363]},"noise_profile":{"status":true,"type":"dephasing","noise_prob":[0.001,0.001,0,0],"noise_on_init_param":{"status":false,"value":0}},"redundant":{"identity_factors":[[0,0,0,0],[1,1,0,0]]},"zne":{"method":"richardson","degree":1,"sampling":"default","data_points":[[4,2,0,0,-6.7314827273378],[12,6,0,0,-5.600177695078658]]}},"output":{"exact_sol":-8.566772233505624,"zne_values":{"degree":1,"sampling":"default","sampled data":[[4,2,0,0,-6.7314827273378],[12,6,0,0,-5.600177695078658]],"extrapolated_value":-7.297135243467372,"others":{"sorted_noise":[6,18],"sorted_expectation_vals":[-6.7314827273378,-5.600177695078658],"beta_coeffiecients":[1.5,-0.5],"cost_richardson_zne":2.5}},"run_time_sec":3.552436828613281e-05}}