{"config":{"run":"zne","nqubits":7,"state":"dmatrix","observable":{"def":"ising","coefficients":{"cn":[0.5,0.5,0.5,0.5,0.5,0.5],"bn":[1.0,1.0,1.0,1.0,1.0,1.0,1.0],"r":1}},"output":{"file_name_prefix":"noisefree_time_evo_heisenberg_sample#9_default2_richardson","draw":{"status":false,"fig_dpi":100,"type":"png"}},"vqe":{"iteration":30,"optimization":{"status":true,"algorithm":"SLSQP","constraint":false},"ansatz":{"type":"heisenberg","layer":30,"gateset":1,"ugate":{"coefficients":{"cn":[0.5,0.5,0.5,0.5,0.5,0.5],"bn":[0,0,0,0,0,0,0],"r":0},"time":{"min":0.0,"max":10.0}},"noise":{"status":true,"value":[0.001,0.001,0,0]},"init_param":[-0.576500489052235,-0.4703655954194583,-0.27647573050951596,0.1992047487565855,1.2225371839932284,1.0197876025534416,2.4017497378765165,1.9009447553313412,2.9096147394865994,4.271556732107875,4.394936834202247,4.001356500590319,3.6301519600404055,3.7821313624092068,3.450235604932071,3.2451684984535967,5.6946021848391135,5.861485434844902,5.627834460090303,5.914490150229506,5.697155035101052,5.76758864736334,6.5834534546801,6.0125478355153845,7.172002109047543,7.137702248941966,7.033291228023219,7.652240895499245,8.721613534502511,9.90790161962998,0.9240979834782315,1.744377174379119,0.0008370285627282564,-0.04041054889292519,0.7419857125161439,1.6774176573094832,-1.220940678148525,-0.5193279393668341,1.614063430603465,0.9682547601242006,-0.1524392840941101,0.7086246314539019,0.7404965164240754,0.8444018157148245,0.34563644800407145,-1.1833349507468862,0.295991201394861,-0.48559074330654317,0.6873901688975742,0.7154549430796255,-0.40566656705903936,1.0610645193018904,-0.15063227341941232,0.10560010723675767,-0.0785268907736401,-0.8602494429788613,1.2141182475885894,-0.666122574461483,0.5399662352189031,0.2549225801922156,0.7316685422726892,-0.15200472608076074,-0.16061364514296783,0.5476961189199927,-1.675478944585453,-0.5454947818703365,-0.40204772368610636,-0.3529001882678752,-0.20171884263172513,-0.5526814799354169,-0.34015733295505746,1.2765657646401063,0.42252168202217977,1.2382533974034575,-0.4340606944455617,-1.119849452527688,-0.6078885501402154,0.740140800774172,-0.5705344133789297,0.6240557913927443,1.6747733108658402,1.2792406092193551,-1.0574191926048313,-0.06815820159634592,0.4674591795620369,0.14321743917256244,0.17258862701020247,0.8941472494859805,0.16209862962173568,-0.4227720251929062,0.21529435801286537,1.2299056285241905,-0.9995546826482501,0.2280080614335289,0.4434148594055363,-0.394250341199341,1.1930062139180941,0.6403401873030308,-0.18142124576962293,0.45334849030459545,-0.15313979975489306,0.5217500751428342,0.0005386178650075646,1.2247702617304232,-0.6049670642887226,0.6166978534153562,0.05270722765515763,-0.5542075834538218,0.9065185141117337,-0.8066351567013806,1.4076877246811808,0.41357579944195416,0.509515929175831,1.3543102447013695,1.2679089254502238,-0.38261814059802907,-0.6683469452367914,-0.3163078422646416,0.33983346511165385,-1.2072214147401699,1.6621522762354386,0.15308301900417895,-0.2784800252723198,1.789832676959264,1.1984690396944222,-0.38186919774572337,0.34953704160916826,0.4589445436941394,-0.40234261287596457,1.9428207388911374,0.15056409690497083,0.7104546190976347,0.641515028492918,-1.3737737609897103,-0.9943895684588572,-0.44582372232432,-0.8562035330626863,0.2913902030831597,0.22500540366925245,0.024760368521273154,-0.23622957674160167,0.4005136452239978,1.0358366549098106,1.0744311961075093,0.29740839808487496,1.5324936826770135,0.5703015527400774,1.7759534555411989,0.19483126179586366,2.2931606463102394]}},"identity_factors":[[0,0,0,0],[1,0,0,1]],"zne":{"method":"richardson","degree":1,"sampling":"default-2","data_points":[[4,0,0,1,-6.2330675630185555],[12,0,0,3,-4.926203660127809]]}},"output":{"exact_sol":-8.566772233505624,"zne_values":{"degree":1,"sampling":"default-2","sampled data":[[4,0,0,1,-6.2330675630185555],[12,0,0,3,-4.926203660127809]],"extrapolated_value":-6.886499514463929,"others":{"sorted_noise":[5,15],"sorted_expectation_vals":[-6.2330675630185555,-4.926203660127809],"beta_coeffiecients":[1.5,-0.5],"cost_richardson_zne":2.5}},"run_time_sec":0.00010848045349121094}}