{"config":{"run":"redundant","nqubits":7,"state":"dmatrix","output":{"file_name_prefix":"AUTOMATE_heisenberg_dephasing_ricmul_sample#5","draw":{"status":false,"fig_dpi":100,"type":"png"}},"observable":{"def":"ising","coefficients":{"cn":[0.5,0.5,0.5,0.5,0.5,0.5],"bn":[1.0,1.0,1.0,1.0,1.0,1.0,1.0],"r":1}},"ansatz":{"layer":30,"gateset":1,"ugate":{"type":"heisenberg","coefficients":{"cn":[0.5,0.5,0.5,0.5,0.5,0.5],"bn":[0,0,0,0,0,0,0],"r":0},"time":{"min":0.0,"max":10.0}}},"vqe":{"iteration":1,"optimization":{"status":false,"algorithm":"SLSQP","constraint":false}},"init_param":{"value":[0.33143299805017534,0.33143299805017534,1.7141738324162894,2.5573727359133676,2.5573727359133676,3.314558465599441,4.317730720221926,4.360009939708583,4.360009939708583,4.360009939708583,4.437963426836931,4.860411821261644,4.8604118212616445,6.018221834662885,6.018221834662885,7.1262568021042005,7.142157903610849,8.337140845566202,8.337140845566202,8.337140845566202,8.337140845566202,8.799096937438039,8.852660497943353,9.507544786967568,9.507544786967568,9.858932509563292,9.961473356988016,9.961473356988016,10.16001535833832,10.883048718433512,1.1976265628854295,0.42709283057970104,-0.14222661640478948,0.6543915280736458,2.2569575685510546,1.0446294576585358,1.063643872924739,-0.12578538021030367,1.7683311698491069,0.24602928874702154,0.1849391740094883,-0.19930390366433937,1.4832368696961111,-0.48422929671690457,1.224957199251953,-1.0620709767306888,1.7417773697186605,-0.35454408878189353,0.06494108154389788,-0.5990583569996979,0.14021472016632217,0.353330866431738,-0.2591267455346916,0.26584561971403525,0.2818045541511686,-0.13240428464170428,-0.27437242203596246,0.7843700151146088,-0.02196188011148926,1.6851748615355095,0.048678711130821305,1.594121467837275,-0.02790558124155581,1.4085975098287011,-0.14700468781391846,1.275698834315286,-0.032891823358936145,2.0563979482172567,-0.2919293329198304,0.6875779234166174,-0.2672918618544991,0.2469354194227992,-0.5264104536381025,1.040772091853122,-0.15019019799803243,0.12784471563595096,-1.2251494860232475,0.5151009611274571,0.04638791702467762,-0.4703532790510485,-0.4480012763239679,-0.046010754519168945,0.22458609013458872,-0.11046462812766865,0.4101630630795879,-0.971716315092691,0.5527471491570318,0.15121406394426803,0.9294232883519143,0.09209578180199711,-0.7563254066426889,0.6578801836321121,0.11420036761758215,-0.10381263477760408,-0.8263526735000518,-0.40664362050433595,0.7171424775286416,0.3405812698338144,-0.16130893455139672,-0.3062569009321463,0.3501711139587176,-0.28188510794610566,0.19627765495537264,2.512120306696253,-0.3392497111500733,-0.5684457570373146,-1.1259566108861545,0.35791102444124745,1.1692354072437814,0.5807118098120734,0.16407951325260656,1.831510541831425,1.3651611556158043,0.7914801081544338,-1.5195192184500677,-0.37548155765632113,-1.1105938601613141,-0.4118292144456488,0.09326266605548532,1.0842363025483068,0.9366098900429399,-0.8894895717431963,0.7025036333639905,2.693032800933735,2.2070014260367277,0.009230506358440138,0.3180967073105839,-0.07784775576434752,1.556475718236876,1.8919921133686615,1.626607405322276,-0.7853617280565216,0.3022151389893187,1.0240336753647228,0.446069386898085,-1.3423939992807563,2.6505008316908323,1.3522380319619534,-1.0006676404876256,-0.9121866479162719,2.3472156239658983,0.3414255951201716,0.5261425388489392,-1.8933981942478768,1.921054799001283,0.1092115416850728,2.858014707390402,2.407924393390483,1.375272588252205,0.8658179691843861]},"noise_profile":{"status":true,"type":"dephasing","noise_prob":[0.001,0.001,0,0],"noise_on_init_param":{"status":false,"value":0}},"redundant":{"identity_factors":[[0,0,0,0],[1,1,0,0],[2,1,0,0]]},"zne":{"method":"richardson-mul","degree":1,"sampling":"default","data_points":null}},"output":{"data_points":[[4,2,0,0,-6.133713325645678],[12,6,0,0,-4.8310272986719625],[20,6,0,0,-4.132785830109237]],"noise_details":[{"identity_factors":[0,0,0,0],"noise_level":[4,2,0,0],"gates_num":[4,1,1,0],"noise_profile":{"status":true,"type":"dephasing","noise_prob":[0.001,0.001,0,0],"noise_on_init_param":{"status":false,"value":0}},"odd_wires":4},{"identity_factors":[1,1,0,0],"noise_level":[12,6,0,0],"gates_num":[12,3,1,0],"noise_profile":{"status":true,"type":"dephasing","noise_prob":[0.001,0.001,0,0],"noise_on_init_param":{"status":false,"value":0}},"odd_wires":4},{"identity_factors":[2,1,0,0],"noise_level":[20,6,0,0],"gates_num":[20,3,1,0],"noise_profile":{"status":true,"type":"dephasing","noise_prob":[0.001,0.001,0,0],"noise_on_init_param":{"status":false,"value":0}},"odd_wires":4}],"run_time_sec":6.425513982772827},"others":{"observable_string":"1 X 0 X 1 + 1 Z 0 + 1 X 1 X 2 + 1 Z 1 + 1 X 2 X 3 + 1 Z 2 + 1 X 3 X 4 + 1 Z 3 + 1 X 4 X 5 + 1 Z 4 + 1 X 5 X 6 + 1 Z 5 + 1 Z 6","time_evolution_gate_hamiltonian_string":["0.5 X 0 X 1 + 0.5 Y 0 Y 1 + 0.5 Z 0 Z 1 + 0.5 X 1 X 2 + 0.5 Y 1 Y 2 + 0.5 Z 1 Z 2 + 0.5 X 2 X 3 + 0.5 Y 2 Y 3 + 0.5 Z 2 Z 3 + 0.5 X 3 X 4 + 0.5 Y 3 Y 4 + 0.5 Z 3 Z 4 + 0.5 X 4 X 5 + 0.5 Y 4 Y 5 + 0.5 Z 4 Z 5 + 0.5 X 5 X 6 + 0.5 Y 5 Y 6 + 0.5 Z 5 Z 6"]}}