{"config":{"run":"zne","nqubits":7,"state":"dmatrix","output":{"file_name_prefix":"AUTOMATE_heisenberg_dephasing_ricmul_sample#10","draw":{"status":false,"fig_dpi":100,"type":"png"}},"observable":{"def":"ising","coefficients":{"cn":[0.5,0.5,0.5,0.5,0.5,0.5],"bn":[1.0,1.0,1.0,1.0,1.0,1.0,1.0],"r":1}},"ansatz":{"layer":30,"gateset":1,"ugate":{"type":"heisenberg","coefficients":{"cn":[0.5,0.5,0.5,0.5,0.5,0.5],"bn":[0,0,0,0,0,0,0],"r":0},"time":{"min":0.0,"max":10.0}}},"vqe":{"iteration":1,"optimization":{"status":false,"algorithm":"SLSQP","constraint":false}},"init_param":{"value":[0.035104460953320135,0.06320608883010012,0.11640589118160115,0.7589089238856431,1.7255430659706923,1.7255430659706923,1.7543049613133366,2.8348908552383936,2.89483562804989,2.89483562804989,3.654573938871757,3.654573938871757,3.980955574398588,4.9930393397493855,4.993158175733121,5.033535418832077,6.256945475123218,6.420405842787826,6.882101554478684,6.882944211493092,7.568004474576482,7.568004474576482,7.681144720869446,7.6811447208694466,8.423182897925638,8.423182897925638,8.537030447870652,9.315832470591172,9.315890892198261,10.28144569286365,0.06991279494787835,-0.04164497043390451,-1.498619740395282,0.01888238467525083,1.2708754797133017,-0.11098980639935205,-1.5823056504798074,1.068373599670342,1.434585172904544,1.6046991132851038,-0.21117192981743552,-0.37824291845517205,0.8417126016263458,-0.08153805834441924,-0.11740486487384727,1.0725035265731215,0.8003766370603339,-0.06206062036582436,-2.0079371952070244,0.3536595938851569,1.7073816846051888,0.09263800917192155,1.007260621056069,-0.16547413629038304,-0.1554540799442901,-0.05465562676714224,-1.4972674380359752,-0.45971221485376457,0.20927724210154383,0.4330530095791882,-0.8248162334308756,0.3067021844703226,-0.9220780032753414,0.0873603948852503,0.6356467245686668,-1.1801873973540513,-0.36718241220864284,0.35377150535421453,0.6861630506375189,0.20176629253401723,-1.1636355068328854,0.15001215061008663,-0.20840926535523177,0.39693810512734384,0.49771597007449225,0.006319435656346777,0.0009536544546264541,0.007135982582266386,1.0846367198421571,-0.21063212538099887,-1.0779071251619905,-0.6367451177078891,0.5695744167415524,0.31367905934223567,0.008791765346886606,0.34431675858728555,0.7264208877035511,-0.7943576739809853,0.4475826877453903,-1.2978332901379934,0.4109082401153747,-0.8309204161009912,-0.09870103800747962,-0.19852433800524383,-0.06374598574568587,0.6245161391285835,-0.27807310116844847,-0.2004280523050948,-0.01645841178693261,0.7179127942010819,0.00976189564602963,-0.9480532007413072,0.7134024513357077,-0.37063960105584176,0.5870397624146295,1.2576724343702212,-1.1120447601155916,0.14172997495950415,0.4839131047524525,0.5416377004675886,-0.32764702155180747,-1.1899533308439216,0.4253137065123485,0.2920805051395973,0.13849337517644342,1.7865622892876831,-1.081237789398949,0.9013944775349032,-0.4014526093645061,-0.5590828749765706,2.1542705174030212,0.5088727082202459,0.5171760791892269,0.46785641447303894,0.14609142268085523,0.8062064471105469,-1.317470917353886,0.03765756387965828,0.514338051488177,1.0203766527754297,-0.4549195306435648,0.0965646089533303,0.6124934759631742,-0.07572418397786075,-1.4147562625769505,-0.2162413857897775,-0.16433315219040734,0.384636122589355,-0.08101162081300188,-1.2812661658797415,1.2104130520562217,2.2549841788030225,0.28162696641206897,0.7815916192038784,-0.7589045295321298,1.990255945445407,-0.15607253781673872,0.8494437736263586,1.083165702728649,2.193727289657894]},"noise_profile":{"status":true,"type":"dephasing","noise_prob":[0.001,0.001,0,0],"noise_on_init_param":{"status":false,"value":0}},"redundant":{"identity_factors":[[0,0,0,0],[1,1,0,0],[2,1,0,0]]},"zne":{"method":"richardson-mul","degree":1,"sampling":"default","data_points":[[4,2,-6.205048519173676],[12,6,-4.7295247040684725],[20,6,-3.9417787095722643]]}},"output":{"exact_sol":-8.566772233505624,"zne_values":{"degree":1,"sampling":"default","sampled data":[[4,2,-6.205048519173676],[12,6,-4.7295247040684725],[20,6,-3.9417787095722643]],"extrapolated_value":-6.942810426726279},"run_time_sec":0.00036072731018066406}}