{"config":{"run":"redundant","nqubits":7,"state":"dmatrix","output":{"file_name_prefix":"heisenberg_ansatz_sample#3","draw":{"status":false,"fig_dpi":100,"type":"png"}},"observable":{"def":"ising","coefficients":{"cn":[0.5,0.5,0.5,0.5,0.5,0.5],"bn":[1.0,1.0,1.0,1.0,1.0,1.0,1.0],"r":1}},"ansatz":{"layer":30,"gateset":1,"ugate":{"type":"heisenberg","coefficients":{"cn":[0.5,0.5,0.5,0.5,0.5,0.5],"bn":[0,0,0,0,0,0,0],"r":0},"time":{"min":0.0,"max":10.0}}},"vqe":{"iteration":1,"optimization":{"status":false,"algorithm":"SLSQP","constraint":false}},"init_param":{"value":[-0.28249850732141285,-0.5152348191792944,0.6614345590004415,0.5517128282796214,1.7509021150589463,2.497578145986745,2.9874721132261413,2.741522965296419,2.3664966689826326,3.477753723197043,3.3170806994630637,3.8375735760073764,3.4485832412231328,5.144975103329378,4.8628535174123115,4.51620019373331,5.460433086017896,5.218882501629952,5.677530511143153,5.511552412042055,7.089310557672428,7.0251802218800705,8.119449047735719,7.243244357514083,8.599643808435152,8.248890685249917,9.071776000302334,7.94160364698831,8.047502667554417,9.339877772680058,1.19283487393322,1.98945134579735,-0.34306591269537734,-0.2148694425960345,0.7417320521873227,-0.21710844306232277,0.010056572504569511,-0.5690365477004358,0.47858575686448473,-0.21659244038434117,0.5216545223112904,-0.06364980607971073,1.1493339532966276,0.6478093930856968,-0.7000953048935796,-0.5201110550585533,0.3685989151894112,-0.16447283122275264,0.048565673190358497,0.20365419613122793,0.9069069953865005,0.7467515509009226,-0.28963620787666555,0.5518811795620099,-0.11448495117689865,0.37518683947368753,0.38189721478799576,0.56404005248087,0.33488537099249094,0.3340258219569477,0.6780710991594644,-1.7579684240297104,0.28298732242900865,0.7744078818705366,-0.8424072266967518,-1.1658624915436218,-0.3865232687204317,1.1806213922984985,-0.910002641173916,-0.9513232003035824,-0.10510026011279555,-0.599108120576326,-0.06703818271583092,0.26907286163181504,2.384349982079277,-1.3771219585607366,-1.0329195026404303,-0.43658844117881623,0.5756900727526715,0.26057586477450256,0.7442090612982178,-0.14061618642231577,0.3784028266432893,0.6367728036797998,-0.2855183594204575,0.6132352899133756,-1.2178069252820702,-0.5349187855095322,-0.038111520723192474,-0.3210419572394375,0.3820409628049704,-0.09782224195026397,0.0377547092987246,0.6213614177217419,0.13684820533343556,1.836728142810381,-1.4551806102580782,-0.8008644168314206,-1.2104977785110118,0.5230894370342815,0.9448395910595212,1.216332484461614,0.732583343124587,-0.28032601898681553,0.775493812744568,0.8700504069216906,0.22546352330106306,-0.46668507771082945,-0.003710226758896193,0.4897325570762582,1.8014887704274254,1.6231005773374283,-0.6436045285010938,-0.11438502580922047,0.7510400359607432,-0.8483220193842864,-0.21115692709359782,0.5285012039451746,0.4611663253330693,0.6831621710276028,-0.2918054200363089,1.3527421773911892,-0.9176391712378612,0.38006482262548713,-0.08089095049250072,-0.4299021910974743,-0.006587426766325465,0.7645609216447811,0.9099903989431871,0.6294643920678543,0.1737313044239565,0.7233835974448009,0.998976397802356,-0.6993772548655574,-0.9950847464199543,0.6753390620193215,1.7005426890320534,0.26597441012745304,-0.15264103201200577,0.07279669940726556,-0.649801420998806,-1.456780290079098,-0.2582911549224896,-0.2521047387242193,-0.04594714903682758,1.604224679666516,1.3633280903086622,1.283722127353124,0.7779513049357626,-0.00981443019838454]},"noise_profile":{"status":true,"type":"depolarizing","noise_prob":[0.001,0.001,0,0],"noise_on_init_param":{"status":false,"value":0.01}},"redundant":{"identity_factors":[[0,0,0,0],[1,1,0,0]]},"zne":{"method":"richardson","degree":1,"sampling":"default","data_points":null}},"output":{"data_points":[[4,2,0,0,-5.995013394062938],[12,6,0,0,-4.6928027244309884]],"noise_details":[{"identity_factors":[0,0,0,0],"noise_level":[4,2,0,0],"gates_num":[4,1,1,0],"noise_profile":{"status":true,"type":"depolarizing","noise_prob":[0.001,0.001,0,0],"noise_on_init_param":{"status":false,"value":0.01}},"odd_wires":4},{"identity_factors":[1,1,0,0],"noise_level":[12,6,0,0],"gates_num":[12,3,1,0],"noise_profile":{"status":true,"type":"depolarizing","noise_prob":[0.001,0.001,0,0],"noise_on_init_param":{"status":false,"value":0.01}},"odd_wires":4}],"run_time_sec":3.4465579986572266},"others":{"observable_string":"1 X 0 X 1 + 1 Z 0 + 1 X 1 X 2 + 1 Z 1 + 1 X 2 X 3 + 1 Z 2 + 1 X 3 X 4 + 1 Z 3 + 1 X 4 X 5 + 1 Z 4 + 1 X 5 X 6 + 1 Z 5 + 1 Z 6","time_evolution_gate_hamiltonian_string":["0.5 X 0 X 1 + 0.5 Y 0 Y 1 + 0.5 Z 0 Z 1 + 0.5 X 1 X 2 + 0.5 Y 1 Y 2 + 0.5 Z 1 Z 2 + 0.5 X 2 X 3 + 0.5 Y 2 Y 3 + 0.5 Z 2 Z 3 + 0.5 X 3 X 4 + 0.5 Y 3 Y 4 + 0.5 Z 3 Z 4 + 0.5 X 4 X 5 + 0.5 Y 4 Y 5 + 0.5 Z 4 Z 5 + 0.5 X 5 X 6 + 0.5 Y 5 Y 6 + 0.5 Z 5 Z 6"]}}