{"config":{"run":"zne","nqubits":7,"state":"dmatrix","output":{"file_name_prefix":"heisenberg_ansatz_sample#4","draw":{"status":false,"fig_dpi":100,"type":"png"}},"observable":{"def":"ising","coefficients":{"cn":[0.5,0.5,0.5,0.5,0.5,0.5],"bn":[1.0,1.0,1.0,1.0,1.0,1.0,1.0],"r":1}},"ansatz":{"layer":30,"gateset":1,"ugate":{"type":"heisenberg","coefficients":{"cn":[0.5,0.5,0.5,0.5,0.5,0.5],"bn":[0,0,0,0,0,0,0],"r":0},"time":{"min":0.0,"max":10.0}}},"vqe":{"iteration":1,"optimization":{"status":false,"algorithm":"SLSQP","constraint":false}},"init_param":{"value":[0.7000738650398677,-0.20856381607687816,2.0061184859457697,2.1879159621722994,2.075207738150743,2.7661959108857173,2.9160534439083468,2.202041533372494,4.186593966529346,3.8992061895719505,4.6848058337975775,4.380740044100295,4.329154502974828,4.980118385004163,4.724341521447605,5.330714436655025,5.209933413141819,5.675811711284637,6.690945017262306,6.396083210776442,7.1882525238107595,7.936316880572383,7.097641242279624,7.7525995193759165,7.812448202174489,8.287295376201648,9.353835258858036,8.678377223010553,8.739632198576011,8.68760847602743,1.3016878644043266,-0.16682492290792633,-1.1984386596805747,-0.4428351028786066,1.5518486174500863,1.0562136742191381,1.621011962316284,-1.6120177342250293,0.5374084193806821,1.0630364353984971,1.6663080765104732,0.04179978237570294,0.4718899355553207,1.0193707810675086,1.6604701560396948,-0.9371938333095713,0.3780685468750991,0.7591850278682583,-0.3799213228137087,-1.4483780707663636,0.06333916991911892,0.2527573135890172,-0.308736595157089,0.5526849427189736,-0.10101163936024846,-0.13093751922684815,0.3613778188924811,0.4201839493773552,0.9047348818429941,-0.8065831633596865,-0.4981477336458577,-0.025423239220817788,-0.05461440637742353,0.8064295877564698,-0.5202380238356087,0.8705110549524272,0.6952450394167953,-0.45864608243023147,-0.1531962388196533,0.6790595728359944,-0.06885925461196211,0.16751820560845326,-0.364473995989829,1.035527126965463,0.8306365101801374,0.1902122817044671,-0.4652008626600689,-0.6705760720843358,0.5372381425166665,-1.1263415070494556,-0.15318936143496498,0.2763466498502839,-0.15866697786322384,-0.3371739834512228,-0.3991207769718044,0.20539950307805144,0.3143758601031657,-0.6175256533706333,0.48631654704420074,-0.19584255999375094,2.4593913833590166,-0.20650762639589756,0.33992425546923327,-0.22400254447250234,0.7013825164217211,0.04109724397784181,0.854021552335006,0.8888269856554212,0.21857822578422612,1.1117901487942499,-0.5385136863972255,0.28293241732554547,-2.1050371363348166,-0.5717310710024793,0.1568376907463903,0.9634445856883969,0.38368398513820984,-0.011817879975808302,-0.21786225436318304,0.2712964643954183,0.5149354525648334,0.1533300622675985,1.2970388039854062,2.6804275590221387,-1.2239300151994443,0.8454706032450183,-0.6547587918236122,-0.6843096010417444,-0.8022320778068849,1.1826689506912849,0.4313708631255096,-0.7856370989318548,-0.3801142612964478,1.5500797104304085,-0.6547569745399733,0.21761857943582125,-0.5923771151490316,0.5195982564695778,-0.6169209157074196,0.8394019325376786,1.106990767399513,0.9455606459188968,0.1615340869730162,1.817557023245048,0.2669080734565173,0.38790839037714425,1.1049630412621496,0.2338142284153726,-0.5573934869090452,1.5044335875272692,1.08011669844441,2.1864105839338164,0.567052107750388,-0.3469606180221245,0.2647353163047443,1.1872471856076172,-1.0375431516001952,1.3819552736331877,0.06321279922578454,-1.2579237510951786]},"noise_profile":{"status":true,"type":"depolarizing","noise_prob":[0.001,0.001,0,0],"noise_on_init_param":{"status":false,"value":0.01}},"redundant":{"identity_factors":[[0,0,0,0],[1,1,0,0]]},"zne":{"method":"richardson","degree":1,"sampling":"default","data_points":[[4,2,0,0,-6.225034061485754],[12,6,0,0,-4.964637039058412]]}},"output":{"exact_sol":-8.566772233505624,"zne_values":{"degree":1,"sampling":"default","sampled data":[[4,2,0,0,-6.225034061485754],[12,6,0,0,-4.964637039058412]],"extrapolated_value":-6.855232572699425,"others":{"sorted_noise":[6,18],"sorted_expectation_vals":[-6.225034061485754,-4.964637039058412],"beta_coeffiecients":[1.5,-0.5],"cost_richardson_zne":2.5}},"run_time_sec":2.3365020751953125e-05}}