{"config":{"run":"zne","nqubits":7,"state":"dmatrix","output":{"file_name_prefix":"AUTOMATE_heisenberg_dephasing_sample#4","draw":{"status":false,"fig_dpi":100,"type":"png"}},"observable":{"def":"ising","coefficients":{"cn":[0.5,0.5,0.5,0.5,0.5,0.5],"bn":[1.0,1.0,1.0,1.0,1.0,1.0,1.0],"r":1}},"ansatz":{"layer":30,"gateset":1,"ugate":{"type":"heisenberg","coefficients":{"cn":[0.5,0.5,0.5,0.5,0.5,0.5],"bn":[0,0,0,0,0,0,0],"r":0},"time":{"min":0.0,"max":10.0}}},"vqe":{"iteration":1,"optimization":{"status":false,"algorithm":"SLSQP","constraint":false}},"init_param":{"value":[0.6603198584977938,0.749587613311102,1.5322609498549231,1.5322609498549231,2.1481893112743435,2.461360123822884,2.517163795702041,3.0140286140622994,3.018893241040464,3.018893241040464,3.509747939187957,4.568049337265842,5.6534490963872726,6.543300646323311,6.543300646323311,8.474977988497411,8.484641570025982,8.484641570025982,8.485755350079065,8.485755350079065,8.494922796877859,8.494922796877859,9.072481894994267,9.15398891038034,9.153988910380342,10.540797572783596,10.540797572783596,10.540797572783596,10.540797572783596,11.186392132009077,2.8341371454182647,0.1326585817931482,-0.5234653075030156,-0.03274970863068882,2.011650473968807,0.17665550410243022,-0.7840065163147613,0.42148531613540546,0.33220220856451044,1.0457923611622044,-0.3918008231023166,-0.6114202934802639,3.0985034000265355,2.6179922277626804,-0.6607807626403869,-0.9187849293709746,2.7309619943255745,1.276263860910922,0.42399790666745285,-0.2420830065996359,2.230212982256147,0.05678367783785049,2.573309503426788,0.30913869003240957,3.7022893845924303,0.6818367677218007,1.8567633880428285,-2.067728350438796,0.43264618091159707,1.758044671798925,0.6250313094301114,-1.417340133817135,-0.8841317784246838,4.242189027990879,1.3776931138412152,0.19931271026434583,-0.5954342843085753,0.21073450059506726,-0.9951773647449285,0.34950992587417284,0.15032971000972803,-0.04402937222728395,0.13951389504714037,-0.3582994505124107,0.24395855023675864,0.45071523091278093,-1.3657297792811887,-0.1990813815856761,0.2832938890772266,-0.4625342572526636,0.23082003697986395,-0.10635548066805402,0.5037291957115805,0.43006983383883546,1.2854976759909946,-0.7692785395243213,0.13424345770601132,-0.3773683251442285,1.150205081264763,-0.24716534209156585,0.9981969278767382,-0.6668719801597139,0.14333210283153772,-0.2554048974650853,1.6779126125421917,1.2737306972359959,0.31506406025295575,0.45819408766601943,0.8596004637254878,0.6988831331504045,-0.2616098096924304,-0.09996837432029065,1.1618186787445903,2.487973054982389,0.3837405844847518,-0.04147409835847511,1.2971498209185035,-0.5896751086808888,0.45743354834986166,0.09834292382819913,0.5140690793961501,0.3365555412165169,-0.014801659903490888,0.22207284500751676,-0.036264739255814714,-0.9402785396343876,0.1848025483303649,-0.4497720848382748,-2.9203825881102836,-0.051256264069508305,1.2225373905885797,1.2768349019307537,1.087750743722253,1.4576934139911912,2.9052556569250982,-0.06399322829813432,-0.032570978009733575,1.1214991946316364,-0.3221360560485178,2.4544483253001905,0.7768487940330944,1.095262591712364,-0.08957665425757921,-0.2238927622041006,-0.6349680443682797,0.08766984230193531,0.13003817966418074,3.1306687514364193,0.998596415574352,0.14145074959977558,1.3597567799467887,1.243884667370207,-1.2432728759385234,-0.6546627406103438,1.7880007746153026,-0.43128967952847824,1.527440712384765,2.1408403798840494,1.2449824422876345,1.2881882263353928]},"noise_profile":{"status":true,"type":"dephasing","noise_prob":[0.001,0.001,0,0],"noise_on_init_param":{"status":false,"value":0}},"redundant":{"identity_factors":[[0,0,0,0],[1,1,0,0]]},"zne":{"method":"richardson","degree":1,"sampling":"default","data_points":[[4,2,0,0,-5.841950476673514],[12,6,0,0,-4.64747022787345]]}},"output":{"exact_sol":-8.566772233505624,"zne_values":{"degree":1,"sampling":"default","sampled data":[[4,2,0,0,-5.841950476673514],[12,6,0,0,-4.64747022787345]],"extrapolated_value":-6.439190601073546,"others":{"sorted_noise":[6,18],"sorted_expectation_vals":[-5.841950476673514,-4.64747022787345],"beta_coeffiecients":[1.5,-0.5],"cost_richardson_zne":2.5}},"run_time_sec":4.267692565917969e-05}}