{"config":{"run":"redundant","nqubits":7,"state":"dmatrix","output":{"file_name_prefix":"AUTOMATE_heisenberg_dephasing_sample#9","draw":{"status":false,"fig_dpi":100,"type":"png"}},"observable":{"def":"ising","coefficients":{"cn":[0.5,0.5,0.5,0.5,0.5,0.5],"bn":[1.0,1.0,1.0,1.0,1.0,1.0,1.0],"r":1}},"ansatz":{"layer":30,"gateset":1,"ugate":{"type":"heisenberg","coefficients":{"cn":[0.5,0.5,0.5,0.5,0.5,0.5],"bn":[0,0,0,0,0,0,0],"r":0},"time":{"min":0.0,"max":10.0}}},"vqe":{"iteration":1,"optimization":{"status":false,"algorithm":"SLSQP","constraint":false}},"init_param":{"value":[0.024071783932460462,0.024071783932460546,0.6571300838376971,0.6571300838376971,2.847267167217975,2.847267167217975,2.847267167217975,2.847267167217975,3.5841779763700368,3.5841779763700368,3.654183405890931,3.6541834058909304,3.654183405890931,4.60732877730885,5.779983685744588,5.779983685744588,5.779983685744588,5.779983685744588,6.975592444909562,7.373747431648411,7.373747431648411,7.8885563138316614,7.973445964966676,7.973445964966676,9.277335519457589,9.277335519457589,9.863509219663603,10.013515001994083,10.428050723329033,11.158973328223576,3.414158119993233,0.7136317932112352,-0.5215169977503067,-0.8694289421728726,1.677261393921285,1.0498291556193011,0.06610987070224317,1.6448458506492722,2.1325229191423576,0.8717934989072182,-0.017473157434604498,1.2971225067988037,3.367090306276093,0.6575500524774545,0.009096565499267578,0.0023336265751655594,-0.08885846440096425,-0.0019451261434935661,-0.014605160962075554,-0.8749577579787783,0.2885176011068368,0.9819338353628388,0.24002642379273972,-0.39782653380841043,0.09575877132996519,2.23147583419876,0.07141665284864523,-0.9662932885431283,0.14321182800665078,2.448810484122819,0.1827137169630212,0.26979513674505656,0.039305806465168916,0.6035033227805163,0.4420911054779434,-0.6322803067583783,-0.4519403709437152,-0.5005249145303325,-0.9579174425901728,0.48097334732123054,-0.537252907805262,0.6700698572349401,1.7577947242132432,0.802689231021676,-0.0595906046711367,2.341797281086153,0.07940356283051389,1.8550515062287172,0.2818021876393628,0.8922244548529277,0.9490001306910304,0.888479384861999,-0.22270480299889328,-0.03997781578390973,-0.1723576299305393,0.1099267463858736,0.4882167063545996,0.0744653535947252,-0.19517732684065053,-0.5259974164605723,-0.517347335074171,2.445828266094393,2.1341047099383927,0.7420915309084719,-0.8017500579493622,2.5608971318277822,-0.9365641110876575,-0.5722081830415768,0.3868674245022582,2.2725882469505665,-0.8442807301987474,1.9240647817512537,0.2873095474767721,0.30295539140633143,-0.44127643926676335,-0.18114839685230777,-0.5510426972023466,-0.11038560543846598,2.1149960784519264,-0.3735125894745773,-0.32632278700967476,1.3581988893120003,1.1481286367123644,-1.172889923330688,1.5297107097981828,0.3870472395238847,2.9170993024578964,-1.2811295229188269,0.20273691846810799,0.1746454411349988,2.683763750007948,0.5243357459971485,0.052181725826758375,0.26241474241441237,1.558842973192364,-1.5331841918554194,-0.3421045165844316,1.7041413635040243,1.5725459373163913,0.8440138477988423,-0.5119329454237443,-0.29846984149434475,-0.6048003071800283,1.2167115482701463,-0.917864374905777,-0.5368225663176617,1.9254314678841202,1.7668388949117437,2.3011120958567073,0.24256796965219266,0.6203342770631703,-1.0899997813245097,1.825104009234724,-0.33354564254912833,0.17013517795620187,1.948796561112006,0.2139299512818068,1.0710737685068699,0.34954548287475173,0.7408606516129334]},"noise_profile":{"status":true,"type":"dephasing","noise_prob":[0.001,0.001,0,0],"noise_on_init_param":{"status":false,"value":0}},"redundant":{"identity_factors":[[0,0,0,0],[1,1,0,0]]},"zne":{"method":"richardson","degree":1,"sampling":"default","data_points":null}},"output":{"data_points":[[4,2,0,0,-5.803161657855215],[12,6,0,0,-4.7177951901540105]],"noise_details":[{"identity_factors":[0,0,0,0],"noise_level":[4,2,0,0],"gates_num":[4,1,1,0],"noise_profile":{"status":true,"type":"dephasing","noise_prob":[0.001,0.001,0,0],"noise_on_init_param":{"status":false,"value":0}},"odd_wires":4},{"identity_factors":[1,1,0,0],"noise_level":[12,6,0,0],"gates_num":[12,3,1,0],"noise_profile":{"status":true,"type":"dephasing","noise_prob":[0.001,0.001,0,0],"noise_on_init_param":{"status":false,"value":0}},"odd_wires":4}],"run_time_sec":3.670785427093506},"others":{"observable_string":"1 X 0 X 1 + 1 Z 0 + 1 X 1 X 2 + 1 Z 1 + 1 X 2 X 3 + 1 Z 2 + 1 X 3 X 4 + 1 Z 3 + 1 X 4 X 5 + 1 Z 4 + 1 X 5 X 6 + 1 Z 5 + 1 Z 6","time_evolution_gate_hamiltonian_string":["0.5 X 0 X 1 + 0.5 Y 0 Y 1 + 0.5 Z 0 Z 1 + 0.5 X 1 X 2 + 0.5 Y 1 Y 2 + 0.5 Z 1 Z 2 + 0.5 X 2 X 3 + 0.5 Y 2 Y 3 + 0.5 Z 2 Z 3 + 0.5 X 3 X 4 + 0.5 Y 3 Y 4 + 0.5 Z 3 Z 4 + 0.5 X 4 X 5 + 0.5 Y 4 Y 5 + 0.5 Z 4 Z 5 + 0.5 X 5 X 6 + 0.5 Y 5 Y 6 + 0.5 Z 5 Z 6"]}}