{"config":{"run":"redundant","nqubits":7,"state":"dmatrix","output":{"file_name_prefix":"AUTOMATE_xy_dephasing_sample#5","draw":{"status":false,"fig_dpi":100,"type":"png"}},"observable":{"def":"ising","coefficients":{"cn":[0.5,0.5,0.5,0.5,0.5,0.5],"bn":[1.0,1.0,1.0,1.0,1.0,1.0,1.0],"r":1}},"ansatz":{"layer":30,"gateset":1,"ugate":{"type":"xy-iss","coefficients":{"cn":[0.5,0.5,0.5,0.5,0.5,0.5],"bn":[0,0,0,0,0,0,0],"r":0},"time":{"min":0.0,"max":10.0}}},"vqe":{"iteration":1,"optimization":{"status":false,"algorithm":"SLSQP","constraint":false}},"init_param":{"value":[0.15473689639478605,0.3004527476349317,0.3466759536830843,0.37577904072095447,0.7022807664765984,0.7022807664765984,0.718193651025977,0.7181936510259769,3.2650018919628154,3.2650018919628154,3.2650018919628154,3.2650018919628154,3.2650018919628154,3.2650018919628154,5.043133751854988,5.077728810918391,5.612791624635839,5.612791624635839,5.612791624635839,5.644615124655367,5.644615124655367,6.438496448250419,6.438496448250419,8.584962774702255,8.598750570492312,8.598750570492312,9.22432940317616,9.228967372826732,9.228967372826732,9.247627114856991,-0.011367993642092447,0.2805763067247776,0.12634029313637796,-0.12212177835261452,2.124887751539745,2.844023885112492,0.3581175156986143,0.02400249647236332,0.8629032454846465,0.02067855959096794,1.1866102065515647,0.04429788605782162,1.5751112003523249,-0.19436893416958623,-0.4122875801821067,-0.5495511623218583,-0.36501167345947627,0.17064978555156018,0.1626183133343801,-0.8116437801442853,-0.5271975394473147,0.2380618122779448,0.025969465066029214,0.011988797881896199,-0.07743039443070018,-0.09974310591805684,-0.5629167130560291,0.2406125201952511,-1.515888496354846,0.9821926975178984,0.4572282116188584,-0.5888241374011688,0.42984348572592457,0.15223480885093643,-0.812813697555032,0.3209204591018669,-0.9080055652242226,0.5973457767996713,-0.5503333068672268,-0.832092271046118,-0.2974531584616918,0.3297833433656586,-0.5930876416635872,-1.4798260549430817,-0.3769966961735072,0.6618607308944895,0.27707269038267396,1.0353017609057011,-0.8577442934514035,-0.092776165826679,-0.7416202563867366,0.8630648144031882,1.5699070186998125,0.5585072016998799,0.10732475433998669,-0.4402016601024694,0.3041410265676522,0.048319938304368246,-0.9932613664868291,-0.6771821710446293,-0.2413736305388627,1.6532377752860372,0.024075763264737628,0.02932614861910457,-0.3543095825706558,1.37356174514535,-0.5569509113897275,1.391509822249321,-0.6327980520207995,1.40256857179323,0.6617477094777874,-0.9036355309664488,0.27040853864411285,1.3395336409228171,0.2135982620873365,1.3091561074009717,1.072632721341434,-0.4915871633686455,0.2442877820194917,-0.03630565138160343,1.896719187239078,1.0123563550455228,0.7400285637231102,0.11936833793830265,0.009990771886953867,0.025197343530217808,-0.17288619735600508,-0.4502585430171949,0.5017443060326248,1.264048889497922,0.5707400316470277,0.043307465541521865,1.5687989943678236,1.7995390845064496,-0.36476033791119417,1.5581932455099121,1.5426627559605737,-0.7155015806036918,-0.03377537678840259,1.9007959551394231,3.207519823335789,1.5344389306734287,0.19246066395020112,0.7422540150747354,-0.6050142040879631,0.0511048587836434,0.24945493515344408,1.9632638933357591,1.0602428422103782,1.328678598105017,0.586548164077247,1.442202557908177,0.005881217940183609,0.33800745755648554,3.153641165830638e-05,-0.1560146461437255,0.4686295074842976,0.002539218370972944,0.37906476864980165,-1.4865344659603643]},"noise_profile":{"status":true,"type":"dephasing","noise_prob":[0.001,0.001,0,0],"noise_on_init_param":{"status":false,"value":0}},"redundant":{"identity_factors":[[0,0,0,0],[1,1,0,0]]},"zne":{"method":"richardson","degree":1,"sampling":"default","data_points":null}},"output":{"data_points":[[4,2,0,0,-7.681834382003585],[12,6,0,0,-6.379351619106705]],"noise_details":[{"identity_factors":[0,0,0,0],"noise_level":[4,2,0,0],"gates_num":[4,1,1,0],"noise_profile":{"status":true,"type":"dephasing","noise_prob":[0.001,0.001,0,0],"noise_on_init_param":{"status":false,"value":0}},"odd_wires":4},{"identity_factors":[1,1,0,0],"noise_level":[12,6,0,0],"gates_num":[12,3,1,0],"noise_profile":{"status":true,"type":"dephasing","noise_prob":[0.001,0.001,0,0],"noise_on_init_param":{"status":false,"value":0}},"odd_wires":4}],"run_time_sec":3.995570182800293},"others":{"observable_string":"1 X 0 X 1 + 1 Z 0 + 1 X 1 X 2 + 1 Z 1 + 1 X 2 X 3 + 1 Z 2 + 1 X 3 X 4 + 1 Z 3 + 1 X 4 X 5 + 1 Z 4 + 1 X 5 X 6 + 1 Z 5 + 1 Z 6","time_evolution_gate_hamiltonian_string":["0.5 X 0 X 1 + 0.5 Z 0 Z 1 + 0.5 X 1 X 2 + 0.5 Z 1 Z 2 + 0.5 X 2 X 3 + 0.5 Z 2 Z 3 + 0.5 X 3 X 4 + 0.5 Z 3 Z 4 + 0.5 X 4 X 5 + 0.5 Z 4 Z 5 + 0.5 X 5 X 6 + 0.5 Z 5 Z 6"]}}