{"config":{"run":"redundant","nqubits":7,"state":"dmatrix","output":{"file_name_prefix":"AUTOMATE_xy_dephasing_sample#9","draw":{"status":false,"fig_dpi":100,"type":"png"}},"observable":{"def":"ising","coefficients":{"cn":[0.5,0.5,0.5,0.5,0.5,0.5],"bn":[1.0,1.0,1.0,1.0,1.0,1.0,1.0],"r":1}},"ansatz":{"layer":30,"gateset":1,"ugate":{"type":"xy-iss","coefficients":{"cn":[0.5,0.5,0.5,0.5,0.5,0.5],"bn":[0,0,0,0,0,0,0],"r":0},"time":{"min":0.0,"max":10.0}}},"vqe":{"iteration":1,"optimization":{"status":false,"algorithm":"SLSQP","constraint":false}},"init_param":{"value":[-6.56022700225906e-17,0.10084924650583206,0.10084924650583213,0.10084924650583202,0.1008492465058321,0.10084924650583213,0.5318171170434117,0.5318171170434117,0.7868298787270421,0.9089365750083099,1.481796129677701,1.6557581806460864,1.6927356335001362,1.868452755500665,1.941442873336753,4.095207992323872,4.946301643204095,4.946301643204095,5.475289573077279,5.476127456232911,5.567721860555093,5.567721860555093,7.175694010075237,7.228604969473234,8.198336440685702,8.595950272842874,8.968930083584915,9.256102216352884,9.560147711005325,9.560147711005325,0.11517472142110216,0.19670205818449873,0.11197790100907914,0.11669412663269305,-0.057649840614137256,2.634792718167185,-0.08764458686276812,-0.011295094048532479,0.012641547430687653,0.4453007507295756,0.08553975238515475,0.4779342732412697,0.11618576728431525,1.9482315981231804,0.14206492782862506,0.7123833191890725,-0.22612260077363056,1.0893713588725875,-0.25704136474552747,-0.07726600360877511,0.28867202719978746,0.5054293243598164,0.33281727312836096,1.0095761092975297,1.9280150536496428,-0.31956112749766696,0.19528266606669453,-1.1460477772197046,0.8350421708744633,-0.07206871373250766,0.8956972474290206,0.029290161864631015,0.42073078557430393,0.1210899344486594,2.0348591020873004,-0.1834824182575811,-0.13025085770113148,-0.4847051932913342,0.13776083445316778,-1.1965832531264256,0.03585467779359533,0.2602784159118963,0.1711767010827251,0.4011177567883969,-0.0058186544833890306,0.5280138046862863,-0.14940759078409038,1.031424832734717,-0.19170832264823195,0.7745750201125902,-0.2211020944497826,0.7955471457206331,-0.607989555156172,-0.9003134814483332,1.8976756278822848,0.9579973504060346,0.2117902379966149,2.058060876800498,0.8975630056062712,0.5385778675507112,-0.1698842561590782,-1.5736653373165477,0.19227721645510618,-1.58100378003541,-0.4762395540770409,-3.2440306388247757,-0.08411175215521195,-0.28115986315662994,1.0585091159891742,1.7815483939946077,0.22588801152838195,-0.027382161630519992,-1.1779953824014802,0.03504346940207639,-1.4171174913997877,-0.21727385008042516,0.5444055044947613,2.4120332086383844,-0.7592305557087494,-0.017681841870521752,-0.46279653657132946,-0.009072182608382265,-1.680958560476037,0.38447376575807424,-0.05747998819554363,0.8074030045701258,0.7066777346818705,-0.009577340233498625,0.6171685597796045,-0.2353256685727853,1.5770966226185936,-2.6050230519657553,0.6533962070564981,-0.19299098943980877,0.3596974039913857,-0.016034072533363083,-0.22146966690691897,0.05847321233672583,-1.365621144817906,0.11799082435276247,0.0881584165259233,2.5362574833232197,1.7832933238201414,1.8534523893952166,-0.2493816638741878,-0.3781044808198303,0.23507496757223523,1.60538336846447,1.3635345951147746,-0.49250010139091466,-0.2564575518825564,1.0203764603071956,1.3356023268350548,-0.07453440741224429,1.9432934673004079,0.05699493088962259,1.2305270406207827,1.5243949751402575,2.133452310370343,-0.18544585615716846]},"noise_profile":{"status":true,"type":"dephasing","noise_prob":[0.001,0.001,0,0],"noise_on_init_param":{"status":false,"value":0}},"redundant":{"identity_factors":[[0,0,0,0],[1,1,0,0]]},"zne":{"method":"richardson","degree":1,"sampling":"default","data_points":null}},"output":{"data_points":[[4,2,0,0,-7.551309292745866],[12,6,0,0,-6.376257839548555]],"noise_details":[{"identity_factors":[0,0,0,0],"noise_level":[4,2,0,0],"gates_num":[4,1,1,0],"noise_profile":{"status":true,"type":"dephasing","noise_prob":[0.001,0.001,0,0],"noise_on_init_param":{"status":false,"value":0}},"odd_wires":4},{"identity_factors":[1,1,0,0],"noise_level":[12,6,0,0],"gates_num":[12,3,1,0],"noise_profile":{"status":true,"type":"dephasing","noise_prob":[0.001,0.001,0,0],"noise_on_init_param":{"status":false,"value":0}},"odd_wires":4}],"run_time_sec":3.533470630645752},"others":{"observable_string":"1 X 0 X 1 + 1 Z 0 + 1 X 1 X 2 + 1 Z 1 + 1 X 2 X 3 + 1 Z 2 + 1 X 3 X 4 + 1 Z 3 + 1 X 4 X 5 + 1 Z 4 + 1 X 5 X 6 + 1 Z 5 + 1 Z 6","time_evolution_gate_hamiltonian_string":["0.5 X 0 X 1 + 0.5 Z 0 Z 1 + 0.5 X 1 X 2 + 0.5 Z 1 Z 2 + 0.5 X 2 X 3 + 0.5 Z 2 Z 3 + 0.5 X 3 X 4 + 0.5 Z 3 Z 4 + 0.5 X 4 X 5 + 0.5 Z 4 Z 5 + 0.5 X 5 X 6 + 0.5 Z 5 Z 6"]}}