{"config":{"run":"zne","nqubits":7,"state":"dmatrix","output":{"file_name_prefix":"AUTOMATE_xy_dephasing_sample#7","draw":{"status":false,"fig_dpi":100,"type":"png"}},"observable":{"def":"ising","coefficients":{"cn":[0.5,0.5,0.5,0.5,0.5,0.5],"bn":[1.0,1.0,1.0,1.0,1.0,1.0,1.0],"r":1}},"ansatz":{"layer":30,"gateset":1,"ugate":{"type":"xy-iss","coefficients":{"cn":[0.5,0.5,0.5,0.5,0.5,0.5],"bn":[0,0,0,0,0,0,0],"r":0},"time":{"min":0.0,"max":10.0}}},"vqe":{"iteration":1,"optimization":{"status":false,"algorithm":"SLSQP","constraint":false}},"init_param":{"value":[0.46933351893146263,0.9632974145149867,1.0634675487516378,1.2272074250707723,1.599524768067194,1.7238431636459253,2.236413226416423,2.539381573085402,2.8758652288240096,2.8939398751262533,3.5137599722590993,3.805990736462763,4.252162748029396,4.400122716002166,4.471776376276632,4.593974761587434,4.833386405495213,5.158515528806995,6.730921374256042,6.730921520674685,6.8892712294841205,6.8892712323996275,6.889304899889325,6.889314446621153,7.1665816928346855,9.222689285161088,9.222689454903811,11.14843259675076,11.14894805929131,11.964454546510773,0.17637283384637967,0.28278156821029665,0.05336368579633061,0.736895116492265,-0.255513993074283,0.29102056060469245,0.1692656300039466,1.890022818915953,0.15959394744073108,1.359867310905933,-0.39979904277156153,0.12218630002234677,0.302349975718219,-1.589433307517103,-0.1822383885008171,-0.4701069111680443,0.13708217517505095,-0.8202232476568747,0.281510402691977,0.2789157012455815,-0.22015377495193386,0.8116233939404224,0.6586537524215895,-0.4902938727025804,-0.014283664640741812,1.4564292873784528,1.6814911743877332,1.1424975259533248,0.6459075623581928,0.5240348081630867,0.05144143372679373,-2.5529303407298145,1.7150699687309543,1.744746917215097,0.7864737053926838,-0.5681503813749271,-0.3264662208162853,-0.024641750119711894,0.052597995450464945,0.24202457673715558,-0.245456483404541,-0.09787044972393123,1.096177574150963,-0.7786642041448213,-0.17528980148298606,-0.6798992031331191,0.09826865579438972,1.8274646480921262,0.32990362265915685,-0.48614694177679163,-0.9147350722366331,-0.13501405217348247,-0.025319721110484583,1.5027745918102737,0.014819690755393636,-1.3994564741997784,-0.13890064099366875,1.2140304027428765,-2.4403180638799213,-1.040638525702757,1.108664947409552,1.0391797014972766,0.24958553030201877,1.4842534340826197,-0.055229303209681196,0.6898071608084727,-0.6579676988621742,0.44626876814237865,0.5520188022701268,-1.1173808883575196,-0.12244552714670509,1.7861103255386415,-0.01112849635957939,-0.14664850150131176,-0.5513400022265934,0.6092619144458258,0.14209966715473452,1.1358485674920824,1.1035526136402352,0.13455685126567715,-0.5433355200951985,0.0009363870428808342,-0.32311870413999894,-0.06620627550386124,-1.4747175101406813,1.7001409368973788,1.3491526974216244,0.3250716742717771,0.17398245763110184,0.3890316154990571,0.32396478135010576,-0.6648491284365432,-0.16548939530219944,0.796738177688015,0.5664630190423668,3.196443569079409,0.0263645685871544,1.8660196675831882,-0.9419964136751651,0.8909114691867372,2.3743154672184814,-0.017563751971671236,0.13086026826847943,2.770616669649962,1.9466086992379206,0.5183174023796879,0.8931937830815665,0.030252526399276693,0.45151394994032096,0.05416122944471675,1.6211251254014831,1.0180365176372097,0.4559164596712447,-0.4862847008134772,0.4102386752469872,0.004876580138137728,1.0257891464482822,1.5183043016393774,1.674955154318184,1.5443552862885077]},"noise_profile":{"status":true,"type":"dephasing","noise_prob":[0.001,0.001,0,0],"noise_on_init_param":{"status":false,"value":0}},"redundant":{"identity_factors":[[0,0,0,0],[1,1,0,0]]},"zne":{"method":"richardson","degree":1,"sampling":"default","data_points":[[4,2,0,0,-7.650069588064276],[12,6,0,0,-6.310091959540422]]}},"output":{"exact_sol":-8.566772233505624,"zne_values":{"degree":1,"sampling":"default","sampled data":[[4,2,0,0,-7.650069588064276],[12,6,0,0,-6.310091959540422]],"extrapolated_value":-8.320058402326202,"others":{"sorted_noise":[6,18],"sorted_expectation_vals":[-7.650069588064276,-6.310091959540422],"beta_coeffiecients":[1.5,-0.5],"cost_richardson_zne":2.5}},"run_time_sec":3.5762786865234375e-05}}