{"config":{"run":"redundant","nqubits":7,"state":"dmatrix","output":{"file_name_prefix":"AUTOMATE_xy_dephasing_sample#10","draw":{"status":false,"fig_dpi":100,"type":"png"}},"observable":{"def":"ising","coefficients":{"cn":[0.5,0.5,0.5,0.5,0.5,0.5],"bn":[1.0,1.0,1.0,1.0,1.0,1.0,1.0],"r":1}},"ansatz":{"layer":30,"gateset":1,"ugate":{"type":"xy-iss","coefficients":{"cn":[0.5,0.5,0.5,0.5,0.5,0.5],"bn":[0,0,0,0,0,0,0],"r":0},"time":{"min":0.0,"max":10.0}}},"vqe":{"iteration":1,"optimization":{"status":false,"algorithm":"SLSQP","constraint":false}},"init_param":{"value":[0.1492026863577776,0.7037340070973153,0.7073795730896719,0.7530053168570331,0.7723457192485839,0.916976597372656,1.0743051641401153,1.4135558168223648,1.8101017237407933,1.8484146184861783,3.0420204234476924,3.0420204234476924,4.027554281781774,4.098253716175511,4.098253716175511,6.518743669571313,6.523160011679913,7.502863031286467,7.502863031286467,7.7334480772374095,7.834857751615656,7.834857751615656,7.8620213801764915,8.595049767712073,8.595049767712073,10.133326051267806,10.141979769171092,10.159331719081939,10.159331719081939,12.667518517932162,-0.5647918143549344,-0.007405660815395619,-0.027435470972903307,-0.06017844911228897,0.5006221270779286,0.11899195896909609,0.278646663536701,-2.1298266555562186,-0.24102405110024122,0.8181180550430316,0.21978252290274639,-1.451362308348215,-0.11920859439669752,-0.3264390860413363,0.20314539264106027,0.4425158511966216,-0.11511498347681227,-0.24648935867589378,-0.019779950121587606,-0.569760922672265,-0.18906581932454997,0.2971350985245368,-0.7819750020875939,0.36042815486936214,-0.2510476555611511,-0.11876498391000002,1.9299118358513585,0.15267173323634264,-0.12743695094982638,0.6701110312529741,0.18230222332711463,0.19017036047586833,-2.1169040294748664,0.12815922514407074,2.6421172942695432,-0.11774125795085798,-0.15684676178430534,0.35770556042740476,-0.05538677195152682,-0.23345320528090846,1.5707045061433684,-0.06551295383865743,0.868960910341754,-2.354082283204063,-1.5341953740886165,-0.641941864877014,1.658307730963361,0.028085703312060974,-0.023483639348069,1.587918103466722,0.12136510410331208,-1.5819525894232334,-1.0842623611150641,-4.1708789048746156e-05,0.3727448803459402,-0.3087875946713906,0.03411050396157805,0.09499255558890286,0.43996661813886495,0.01160267382027678,-0.9576564093110239,0.04650273410855611,0.19446062474167747,0.8949994159614302,0.5256248239575271,-0.1455907126486033,-0.36621163304460724,-0.02664289732518753,-0.24677179587226966,0.08699363417746234,0.8322542631120566,-0.10145774139230201,-0.14654652494016687,1.0244933239908598,-0.36041902666478315,0.2732383856668388,-0.1427092529225664,-0.3698090387556312,-0.04458045033749176,-1.7818603750953468,-0.5203689013232581,0.1903356056162211,1.042052381398453,1.0700648333176719,0.17488051394411808,0.7618576897833819,0.09371261629027912,0.016822608473850746,-1.8416293632955287,0.2308274536424012,0.8098637197876152,-1.5410970270754003,1.9128938199647953,-0.16864067376649927,1.0266480886096885,0.5256562121257211,-0.6091923956510015,-1.09591595549233,1.3625780817988002,0.04858929577538279,1.848611574174002,1.9567585477925467,2.1527389426354637,0.1262053504842852,0.22654991433706015,-0.9119009216366687,-0.09025382352039098,-0.4399419524266829,-0.6923705896832508,1.0497463770101365,2.1744071723752234,1.3235192658840313,0.1616212321533676,-0.6571110763224498,1.815852760667982,-0.29549917847340523,-0.33974290052978007,1.5574593640888348,-0.3227520706000086,1.5813198083978701]},"noise_profile":{"status":true,"type":"dephasing","noise_prob":[0.001,0.001,0,0],"noise_on_init_param":{"status":false,"value":0}},"redundant":{"identity_factors":[[0,0,0,0],[1,1,0,0]]},"zne":{"method":"richardson","degree":1,"sampling":"default","data_points":null}},"output":{"data_points":[[4,2,0,0,-7.750092451425386],[12,6,0,0,-6.546362481178157]],"noise_details":[{"identity_factors":[0,0,0,0],"noise_level":[4,2,0,0],"gates_num":[4,1,1,0],"noise_profile":{"status":true,"type":"dephasing","noise_prob":[0.001,0.001,0,0],"noise_on_init_param":{"status":false,"value":0}},"odd_wires":4},{"identity_factors":[1,1,0,0],"noise_level":[12,6,0,0],"gates_num":[12,3,1,0],"noise_profile":{"status":true,"type":"dephasing","noise_prob":[0.001,0.001,0,0],"noise_on_init_param":{"status":false,"value":0}},"odd_wires":4}],"run_time_sec":3.859715700149536},"others":{"observable_string":"1 X 0 X 1 + 1 Z 0 + 1 X 1 X 2 + 1 Z 1 + 1 X 2 X 3 + 1 Z 2 + 1 X 3 X 4 + 1 Z 3 + 1 X 4 X 5 + 1 Z 4 + 1 X 5 X 6 + 1 Z 5 + 1 Z 6","time_evolution_gate_hamiltonian_string":["0.5 X 0 X 1 + 0.5 Z 0 Z 1 + 0.5 X 1 X 2 + 0.5 Z 1 Z 2 + 0.5 X 2 X 3 + 0.5 Z 2 Z 3 + 0.5 X 3 X 4 + 0.5 Z 3 Z 4 + 0.5 X 4 X 5 + 0.5 Z 4 Z 5 + 0.5 X 5 X 6 + 0.5 Z 5 Z 6"]}}