{"config":{"run":"redundant","nqubits":7,"state":"dmatrix","output":{"file_name_prefix":"AUTOMATE_xy_dephasing_sample#8","draw":{"status":false,"fig_dpi":100,"type":"png"}},"observable":{"def":"ising","coefficients":{"cn":[0.5,0.5,0.5,0.5,0.5,0.5],"bn":[1.0,1.0,1.0,1.0,1.0,1.0,1.0],"r":1}},"ansatz":{"layer":30,"gateset":1,"ugate":{"type":"xy-iss","coefficients":{"cn":[0.5,0.5,0.5,0.5,0.5,0.5],"bn":[0,0,0,0,0,0,0],"r":0},"time":{"min":0.0,"max":10.0}}},"vqe":{"iteration":1,"optimization":{"status":false,"algorithm":"SLSQP","constraint":false}},"init_param":{"value":[1.695868609703338e-17,0.44683226403676674,0.6185493525682572,0.8058328754293431,0.9140038963264724,1.3780940773620922,1.378094077362092,2.3266369174919888,2.342633489576835,3.096106191646115,3.096106191646115,3.651877127282708,3.6518771272827086,5.654749346020108,5.654749346020108,5.654749346020108,5.817737695885458,5.817737695885458,5.817737695885458,7.520834438759882,8.278530339607412,8.278530339607412,8.436810905842352,8.436810905842352,8.436810905842352,8.436810905842352,8.441184946908894,9.85593679391511,9.85930787699385,9.94449830222983,0.3318990607262457,-0.01115161103784339,0.07057389654764055,-0.0190031605580136,-0.29579782050698,0.06723070451129494,0.038433226451295696,-1.7260027268567202,0.1620403159759569,0.1184942173259272,0.042176102185003964,1.5151628687222214,0.07682125261327923,-0.5226531928418484,-0.06744028702233551,0.4879433848986412,-0.32209759290214,1.4319056599285278,0.07432781611669594,0.9220869309378601,-0.5616801573154461,-0.13330492082627565,-0.6931135996623383,0.3338839077460456,0.10668853679949246,-0.278423458967632,-0.347894888335968,0.24188026502062823,-1.6551664702899127,0.008656528110993017,-1.3173810526111236,0.9247740761769703,1.4277053617581392,1.1897037716537118,0.7205664977261345,0.0851180446434676,-1.2850141798792527,-0.0023458004287802135,0.27485224679072195,-0.541428791685121,-0.413809507651552,0.8557708173543596,-0.1625310257300045,0.05373596832788002,-1.2740109191382227,-0.018801110694912485,-0.4993008481436802,0.2465549126414688,0.013109970779714732,-0.34670917429503145,-0.5030912392029459,-0.015288355749018084,0.09155803527195211,-0.32650980996136425,0.20102409851972317,-1.0380849268009424,-0.11104578829717748,-0.46538958169013533,-0.48988960918959823,-0.35019836146944855,2.8353093293927296,-1.674991464087653,-0.002875673214807353,1.9212577933321526,-0.21914491222441704,1.1261252689327712,-1.475918862711128,-1.1855861417012412,0.18671514762311264,0.511536815576481,-1.608652982982736,0.38523010192954527,-0.8367680011698096,1.5800496727374251,-0.16778268227564905,-0.9593985337036242,-0.1336377084146452,1.6054259131633162,-1.8862084125138368,1.568026035369872,-1.4014784674217888,0.9504191547920399,-0.15874548786254755,-1.1658758141963732,-0.14707891165382833,1.1586506287926375,-1.143014676843924,0.7684858431018892,-0.1637741162214036,1.4990316210365562,-0.4606620794390685,-0.16636313962007815,0.3882523568338244,1.7675119491769173,0.163112267724166,-0.33314026660109447,0.24122862318083296,-1.3104567220018997,0.26393891655232005,-1.2741056268972786,-0.6808139759408272,-0.2149396330079304,0.39713396238300974,0.4613794834886778,-0.6285119657366628,-1.9065265262560407,0.6372621110674157,-2.063206879864122,0.00490712492039486,2.593640596915724,0.17529820973034793,0.4458277681119205,-0.03233561533505378,-0.7105084275425722,0.039668836964527575,-0.16202509481208688,0.47743384135458855,-1.0316646176026154,2.947657068040262,1.3888134585173273]},"noise_profile":{"status":true,"type":"dephasing","noise_prob":[0.001,0.001,0,0],"noise_on_init_param":{"status":false,"value":0}},"redundant":{"identity_factors":[[0,0,0,0],[1,1,0,0]]},"zne":{"method":"richardson","degree":1,"sampling":"default","data_points":null}},"output":{"data_points":[[4,2,0,0,-7.551443280577012],[12,6,0,0,-6.220263633785336]],"noise_details":[{"identity_factors":[0,0,0,0],"noise_level":[4,2,0,0],"gates_num":[4,1,1,0],"noise_profile":{"status":true,"type":"dephasing","noise_prob":[0.001,0.001,0,0],"noise_on_init_param":{"status":false,"value":0}},"odd_wires":4},{"identity_factors":[1,1,0,0],"noise_level":[12,6,0,0],"gates_num":[12,3,1,0],"noise_profile":{"status":true,"type":"dephasing","noise_prob":[0.001,0.001,0,0],"noise_on_init_param":{"status":false,"value":0}},"odd_wires":4}],"run_time_sec":4.837942838668823},"others":{"observable_string":"1 X 0 X 1 + 1 Z 0 + 1 X 1 X 2 + 1 Z 1 + 1 X 2 X 3 + 1 Z 2 + 1 X 3 X 4 + 1 Z 3 + 1 X 4 X 5 + 1 Z 4 + 1 X 5 X 6 + 1 Z 5 + 1 Z 6","time_evolution_gate_hamiltonian_string":["0.5 X 0 X 1 + 0.5 Z 0 Z 1 + 0.5 X 1 X 2 + 0.5 Z 1 Z 2 + 0.5 X 2 X 3 + 0.5 Z 2 Z 3 + 0.5 X 3 X 4 + 0.5 Z 3 Z 4 + 0.5 X 4 X 5 + 0.5 Z 4 Z 5 + 0.5 X 5 X 6 + 0.5 Z 5 Z 6"]}}