{"config":{"run":"zne","nqubits":7,"state":"dmatrix","output":{"file_name_prefix":"AUTOMATE_xy_dephasing_sample#6","draw":{"status":false,"fig_dpi":100,"type":"png"}},"observable":{"def":"ising","coefficients":{"cn":[0.5,0.5,0.5,0.5,0.5,0.5],"bn":[1.0,1.0,1.0,1.0,1.0,1.0,1.0],"r":1}},"ansatz":{"layer":30,"gateset":1,"ugate":{"type":"xy-iss","coefficients":{"cn":[0.5,0.5,0.5,0.5,0.5,0.5],"bn":[0,0,0,0,0,0,0],"r":0},"time":{"min":0.0,"max":10.0}}},"vqe":{"iteration":1,"optimization":{"status":false,"algorithm":"SLSQP","constraint":false}},"init_param":{"value":[0.42390349106515607,1.536212684120085,2.0209433580607996,2.370046771796729,2.7188265471472883,2.718826547147288,2.738763964962736,2.9756901459550478,3.7023546118286674,3.702354611828667,5.119039843220278,5.134603563954437,5.134603563954437,5.203482149621053,5.203482149621053,7.416675311587398,7.607297455305011,7.676537246509438,7.676537246509438,8.62807259063143,8.62807259063143,8.659199117512385,8.659199117512385,8.95209092491497,8.95209092491497,9.117247777949713,9.124492695648316,9.145916497296785,9.388491129141391,9.388491129141391,0.02682840414194943,0.14864255527335674,-1.4953873514712985,0.018629946348897558,0.6817091031424539,0.11920772144870792,-1.5019602075009528,-0.06992011324877824,0.4490702058755572,0.3939470999144135,0.398346726264343,-0.693146099115214,-0.21052082395896776,-1.683107147842409,-0.1888952986949438,-0.0437279506336481,0.2277512001008816,-0.22090987307105553,-0.04319242923491314,-1.1779018298612205,-0.09627848015143577,-0.656458654545191,-0.17172591360555567,-0.80186247376081,0.011601017826404748,-0.011307338853086739,-0.14676892964556765,-0.009110207139245534,0.5324090046113916,0.0019736376460767623,0.9705071507408984,-0.18832913623489403,1.3470580125874634,0.13477014822893088,-1.7176094589565236,0.5852959696291908,-0.21593740674320874,-1.0451529682875396,0.4532900139305565,-0.09040574563364372,0.781005241056041,-0.10687027171485018,-0.9840736227472978,0.11699295222978741,0.7946023929076133,2.2116196676097775,0.6286543572796641,1.188274204771736,0.13852523488635207,-0.20196102299318522,-0.3864977736043381,-0.7553845257213812,-1.2241718515019342,-2.3178383478888684,-0.24471456280927759,0.9791695140444475,-0.12920071077432144,-0.9961656297908449,1.6161711991750183,-1.0044067224231719,0.9987131843836169,0.2524625937965787,-0.22573884812781858,0.30908253651066064,0.18780361595107214,-0.8848949577035732,-0.102367399305086,-0.48812464496961006,0.5102875433413709,0.6304745588231689,0.09310959369154609,-0.16863072403145768,-0.08982104184480602,1.017774879046328,-0.5659601495682679,-0.9337460543496268,0.4237863158901531,0.6361838436184164,-1.1574369102674094,0.9229415737940486,-0.37128735964453524,-0.10694993856483984,-0.12472435451112784,0.32525032214792615,1.5902631758961467,0.4152768868593902,-0.7468559435556025,-0.6940146694357453,0.13019580966118838,-1.0411989440630118,0.43004044360662325,-0.9233736062567155,0.6985432406688347,0.5120772863567213,0.6377486446569033,0.27464620821437824,0.456873255581824,1.0323486912585447,-1.7018433704640075,-0.2313203838890038,1.3388309242107446,0.07580090329005401,-0.16310948709788292,-0.8364903196750357,0.6850525655726609,-0.5266067021814006,-0.2646469791611853,-0.6292209307841272,-0.03452633930568865,-0.6916590892919918,0.2564341212746646,0.4377380213262642,0.3072758563895923,-0.7859368886612879,0.5316427546496794,0.6894118399548504,-0.26682375453322454,-1.2674219843286945,-0.41015213945626033,-0.5778998923976126]},"noise_profile":{"status":true,"type":"dephasing","noise_prob":[0.001,0.001,0,0],"noise_on_init_param":{"status":false,"value":0}},"redundant":{"identity_factors":[[0,0,0,0],[1,1,0,0]]},"zne":{"method":"richardson","degree":1,"sampling":"default","data_points":[[4,2,0,0,-7.48201110014047],[12,6,0,0,-6.075401947805137]]}},"output":{"exact_sol":-8.566772233505624,"zne_values":{"degree":1,"sampling":"default","sampled data":[[4,2,0,0,-7.48201110014047],[12,6,0,0,-6.075401947805137]],"extrapolated_value":-8.185315676308138,"others":{"sorted_noise":[6,18],"sorted_expectation_vals":[-7.48201110014047,-6.075401947805137],"beta_coeffiecients":[1.5,-0.5],"cost_richardson_zne":2.5}},"run_time_sec":3.600120544433594e-05}}