{"config":{"run":"redundant","nqubits":7,"state":"dmatrix","output":{"file_name_prefix":"AUTOMATE_xy_dephasing_sample#4","draw":{"status":false,"fig_dpi":100,"type":"png"}},"observable":{"def":"ising","coefficients":{"cn":[0.5,0.5,0.5,0.5,0.5,0.5],"bn":[1.0,1.0,1.0,1.0,1.0,1.0,1.0],"r":1}},"ansatz":{"layer":30,"gateset":1,"ugate":{"type":"xy-iss","coefficients":{"cn":[0.5,0.5,0.5,0.5,0.5,0.5],"bn":[0,0,0,0,0,0,0],"r":0},"time":{"min":0.0,"max":10.0}}},"vqe":{"iteration":1,"optimization":{"status":false,"algorithm":"SLSQP","constraint":false}},"init_param":{"value":[-6.064990090316177e-17,0.22885816200224038,1.081174285479009,1.081174285479009,1.4391826157823995,1.439628848881447,1.855528700351101,1.915255465363272,2.0861185905178066,3.2707898952199046,3.2707898952199046,4.700513042081523,4.7540580859487225,5.134702588791223,5.30349596683467,5.417594731725947,5.883844607032503,5.885632478297522,6.681789553185555,6.830173376210327,7.236022526008399,7.236022526008399,7.237924888110223,7.237924888110223,7.531610817346349,7.564651254447595,8.803450812790086,9.626829066901001,9.626829066901001,12.507237598192791,0.21911859791674818,0.10162010376459388,-0.055404641024844915,0.16104730058285277,-0.11194074018638316,1.3016592327546481,0.8342201845828866,-0.6555511215239097,-0.391736073791464,-0.1716767187872007,-0.1864432686328472,-2.213778647272872,3.0972997236719744,0.4092264928766627,0.05850657969112553,-0.30056789983464594,-0.009273649605216198,2.195498840462951,-0.013324957028485417,-0.37020977289586315,-0.08798524583165462,-0.6505640559572862,-0.1990116223913645,-2.227361955156047,0.502869531748976,-0.2299763111476001,-0.7263068960160864,-1.2314328658603648,-0.06270091061959383,0.40555518860810524,-1.1733364666642485,-2.46417592006505,-1.9808756843197273,1.3947316697752308,-0.36835967442064244,0.9491810286276868,-0.3448783400835088,0.08668888503535839,1.1407433249897319,-0.8387645756548618,0.17223876749939718,1.0894862335366071,0.05662043854514669,0.038129483155285145,0.2889175044259099,0.24569580266023838,-0.20034353593794196,-0.8807977642636349,-1.54575439044524,-0.7657396785721483,-0.4040831840873033,0.5944991813606557,-0.47752097402191407,0.36717179262959965,-0.5905288323320479,-1.2365854460150492,-0.3183250323503224,-0.7031716573418337,1.4670340665749038,-0.37164949833736544,1.0371062595434826,-0.668215473426172,-1.0181297840176045,-1.1630589811545506,0.4139208898179621,-0.9306062806227244,1.653763047870963,-1.4817335376855032,0.164392687708586,0.7692981732596657,-0.2912102611182932,-0.7928465061086867,-0.3610562154634741,1.3166352617277965,-1.046467265646496,-1.1855006703908633,-0.17133772301817518,-0.43712923923958824,-0.16934924580595673,-0.16618079889179663,0.5233545287500164,0.5123324770731067,1.379995808482714,0.4306191090286539,-0.3101514838555198,-0.4427900734275547,0.8553136122929805,0.7768054508733255,-1.7675933819237797,-0.09140419868945657,-0.18195498332560386,-0.6413203434603485,-0.3299039588840742,-0.5710074554242733,-0.24884420656752065,0.10940729189250588,0.07536560693813578,0.8989006648668472,0.24300261809620197,-0.7963343606716511,-0.6942008511941586,-1.5919745417581816,0.9319680521247347,0.9343133002170703,0.9348556291741764,-1.4509344309299406,-0.05559480311079174,1.5008996913288641,-0.1614892296339298,0.02890494743844064,-0.2955668605592003,2.076204007711632,0.06578271131522628,-0.24643925007019407,1.0045172555344704,0.0228621923203943,1.1611293133488072,1.535655127256388,0.5926810317854435,1.5186608016184737]},"noise_profile":{"status":true,"type":"dephasing","noise_prob":[0.001,0.001,0,0],"noise_on_init_param":{"status":false,"value":0}},"redundant":{"identity_factors":[[0,0,0,0],[1,1,0,0]]},"zne":{"method":"richardson","degree":1,"sampling":"default","data_points":null}},"output":{"data_points":[[4,2,0,0,-7.398125201641408],[12,6,0,0,-5.978456786911482]],"noise_details":[{"identity_factors":[0,0,0,0],"noise_level":[4,2,0,0],"gates_num":[4,1,1,0],"noise_profile":{"status":true,"type":"dephasing","noise_prob":[0.001,0.001,0,0],"noise_on_init_param":{"status":false,"value":0}},"odd_wires":4},{"identity_factors":[1,1,0,0],"noise_level":[12,6,0,0],"gates_num":[12,3,1,0],"noise_profile":{"status":true,"type":"dephasing","noise_prob":[0.001,0.001,0,0],"noise_on_init_param":{"status":false,"value":0}},"odd_wires":4}],"run_time_sec":2.982245922088623},"others":{"observable_string":"1 X 0 X 1 + 1 Z 0 + 1 X 1 X 2 + 1 Z 1 + 1 X 2 X 3 + 1 Z 2 + 1 X 3 X 4 + 1 Z 3 + 1 X 4 X 5 + 1 Z 4 + 1 X 5 X 6 + 1 Z 5 + 1 Z 6","time_evolution_gate_hamiltonian_string":["0.5 X 0 X 1 + 0.5 Z 0 Z 1 + 0.5 X 1 X 2 + 0.5 Z 1 Z 2 + 0.5 X 2 X 3 + 0.5 Z 2 Z 3 + 0.5 X 3 X 4 + 0.5 Z 3 Z 4 + 0.5 X 4 X 5 + 0.5 Z 4 Z 5 + 0.5 X 5 X 6 + 0.5 Z 5 Z 6"]}}