{"config":{"run":"redundant","nqubits":7,"state":"dmatrix","output":{"file_name_prefix":"AUTOMATE_xy_dephasing_sample#2","draw":{"status":false,"fig_dpi":100,"type":"png"}},"observable":{"def":"ising","coefficients":{"cn":[0.5,0.5,0.5,0.5,0.5,0.5],"bn":[1.0,1.0,1.0,1.0,1.0,1.0,1.0],"r":1}},"ansatz":{"layer":30,"gateset":1,"ugate":{"type":"xy-iss","coefficients":{"cn":[0.5,0.5,0.5,0.5,0.5,0.5],"bn":[0,0,0,0,0,0,0],"r":0},"time":{"min":0.0,"max":10.0}}},"vqe":{"iteration":1,"optimization":{"status":false,"algorithm":"SLSQP","constraint":false}},"init_param":{"value":[0.059085197265592145,0.9372270335595931,1.1021725574238896,1.513458669404795,1.819232179870658,2.3201650843657884,2.4067429646728162,2.434906314786674,2.434906314786674,2.434906314786674,2.6807860395324976,3.113553791982438,3.1135537919824374,4.1222482864551875,4.1222482864551875,4.1222482864551875,4.1222482864551875,5.138631956338125,5.191810013476046,5.191810013476046,5.591310027569386,5.6680100891497425,7.871693502686681,8.356022997545185,8.356022997545185,9.269026461133038,9.291052119055484,9.291052119055484,9.593860685303747,9.593860685303747,0.23250216535798296,-0.08439080519181483,-0.005595462042671221,-0.050415695274947936,-0.2552165483282339,0.11064276058840394,0.17230325678731553,0.02860079917302248,0.07798098765856608,1.3499358458340311,0.23382138150528953,1.4054404689539852,-0.14876948570089443,0.0649701387174022,0.2678590844241849,0.3562913240001735,-0.08411801098282967,0.14038850300227762,-0.12344775197329547,0.28367739173820483,-0.1561375990192984,0.7149539459568445,-0.35840604317600033,1.1774711474350514,0.3736701008480682,0.9854989920192492,-0.03650685073822891,-0.9697147716308153,0.05628816644301206,0.1269585418740402,0.08561024368677289,-0.12682088044263015,-0.03125965587039667,1.1115100780722118,-0.26776523297495813,-1.2606624157314439,-0.28515604574629866,-0.22803034773554146,-0.0018082047052672074,-0.2792956455197345,-0.05125818869438697,-0.06287928618261038,0.055458883560783385,-0.40557641428415725,-0.012892568911167822,0.15388362570807135,0.2576420863417414,-1.3554417269151422,-0.7571211009375426,1.4082938786121229,-0.12304653801373949,1.015736227591896,-0.7572279621055221,-0.44411052404074786,0.6474046495957246,0.6605151262621164,-0.2431259290871713,0.32497245836944477,0.1217802379201727,0.1592939452817497,-1.2225627618137542,0.4204406176124095,1.5549804278983304,0.07286845682565728,-0.046556965195575575,-1.2372294733545366,-0.7921958551012442,-0.23080130007383118,-1.2327613417224919,-0.3862340569373316,-0.519466695757902,-1.2900851500383261,-1.2391066752444972,0.1926078084802403,0.6769596615869647,0.6105248077010205,0.09797819912574739,0.4956594341801884,0.6216504648390422,0.4329787055386269,-0.8065738461077171,0.5592047348045176,-0.5129210617632202,0.13397377324097764,-0.17646781985708795,0.985547807322093,0.2867342734629671,-0.17778563175157774,-1.5559757169483728,1.5925986533081147,0.14746720070462271,1.5541577474400676,1.1691603520731384,-0.010085158750374775,-0.010978510039344308,0.5432431815314563,-0.6957765591843512,-0.8739615640701862,1.1364376061938193,0.029078208603648112,1.6826089932553228,0.1200866280533827,0.8564105651866739,0.4874398373687454,1.125583783134513,-0.9270788430255724,-0.6638815376379191,0.08503345309255371,1.950499285824084,-1.640218374088157,0.6234047117370677,1.5364784711581843,0.835293533950567,-0.16145318951946125,-0.4343743198683098,1.3499828780170198,1.8963336873537495,0.784677275717418,1.0213351041854146,0.10784866505482306]},"noise_profile":{"status":true,"type":"dephasing","noise_prob":[0.001,0.001,0,0],"noise_on_init_param":{"status":false,"value":0}},"redundant":{"identity_factors":[[0,0,0,0],[1,1,0,0]]},"zne":{"method":"richardson","degree":1,"sampling":"default","data_points":null}},"output":{"data_points":[[4,2,0,0,-7.561145144212707],[12,6,0,0,-6.2825261990128825]],"noise_details":[{"identity_factors":[0,0,0,0],"noise_level":[4,2,0,0],"gates_num":[4,1,1,0],"noise_profile":{"status":true,"type":"dephasing","noise_prob":[0.001,0.001,0,0],"noise_on_init_param":{"status":false,"value":0}},"odd_wires":4},{"identity_factors":[1,1,0,0],"noise_level":[12,6,0,0],"gates_num":[12,3,1,0],"noise_profile":{"status":true,"type":"dephasing","noise_prob":[0.001,0.001,0,0],"noise_on_init_param":{"status":false,"value":0}},"odd_wires":4}],"run_time_sec":4.432424068450928},"others":{"observable_string":"1 X 0 X 1 + 1 Z 0 + 1 X 1 X 2 + 1 Z 1 + 1 X 2 X 3 + 1 Z 2 + 1 X 3 X 4 + 1 Z 3 + 1 X 4 X 5 + 1 Z 4 + 1 X 5 X 6 + 1 Z 5 + 1 Z 6","time_evolution_gate_hamiltonian_string":["0.5 X 0 X 1 + 0.5 Z 0 Z 1 + 0.5 X 1 X 2 + 0.5 Z 1 Z 2 + 0.5 X 2 X 3 + 0.5 Z 2 Z 3 + 0.5 X 3 X 4 + 0.5 Z 3 Z 4 + 0.5 X 4 X 5 + 0.5 Z 4 Z 5 + 0.5 X 5 X 6 + 0.5 Z 5 Z 6"]}}