{"config":{"run":"zne","nqubits":7,"state":"dmatrix","output":{"file_name_prefix":"AUTOMATE_xy_dephasing_sample#3","draw":{"status":false,"fig_dpi":100,"type":"png"}},"observable":{"def":"ising","coefficients":{"cn":[0.5,0.5,0.5,0.5,0.5,0.5],"bn":[1.0,1.0,1.0,1.0,1.0,1.0,1.0],"r":1}},"ansatz":{"layer":30,"gateset":1,"ugate":{"type":"xy-iss","coefficients":{"cn":[0.5,0.5,0.5,0.5,0.5,0.5],"bn":[0,0,0,0,0,0,0],"r":0},"time":{"min":0.0,"max":10.0}}},"vqe":{"iteration":1,"optimization":{"status":false,"algorithm":"SLSQP","constraint":false}},"init_param":{"value":[-7.407744333969511e-17,0.8251111476865622,0.8251111476865624,1.3457513175415137,1.8940033724723904,1.8940033724723904,1.8940033724723904,3.680505282075048,3.6805052820750475,4.136066498378757,4.1360664983787565,4.1360664983787565,5.330052079013235,5.336013954849053,6.270689591708111,6.270689591708111,6.270689591708111,6.270689591708111,7.157550234386243,7.222168942523631,7.2517148659028114,8.413154040904422,8.413154040904422,8.413154040904422,8.550473528208526,8.564800088637218,8.564800088637218,9.59569089256565,10.219427138937236,10.219427138937236,-0.0052836493595467375,0.07706766636666823,0.09686687287486324,-0.40523397736992617,-0.06311213665363537,0.2598301699304019,0.06331675101571503,-2.4709999977719317,0.09476632087244627,0.9432571212366374,-0.018069740511326527,0.767660920211364,0.3203643473620234,0.276655224637545,-0.035803471889585006,0.38151880399712257,0.2930239248908471,0.9287101696225321,0.1461434777097749,1.3658232585740164,0.009130274699643665,1.6738611126914205,-0.5546161748654342,-1.748695966879823,-0.606396753392127,0.5653143755084655,-1.3834552520083265,-0.186726586550013,-0.16952751997073656,0.10614360472855817,-2.1570858601838014,-0.4474479744681005,0.3297155945725232,0.7803404224062284,-0.12992913917694082,0.09989513397593525,0.05666729729062163,1.103777766591449,0.18199973267303027,1.9343748115155461,0.05715158438402551,0.4485919465644676,-0.002900439259310019,-1.1515424177942033,0.16039769938538395,-1.0886894519033208,0.014998897350043713,-0.6116171362045583,0.24577287327263164,0.015728993167788974,1.3022849607058513,-0.909093175628725,-0.27972040949943533,1.163962158785528,0.5579719283138393,0.03762405180723925,-1.8261672971561762,0.4718351742598391,0.7543345906517849,-0.9549629776777298,0.6135697850953016,0.3981928900656029,-0.14996396135684195,-0.6493431238635019,0.10636922712023118,0.8033030787843294,0.27363980406584104,-0.7190820781882719,-0.1337988504316565,0.774027742424072,-0.1049226863179141,-1.6074110185778003,0.2523712976000739,1.7055377923879187,0.9348611154023532,0.14114870518943304,-0.06544122324621746,1.4667753155230472,-0.2690577183459819,-0.3859552017911765,0.741574968918057,-2.7619530020689465,0.33296668691688425,-1.42645023720367,1.7972016032774556,0.3596724967884685,-1.600885248169351,0.391787135239435,0.9750827430967296,0.7602933772899788,1.0269137394296086,0.9143557212468021,0.6463674322655915,1.0466087623017277,0.7761116202025683,-1.1998547722213802,1.837511776725872,0.3870848857784336,-0.029889942040790637,0.06539982723514054,1.7931737790610451,0.6048107955807092,0.10153386344703184,1.028902036969063,1.1955258567065044,1.1333774521482687,0.5749425244977506,-2.00536814623959,3.601285387294518,-1.5582294012035431,0.009384363299489485,-1.4439536969387936,0.3649038893005902,-0.007283075692996903,-0.15535358428455126,-0.5214352036709715,1.2880767198944074,1.2606796830999303,1.8285343505838383,-0.014203706901548863]},"noise_profile":{"status":true,"type":"dephasing","noise_prob":[0.001,0.001,0,0],"noise_on_init_param":{"status":false,"value":0}},"redundant":{"identity_factors":[[0,0,0,0],[1,1,0,0]]},"zne":{"method":"richardson","degree":1,"sampling":"default","data_points":[[4,2,0,0,-7.524059775383855],[12,6,0,0,-6.214108580141599]]}},"output":{"exact_sol":-8.566772233505624,"zne_values":{"degree":1,"sampling":"default","sampled data":[[4,2,0,0,-7.524059775383855],[12,6,0,0,-6.214108580141599]],"extrapolated_value":-8.179035373004984,"others":{"sorted_noise":[6,18],"sorted_expectation_vals":[-7.524059775383855,-6.214108580141599],"beta_coeffiecients":[1.5,-0.5],"cost_richardson_zne":2.5}},"run_time_sec":2.1457672119140625e-05}}