{"Config":{"run":"zne","nqubits":7,"state":"dmatrix","observable":{"def":"ising","coefficients":{"cn":[0.5,0.5,0.5,0.5,0.5,0.5],"bn":[1.0,1.0,1.0,1.0,1.0,1.0,1.0],"r":1}},"output":{"file_name_prefix":"expe2_ideal_unitary_#8","fig_dpi":100},"vqe":{"optimization":{"status":false,"algorithm":"SLSQP","iteration":10,"constraint":false},"ansatz":{"draw":false,"type":"xy","layer":30,"gateset":1,"ugate":{"coefficients":{"cn":[0.5,0.5,0.5,0.5,0.5,0.5],"bn":[0,0,0,0,0,0,0],"r":0},"time":{"min":0.0,"max":10.0}},"noise":{"status":true,"value":[0.001,0.001,0,0]},"init_param":[1.2653081337619698,-0.35795209336300515,-0.3566409177108433,1.4146390237137325,1.0826479634087742,1.8325358253588602,0.693856536549526,2.3057474395750908,1.302705422999506,2.707093088563012,2.835742294347261,2.1228723691239106,2.5039351294540033,2.029763313312696,3.0480663896787963,1.6055263766338483,3.5463987150685754,2.4430907202178225,3.825385485503534,3.4271239459916076,4.208835026331546,5.030098529517641,5.216715523919311,6.740167264946464,6.548934044207506,5.972482265579079,6.319060588255855,5.826631378688782,8.595569036240255,10.34729345558717,1.0195764580292161,0.5134463328487457,1.8784892817168721,-0.24969857695165582,-0.30127359794370995,-0.00014608777889617633,-0.21179746160016324,-0.25534940380452376,0.2810476801130894,0.5797666932931507,-0.4359541476769564,-0.19914098212164186,-0.9791346137398875,1.012367501754113,0.5678623247483079,0.7376736640611432,-0.7988372013073125,-0.32920583967196076,0.4807863011608876,1.1913681702997319,0.9940479127700346,1.3878033541953259,-0.5102953676398709,-0.5797620499192435,0.16276264987746236,1.04443742490857,0.0697479206536109,-0.8788805040535131,0.48617269237508426,-0.462185005696605,0.3271163023615073,0.5111169720876562,-1.234790244907406,-0.6872923483583191,-0.4198544151216797,-0.9194573173621368,-0.19111732742097234,0.5348522369181118,0.6178890496052427,1.090098380415398,0.26490035379458576,0.06714032869008636,0.5655133432421524,0.34315331227051965,-0.0387796137286545,0.6437179244095103,-0.32057328901612303,-1.2266536077949526,-0.40302480507693733,0.9947092956075341,-3.121326897991207,0.4342719191705279,0.571351785406271,0.39495149001202,0.560173332453625,0.15852012952406164,1.1299182555392207,1.2810752361897444,0.28440488116548374,0.5025776467137187,-0.7603535201730753,1.346033449359346,-0.35079815121069335,-0.5537985626009498,0.6376547446912878,2.0349377967528626,-1.6480530993708347,0.02371048093687882,1.36408608825236,0.9387760085778147,-1.0802450897494629,-1.0233663500129728,0.43102227937749266,-1.1459629496778916,0.5306255679505311,-0.64593801417736,0.9104567783273835,1.256052283520869,0.2017889671293986,0.14022512836167256,0.5153905868494,0.2978193319631996,1.2439985281018697,-0.9667051456586578,0.31600124879503944,0.11040328707149137,-0.9100920566367958,0.5936173870311179,0.10082738106717151,-1.0792885516921031,-0.9607217082525649,0.28722023295921556,-0.4564266192074281,-0.0966811912899801,0.9364079051207334,-0.7382822622529934,1.0052312368240046,0.8878084862154029,0.3977170202737759,-0.22704767579479607,-1.4496569884013455,-1.1347841857761882,-0.958328334903261,-0.6658106969428538,-0.38419690635835996,-0.7125034038502954,-0.33346794426763504,-0.23219572427929575,-1.453362871541064,0.04701347169257672,-0.32943267031696777,-1.3010834262886735,-0.9723642943000045,0.19536181364726674,0.9263154568270903,-1.1049024524712878,-0.753864026512603,0.9276400436631156,0.8280322465347002,-0.8309447781423589]}},"identity_factors":[[0,0,0],[1,0,0],[2,0,0],[3,0,0],[4,0,0],[5,0,0]],"zne":{"method":"linear","degree":1,"sampling":"default","data_points":[[4,1,0,-7.521053616271288],[12,1,0,-6.418017718981064],[20,1,0,-5.5048564311747645],[28,1,0,-4.745863457503394],[36,1,0,-4.112361333437672],[44,1,0,-3.581278337002755]]}},"ZNE_values":{"Degree":1,"Sampling":"default","sampled data":[[4,1,0,-7.521053616271288],[12,1,0,-6.418017718981064],[20,1,0,-5.5048564311747645],[28,1,0,-4.745863457503394],[36,1,0,-4.112361333437672],[44,1,0,-3.581278337002755]],"Value":-7.660319879917041},"Run_time_sec":0.0009760856628417969}