{"Config":{"run":"zne","nqubits":7,"state":"dmatrix","observable":{"def":"ising","coefficients":{"cn":[0.5,0.5,0.5,0.5,0.5,0.5],"bn":[1.0,1.0,1.0,1.0,1.0,1.0,1.0],"r":1}},"output":{"file_name_prefix":"expe2_ideal_unitary_#3","fig_dpi":100},"vqe":{"optimization":{"status":false,"algorithm":"SLSQP","iteration":10,"constraint":false},"ansatz":{"draw":false,"type":"xy","layer":30,"gateset":1,"ugate":{"coefficients":{"cn":[0.5,0.5,0.5,0.5,0.5,0.5],"bn":[0,0,0,0,0,0,0],"r":0},"time":{"min":0.0,"max":10.0}},"noise":{"status":true,"value":[0.001,0.001,0,0]},"init_param":[1.1132089137138637,-0.893098835327201,0.29283149351535537,0.4055585667186604,1.8749035930306608,0.3684610540232646,1.6385939968304843,0.12485888315457404,2.3058596738660406,1.8819503614665876,2.745037093971844,2.849781696178839,4.284335401133459,4.568973274992143,5.160884674031456,5.166044851368811,4.612148521766376,5.238651086595716,4.854745422798627,6.769535184721168,6.865756455316884,5.934958860880398,8.592830568156216,8.052850686274333,8.755308410878836,8.09907704294185,8.837701916257444,8.65947978821315,9.18552561106852,9.160673167023226,0.5774997203849904,1.056915914867778,0.3363640517565419,0.7015193764082809,-0.8008082723516787,1.1585235835038896,-0.5832156997457663,-0.7864687310463734,-1.7634760401821283,-0.11607459910207304,0.6118348909301203,1.6453776748869344,-0.43628991912457105,0.023821002859405124,0.08664461321329485,-0.40375624369346974,0.28949570874656655,0.6593648476673277,0.7777630608901421,1.4261131838090546,-0.0894336185921822,0.37066615479345566,-2.080022109055425,0.4475924294800127,0.6541465398774278,-0.8984948114076541,-0.003717164781868878,0.5880790509657055,-0.023162009966991057,-0.7721700905320174,0.17225036500332347,0.8921331303249804,0.6426134359125977,1.2052104149603657,1.4565053955630427,-1.114368648423365,0.4297193138663797,0.09997734615589503,-0.1896258170193877,-0.3248876132561659,-0.0478892626505444,0.7115503683980241,-1.1478060969342139,0.34095014385420125,1.4148000689939109,0.21949322340329738,1.5141890372266043,0.43460418891785607,0.1575507161948728,-0.13318249832023837,-0.45373814117438765,-0.04435435242268434,0.7298106144758221,1.4219316164629248,-0.9200398258708389,0.022237921586074665,-0.17648996368702038,1.018970111611026,-0.17532520943546373,0.11548451468566158,0.2954009545639638,0.7671053799276045,-0.049046039050577236,-0.1086129542306557,-1.4973794305486379,0.33255691395052667,0.19829948969341776,0.7784332999539321,1.838886714292885,1.6873768565627063,0.45434221174222483,0.08999722653166953,-0.15668399117541712,-0.5620200206729681,0.31334115964655557,0.007967012055958893,-0.7117823748262817,-0.20907717631619763,0.49304962216189635,0.5560646770226169,0.8388306752539877,-0.7579223411139375,-0.013642683752688971,0.012183798669188015,-0.3340260766103706,-0.6361496838498626,0.39845843584275176,-1.5402138416792406,-1.4320732788006683,0.06353114917618262,0.41638221838817685,2.21368880875832,0.3971990916160465,-0.9059875896052756,0.02386781341126295,0.38538478682252614,-0.6513017630556633,-1.1388484081141004,1.0247521591710378,0.7177272585627891,1.395856962719777,-1.3017151603418158,-0.09889950664623601,0.5986738120033626,0.6275382692373181,-1.7447604302161845,1.6331939578556474,0.8931800525186888,1.6757707497590477,-0.5835084182918837,1.0955309587246573,-0.5377885712683219,-0.368309810732903,0.5544781113581201,-0.237031284727274,-0.4168077799064894,1.1775765955957418,0.4856720936757932,-1.312191316397976,-0.6037845729727268]}},"identity_factors":[[0,0,0],[1,0,0],[2,0,0],[3,0,0],[4,0,0],[5,0,0]],"zne":{"method":"linear","degree":1,"sampling":"default","data_points":[[4,1,0,-7.658289311391166],[12,1,0,-6.731999749282385],[20,1,0,-5.933780974884639],[28,1,0,-5.243491214329328],[36,1,0,-4.644463855789009],[44,1,0,-4.122866458556906]]}},"ZNE_values":{"Degree":1,"Sampling":"default","sampled data":[[4,1,0,-7.658289311391166],[12,1,0,-6.731999749282385],[20,1,0,-5.933780974884639],[28,1,0,-5.243491214329328],[36,1,0,-4.644463855789009],[44,1,0,-4.122866458556906]],"Value":-7.83362578781853},"Run_time_sec":0.0010764598846435547}