{"Config":{"run":"zne","nqubits":7,"state":"dmatrix","observable":{"def":"ising","coefficients":{"cn":[0.5,0.5,0.5,0.5,0.5,0.5],"bn":[1.0,1.0,1.0,1.0,1.0,1.0,1.0],"r":1}},"output":{"file_name_prefix":"expe2_ideal_unitary_#6","fig_dpi":100},"vqe":{"optimization":{"status":false,"algorithm":"SLSQP","iteration":10,"constraint":false},"ansatz":{"draw":false,"type":"xy","layer":30,"gateset":1,"ugate":{"coefficients":{"cn":[0.5,0.5,0.5,0.5,0.5,0.5],"bn":[0,0,0,0,0,0,0],"r":0},"time":{"min":0.0,"max":10.0}},"noise":{"status":true,"value":[0.001,0.001,0,0]},"init_param":[-0.44668313691504985,0.6089840708356195,1.622697617843122,0.345459443648673,2.4397747693936975,1.7421189813165354,2.584847025098471,1.627241740553595,2.662770713928543,2.6689442713552203,2.969828761977277,2.73815288022772,3.9169187725753143,3.897853377555491,5.033106346149706,5.120601944119574,6.0627305562267155,6.014958375255677,5.403571287266499,5.8660419733103,6.191769013274295,6.091127796402305,5.57884220484233,7.278596465953456,7.358292456652362,8.208155246984976,7.596347910357973,8.759168788612927,9.832458235966358,9.89843271523,-0.3120963247954922,0.19997056216520984,0.4640831763139036,-0.8530937942159753,-0.32393828814225645,0.007675163760670975,-0.12203322513478666,0.36202501884123806,-0.12724542891922153,0.1029775693661085,-0.5041909946956961,-0.5263935463655197,-1.0356720220133886,0.9675847835778785,-1.3744625207304693,-1.1871585879867819,-0.5247382690398147,1.08587514403148,1.3377085965602016,0.530915119488418,-0.41751307266400095,-0.35732596189434773,-0.9263595630255651,-0.8252467871188528,1.4335728258977751,1.2377411431594376,-0.5407599472960827,-0.0356507586206445,1.29220123780521,1.4595782211814294,1.0883996544911891,-0.14857808674536063,0.40380740620990635,-0.7743945663137014,0.30306980263191285,-0.3841488387116995,-0.4154365299712846,0.5733895749592163,-0.002217890766930521,-0.14927897074942634,-0.7029705306764612,0.36302912358799877,-0.8208787210625859,1.232447155997547,-0.12827629116951197,-1.2127666672958146,0.8404500559531585,-0.2044807045814676,1.458198470829737,-0.19629089742908473,-1.4191773322427028,0.1868564663220618,0.22261396083244103,-0.6840702361600763,0.14326095473877548,-0.08152554057182189,0.7052005090570439,-0.1825831471127299,0.4994794163785519,-0.035520868331800765,-0.3664391572529154,-0.1555651696886347,0.43144974166851835,0.19480212799098104,0.9369693814090276,-0.18527658812376713,-0.5392810096456605,-0.4717201580214844,0.023913679629302017,1.6006580395501273,0.11334816017620876,-0.06391949871666361,2.2116960681675697,-0.8537555354862891,-0.07894361037806713,-1.2566807120473942,0.3753172483677307,0.059918783467535326,-1.4687855140919899,-0.32741377396750937,-0.050963665438258095,-1.5650874764807685,-0.5699170509620526,-0.7135723703348317,0.16391606491680155,0.2970235977778603,-0.28722860752204826,0.1547109487373108,1.0945957495349599,0.4249822472390459,0.602512007016794,0.06984966253693227,-0.568345041689923,-0.10396284310987514,-0.2547199277911813,0.27452464679065386,-0.8368600949758169,-0.36845902235854944,0.22381682299020794,-0.3947175934373372,-0.09235822837869455,0.15026415879049487,-0.868688897137854,-0.025650619162508007,0.5042052290201666,1.13232110379857,1.2720296690781625,-0.25241612570868527,-0.20654546212442268,0.1162727424578552,1.5206587104920655,0.34596403009189663,-0.08631219910563713,0.07653358992188752,1.204674168070845,1.935200286825632,0.80584732337515,-0.8651315050794646,-0.25512529418497115,0.09059251774215137]}},"identity_factors":[[0,0,0],[1,0,0],[2,0,0],[3,0,0],[4,0,0],[5,0,0]],"zne":{"method":"linear","degree":1,"sampling":"default","data_points":[[4,1,0,-7.809296009681043],[12,1,0,-6.924086454489823],[20,1,0,-6.161361416490449],[28,1,0,-5.501326422327822],[36,1,0,-4.927718102205102],[44,1,0,-4.42713218154815]]}},"ZNE_values":{"Degree":1,"Sampling":"default","sampled data":[[4,1,0,-7.809296009681043],[12,1,0,-6.924086454489823],[20,1,0,-6.161361416490449],[28,1,0,-5.501326422327822],[36,1,0,-4.927718102205102],[44,1,0,-4.42713218154815]],"Value":-7.977911838029744},"Run_time_sec":0.0015039443969726562}