{"Config":{"run":"redundant","nqubits":7,"state":"dmatrix","observable":{"def":"ising","coefficients":{"cn":[0.5,0.5,0.5,0.5,0.5,0.5],"bn":[1.0,1.0,1.0,1.0,1.0,1.0,1.0],"r":1}},"output":{"file_name_prefix":"expe2_ideal_unitary_#4","fig_dpi":100},"vqe":{"optimization":{"status":false,"algorithm":"SLSQP","iteration":10,"constraint":false},"ansatz":{"draw":false,"type":"xy","layer":30,"gateset":1,"ugate":{"coefficients":{"cn":[0.5,0.5,0.5,0.5,0.5,0.5],"bn":[0,0,0,0,0,0,0],"r":0},"time":{"min":0.0,"max":10.0}},"noise":{"status":true,"value":[0.001,0.001,0,0]},"init_param":[-1.0897820401250078,2.1507647810145776,2.2970429245462944,1.8502463057939411,2.9728155887793877,1.6001984978641208,2.713217042889209,2.152524526279689,3.210780349518231,2.424543860723617,2.3296428798809075,2.4624643730420246,2.864930267360199,3.430765078918159,4.321044264810595,3.8984467371944675,5.01610827454206,3.2994978730579296,5.233875129287044,4.905556984766975,5.024096394696133,8.436773742752106,6.737406406726757,7.860270334853571,7.836567515534459,7.485926566298268,8.978336426466251,8.923699951390736,8.592738562865987,8.55867638419686,1.633180612521411,0.09234594375707258,0.05586564760891706,-1.9559194022381317,-0.5351155762065671,-0.2020538885765591,1.2074037988588302,-0.47246307253077574,-0.6758371491173916,0.35701254577757885,0.1369692117833909,1.233689167385419,0.680151145277318,0.5757933059991854,0.8516840599706313,1.2500755826011305,-0.24849130343751702,1.5882836301915202,0.7839242812689037,0.7015787512583703,-0.29772402324256136,0.6697604523562981,0.5889368862486113,0.05325963623944719,-0.48897774380447234,0.45368113659876197,0.8512497861719982,0.7945301316232721,-0.7896977152862696,-0.8171788450540309,-0.2509766871680781,-1.8372562447746983,-1.1306127039554943,-1.1193382172821642,0.35172136573305773,-0.9099499042363552,-0.5644195796982725,0.2548256149540791,-0.06182733036119627,-0.942476868421742,-0.042691627053478606,0.22388403803008286,0.4501570851374778,-0.02585626199424787,0.006667153565168126,0.8682381879773202,0.3922616326807186,-0.40092859636206496,1.6475246408436075,0.7317313999597752,0.03494336697171101,-0.3731613577700663,-0.36372063759915507,-0.18783937768784226,-0.7780528122513636,-0.775065409179183,-0.9270586630936759,0.14109317649537323,-0.02311773768663067,-0.07789901599502083,0.37349394987687884,-0.007388652146729659,-0.05037969142858642,-0.29846456151691725,-1.0001445067750971,-0.39400896810559705,-0.3093084578822258,-0.052796017813335636,0.6115699564435795,-1.1963739393128514,-0.11431964364459997,-0.9734513799863093,0.9847414883892832,0.8553738514098608,0.03245061317944668,-0.06350598094882601,-0.20668895138747473,0.30876321773471566,-0.037664317237337624,-1.7475794540628853,1.3018065473447695,-0.11510640601019888,-0.5042355304735499,0.7482899659133984,1.8338968528741737,-1.5709997699311373,-1.9831321137696145,1.562541443922893,1.5922968334520242,-1.5111548512876882,1.191125709010692,1.5474060907003417,0.32300692460742514,0.3917012858122938,-0.871793147874557,1.190849649341259,1.3857307936595311,-0.4651937366598126,2.6758572210149354,0.1583728024402869,-0.8740256449382715,1.6027712032783124,0.3241522457917072,1.1255576865839119,-0.11771298020572096,0.14405553539851554,1.6915175309712582,0.9505683145564193,-2.0742094366809183,-0.15889195202294748,1.0589050369534287,0.17442174707575014,-1.4288424977708283,-0.20249810300011242,1.397760039638853,1.5385250004803765,1.2991510593788966,-0.8205367151587214,2.8099842496042426,-0.19707874998983024]}},"identity_factors":[[0,0,0],[1,0,0],[2,0,0],[3,0,0],[4,0,0],[5,0,0]],"zne":{"method":"linear","degree":1,"sampling":"default","data_points":null}},"Symbol_count":25,"Data_points":[[4,1,0,-7.755592350705727],[12,1,0,-6.748491593410646],[20,1,0,-5.8947747700062685],[28,1,0,-5.168507049138902],[36,1,0,-4.5484253807576485],[44,1,0,-4.0170604577087285]],"Run_time_sec":3.2330527305603027}