{"config":{"run":"redundant","nqubits":7,"state":"dmatrix","output":{"file_name_prefix":"AUTOMATE_heisenberg_noisefree_time_evo_ric3_sample#4","draw":{"status":false,"fig_dpi":100,"type":"png"}},"observable":{"def":"ising","coefficients":{"cn":[0.5,0.5,0.5,0.5,0.5,0.5],"bn":[1.0,1.0,1.0,1.0,1.0,1.0,1.0],"r":1}},"ansatz":{"layer":30,"gateset":1,"ugate":{"type":"heisenberg","coefficients":{"cn":[0.5,0.5,0.5,0.5,0.5,0.5],"bn":[0,0,0,0,0,0,0],"r":0},"time":{"min":0.0,"max":10.0}}},"vqe":{"iteration":1,"optimization":{"status":false,"algorithm":"SLSQP","constraint":false}},"init_param":{"value":[-2.397634216504411e-17,1.429450133825379e-17,0.9192297980258759,0.9192297980258759,2.8984599305110854,3.1993874679766523,3.199387467976652,3.715279848679994,3.715919998165357,5.126008182976459,5.749875525815113,5.785995839176617,5.785995839176617,5.785995839176617,5.785995839176617,6.315437962379428,6.678845841951143,7.3578167224936415,7.415694801781823,7.531263738212295,7.949087697575632,7.949087697575632,8.111169110068786,9.407094598577077,9.495286031274873,9.495286031274873,10.993257661103009,11.063439993331317,11.639888600691357,11.75175692668691,2.1152038588685538,-0.7839988468841306,-1.0579861702584952,-0.5122509123294313,1.0012369417099964,0.9275037440003397,0.5343037326701707,-0.014459274586663672,2.31692048955396,2.1400689678453872,-0.9468421716760329,1.3225342455296385,2.4229762260600483,1.4561600175543838,-0.4592924007287594,0.6389204073366491,0.5578650700802136,1.458345504678432,-0.11931303728638508,0.04406428844113783,-0.26144087074192934,0.6459890964472403,1.2243061606997268,0.09770103868863204,0.23645607828472368,0.3280111145811677,0.5390648705936556,-0.6034481934191781,-1.1942560416831098,0.3295059316644399,-0.0732996553139216,0.5043071925129845,0.7399437462813884,0.3595686242698361,1.4643835231854074,-0.1697776944282527,0.2588380732750666,0.44311592273109757,-0.6031987466514527,-0.06131410155451245,-0.3299395710828798,-0.45492250592824107,0.5555861976799495,1.1612177689175078,1.833550163228831,1.5629483318007886,-0.2455585474033218,-0.4534768786824923,-1.2225865843307935,0.20468879325769473,1.3398561861341207,-0.58709602862573,0.07181500566168061,0.17010271339345,0.36406988692952136,-1.689809967880289,-1.1677426672173294,-0.7977758879892671,0.531032719362766,-1.7722607960867016,0.6332033998224597,0.6669814362912183,0.218182728116887,1.0415656581640258,-1.4544893086294475,0.5175174925258392,-0.9742907090362619,-0.30648595673224416,1.2400541074634985,-0.30003161306087445,-0.14406503395842435,-0.43061285539013316,0.6914697219419143,-0.48545379734819916,-0.2166375004086177,1.2014709434123243,1.0734635496959384,0.43666289070672293,-0.9550440807047608,1.2817732673505913,0.6254203972471953,0.8730111716749767,1.1814458389257443,-0.5855214911540807,0.33647224367417283,0.914891547403245,-0.10924028322724566,0.6731472714644756,-0.8672547313943412,-1.1628903969680444,1.2968110405185924,-0.7478342770444015,1.0157432273471354,0.05866260951598884,0.1549884083832883,2.402954000164725,-0.8510405490988947,-0.13394876321797194,0.35128800256256376,0.03985349181110424,1.0891408951797659,0.49683980443602116,1.3618410332836905,0.31089249400158553,0.007823999182329802,-1.0325531315281817,-0.13635517978577905,-0.4783006843261583,-0.9648987725589863,-0.4094326055257113,0.0620151507481985,-0.3631850012398663,-0.9119123598789223,-0.3458539889181142,0.8501459643039054,1.6461875633189593,0.08799287143090098,-0.82318299513447,1.17289644669955,-0.9455811832961388]},"noise_profile":{"status":true,"type":"depolarizing","noise_prob":[0.001,0.001,0,0],"noise_on_init_param":{"status":false,"value":0}},"redundant":{"identity_factors":[[0,0,0,0],[1,1,0,0],[2,1,0,0]]},"zne":{"method":"richardson","degree":1,"sampling":"default","data_points":null}},"output":{"data_points":[[4,2,0,0,-6.241465922765086],[12,6,0,0,-4.714681794898787],[20,6,0,0,-3.8971314061225595]],"noise_details":[{"identity_factors":[0,0,0,0],"noise_level":[4,2,0,0],"gates_num":[4,1,1,0],"noise_profile":{"status":true,"type":"depolarizing","noise_prob":[0.001,0.001,0,0],"noise_on_init_param":{"status":false,"value":0}},"odd_wires":4},{"identity_factors":[1,1,0,0],"noise_level":[12,6,0,0],"gates_num":[12,3,1,0],"noise_profile":{"status":true,"type":"depolarizing","noise_prob":[0.001,0.001,0,0],"noise_on_init_param":{"status":false,"value":0}},"odd_wires":4},{"identity_factors":[2,1,0,0],"noise_level":[20,6,0,0],"gates_num":[20,3,1,0],"noise_profile":{"status":true,"type":"depolarizing","noise_prob":[0.001,0.001,0,0],"noise_on_init_param":{"status":false,"value":0}},"odd_wires":4}],"run_time_sec":7.139930725097656},"others":{"observable_string":"1 X 0 X 1 + 1 Z 0 + 1 X 1 X 2 + 1 Z 1 + 1 X 2 X 3 + 1 Z 2 + 1 X 3 X 4 + 1 Z 3 + 1 X 4 X 5 + 1 Z 4 + 1 X 5 X 6 + 1 Z 5 + 1 Z 6","time_evolution_gate_hamiltonian_string":["0.5 X 0 X 1 + 0.5 Y 0 Y 1 + 0.5 Z 0 Z 1 + 0.5 X 1 X 2 + 0.5 Y 1 Y 2 + 0.5 Z 1 Z 2 + 0.5 X 2 X 3 + 0.5 Y 2 Y 3 + 0.5 Z 2 Z 3 + 0.5 X 3 X 4 + 0.5 Y 3 Y 4 + 0.5 Z 3 Z 4 + 0.5 X 4 X 5 + 0.5 Y 4 Y 5 + 0.5 Z 4 Z 5 + 0.5 X 5 X 6 + 0.5 Y 5 Y 6 + 0.5 Z 5 Z 6"]}}