{"config":{"run":"redundant","nqubits":7,"state":"dmatrix","observable":{"def":"ising","coefficients":{"cn":[0.5,0.5,0.5,0.5,0.5,0.5],"bn":[1.0,1.0,1.0,1.0,1.0,1.0,1.0],"r":1}},"output":{"file_name_prefix":"expe6_ideal_unitary_sample#2","draw":{"status":false,"fig_dpi":100,"type":"png"}},"vqe":{"iteration":10,"optimization":{"status":false,"algorithm":"SLSQP","constraint":false},"ansatz":{"type":"heisenberg","layer":30,"gateset":1,"ugate":{"coefficients":{"cn":[0.5,0.5,0.5,0.5,0.5,0.5],"bn":[0,0,0,0,0,0,0],"r":0},"time":{"min":0.0,"max":10.0}},"noise":{"status":true,"value":[0.001,0.01,0,0]},"init_param":[-0.2928311865629865,-0.11102456017184126,0.9002522911098189,1.346796451046682,2.0395931345598846,3.046234512816434,2.6246923000822426,2.9069021899922296,3.7428599496299815,5.021731192883859,6.117192786228183,5.994089296288315,5.922486322881474,6.659662174499644,7.144517062995185,6.121256812249472,6.638314151520237,7.0198776526093365,7.676105826374223,8.104982262978874,8.961988281684894,8.884886972766262,8.095727785379244,10.185582539433678,8.628437752332587,9.8719997281036,9.053091666831408,10.460504963088894,9.249066513507316,10.454463073707043,1.8888092626130528,1.419796870835353,-1.9591443482836166,-0.378168733467485,2.2709601329279105,1.179324257983279,-0.4920720494969286,0.9531409601633788,3.2872209166876694,0.48492310949917616,-1.8067705611136902,-0.24407542424858003,0.2895304015240481,0.40205332259123605,1.172202902967418,-1.6707808471303338,1.8401780331972204,0.39989877925553957,0.2443116479802873,-0.1077384585060798,1.9685368599337256,2.1097674241489113,-0.36667841669675605,-0.9984096600427115,1.2766888995406893,1.0008360053550367,1.6243709940549653,-0.6005444164097761,0.5356700230492971,1.5115684015623452,1.5899592181234488,-1.180552564363739,1.1999205457362327,0.8055800916841735,-0.5296632520383874,0.40669336723657645,-0.13861506641115628,0.2241738772579795,0.2994126156192976,-0.0883325704953308,1.8890128057198607,0.010356545890743196,-1.3713959299941945,-0.32969315337423793,1.129454917630384,-0.7382765844935104,-0.10473148982668959,-0.177307767502309,2.2706040280584636,-0.7934967805838133,-0.2593930491644147,1.287856812708835,1.7871629362633106,-1.9326970237447068,1.5925310296898407,0.7960958065125523,1.107038944603145,-0.8721600204319447,2.755257422045663,-1.327925279500946,0.1445652900364276,-0.09013253789507768,0.5122129467081701,-3.277626111680151,-0.5672929857078548,0.9723353557543206,1.3657284819789928,-1.7864827548602569,0.43907220652588697,0.21457751561277885,-0.8897327686728603,1.3286514858458052,2.6202970382112833,-0.8798509446445848,-0.2748754342909833,1.3356706584931335,1.788357197727741,0.32520843339065275,-0.8629920062369798,1.150452470735838,0.689934340618316,0.21241183792375792,0.4160754441351987,1.011231494999902,-0.41736220774635185,1.0286505692781434,0.904018362953486,-1.0843386458113438,-1.3076903872540695,-0.3360736329142009,1.3181180060344055,0.28858599952704383,0.8418498657096232,0.6398519025676658,0.49818431423312964,1.7616223626566134,-1.1778161982008637,-0.8308570301945807,-0.6983214937093494,0.5473377550844266,-1.3009265988509604,0.07513076734099897,0.7300664239611584,-0.6228099450749156,-0.5402155835698985,-0.33739577174886237,-0.009671182259883431,0.11471449871176018,1.1173739473826734,0.5164051242861487,1.7934867265937415,3.93133332102421,-0.03800393022363943,-2.621307838471771,-0.30548265361673954,2.034667420719952,-1.7184314405443624,-0.5623856093983135,0.6651500896028006,1.053891727521297]}},"identity_factors":[[0,0,0,0],[1,0,0,1],[2,0,0,0],[2,0,0,2],[0,0,0,1],[0,0,0,2],[3,0,0,0]],"zne":{"method":"richardson","degree":1,"sampling":"default-2","data_points":null}},"output":{"data_points":[[4,1,0,1,-5.326821589009532],[12,1,0,3,-2.754796211892603],[20,1,0,1,-3.6845184008716],[20,1,0,5,-1.3582126090303457],[4,1,0,3,-3.322534909384295],[4,1,0,5,-2.042349781239431],[28,1,0,1,-3.060287168239989]],"run_time_sec":3.8795340061187744},"others":{"observable_string":"1 X 0 X 1 + 1 Z 0 + 1 X 1 X 2 + 1 Z 1 + 1 X 2 X 3 + 1 Z 2 + 1 X 3 X 4 + 1 Z 3 + 1 X 4 X 5 + 1 Z 4 + 1 X 5 X 6 + 1 Z 5 + 1 Z 6","time_evolution_gate_hamiltonian_string":["0.5 X 0 X 1 + 0.5 Y 0 Y 1 + 0.5 Z 0 Z 1 + 0.5 X 1 X 2 + 0.5 Y 1 Y 2 + 0.5 Z 1 Z 2 + 0.5 X 2 X 3 + 0.5 Y 2 Y 3 + 0.5 Z 2 Z 3 + 0.5 X 3 X 4 + 0.5 Y 3 Y 4 + 0.5 Z 3 Z 4 + 0.5 X 4 X 5 + 0.5 Y 4 Y 5 + 0.5 Z 4 Z 5 + 0.5 X 5 X 6 + 0.5 Y 5 Y 6 + 0.5 Z 5 Z 6"]}}