{"config":{"run":"zne","nqubits":7,"state":"dmatrix","observable":{"def":"ising","coefficients":{"cn":[0.5,0.5,0.5,0.5,0.5,0.5],"bn":[1.0,1.0,1.0,1.0,1.0,1.0,1.0],"r":1}},"output":{"file_name_prefix":"expe6_ideal_unitary_sample#8_default2_richardson","draw":{"status":false,"fig_dpi":100,"type":"png"}},"vqe":{"iteration":10,"optimization":{"status":true,"algorithm":"SLSQP","constraint":false},"ansatz":{"type":"heisenberg","layer":30,"gateset":1,"ugate":{"coefficients":{"cn":[0.5,0.5,0.5,0.5,0.5,0.5],"bn":[0,0,0,0,0,0,0],"r":0},"time":{"min":0.0,"max":10.0}},"noise":{"status":true,"value":[0.001,0.01,0,0]},"init_param":[0.7062980701679509,1.7345032450548103,1.1124182413526915,1.2157819839177653,1.2955806683777693,1.1935279451909133,2.0525434974288927,1.8578615491883477,4.511996474031447,5.228229042459753,6.857447373268183,5.825886623217466,6.714179159227223,5.178791144285973,5.632986823430505,6.51831259819699,6.2137288943495745,7.517840412394711,7.515768798712197,6.766747164981812,7.932983556189804,7.628400997805398,8.419314776920642,8.165423900729447,9.454364322385684,9.683881798261853,8.665238085252136,9.838653386639677,10.012538118039577,10.374375616287603,3.356467109216122,0.7119947958184415,-0.06473280473759929,-2.032786796163977,2.4651651341771585,3.2725765796390225,-0.1843362996443727,0.19553123991906857,1.892172100208797,2.962520479858566,0.45195167882923576,-0.8304601500440602,3.119704732555105,2.1190883397054665,-0.22512315764343704,1.1778393303939099,2.377589263204648,2.388568038921264,0.43573521845133845,2.049845280897566,1.0055690166234248,1.1052284306858373,-0.21584859084649374,1.5157607052116369,2.1381469317306108,1.8487650056726066,2.192661624678931,-2.7146681080270794,-0.9253486436601295,4.277202046461934,1.200206224621001,0.2958054196616664,-2.259185230384843,3.3621315997188193,-0.21937684982377362,2.9792571668035777,0.9298754219370161,2.5183124907419185,1.4603349995047308,-0.8549255160317064,0.3524069757765734,2.8329390350833568,-0.10842752292224296,-0.4499053686173823,2.4048267844119033,1.6296237769530453,0.1857220535928364,-1.5803232547365949,-0.5496540750322066,-0.22961071389780283,0.07882027032788161,0.7663545845063813,1.6344749287691707,-0.7663779939821034,-0.9390780121381421,0.4257088536515714,1.6846098682884099,1.1728051123878789,0.7904904617821065,-0.9224989203991751,2.087867284180209,1.28931027202738,-1.3490871420859951,0.4377653101385622,1.0451485982657795,-0.20702469363592083,0.40930659144603987,0.34159137423973246,0.554291054810491,0.46089666242265015,-0.9656621386667837,-1.1546545673522486,-0.05015992082352832,-0.02973834743600507,-1.5756023324288735,1.0211198289616006,2.201237755525302,1.297529465832217,0.20096252928442265,-0.8036873839896999,-0.8549302961983121,1.2734329245348717,1.3073511833932656,0.8671568951166465,3.1930912389463497,1.6067645510112263,0.4242791552239663,1.231387669254046,1.931174402999788,-0.5610939224296,2.5619165700320097,1.2854939820006352,1.8715708817679189,1.1627467988964373,0.5415576652639033,0.38532963968339345,0.8018821213447728,1.2182591686186548,1.6195162898011544,2.9297163566024222,1.340723211646066,0.4051251508331564,0.7274879338719642,1.6565973748809666,0.06050887687108633,-0.09758362176590014,2.808499184415124,1.5260867512877467,2.057770571214236,-0.3967888104021645,1.4026003493046508,1.9895024428825256,-1.0588855216810584,-1.144267684422076,1.7761904866074822,2.9200490937710164,-0.20919038556791517,-0.09444651209770592,2.080214512157886,2.460934427480399]}},"identity_factors":[[0,0,0,0],[1,0,0,1],[2,0,0,0],[2,0,0,2],[0,0,0,1],[0,0,0,2],[3,0,0,0]],"zne":{"method":"richardson","degree":1,"sampling":"default-2","data_points":[[4,1,0,1,-5.3887054669180525],[12,1,0,3,-2.7318624896802293],[20,1,0,1,-3.7155653387288745],[20,1,0,5,-1.2660437184973314],[4,1,0,3,-3.3144878223544367],[4,1,0,5,-1.9764404509469071],[28,1,0,1,-3.0720098271341634]]}},"output":{"exact_sol":-8.56677223350563,"zne_values":{"degree":1,"sampling":"default-2","sampled data":[[4,1,0,1,-5.3887054669180525],[12,1,0,3,-2.7318624896802293]],"extrapolated_value":-6.9828112532607465,"others":{"sorted_noise":[6,16],"sorted_expectation_vals":[-5.3887054669180525,-2.7318624896802293],"beta_coeffiecients":[1.6,-0.6],"cost_richardson_zne":2.9200000000000004}},"run_time_sec":0.0}}