{"config":{"run":"zne","nqubits":7,"state":"dmatrix","observable":{"def":"ising","coefficients":{"cn":[0.5,0.5,0.5,0.5,0.5,0.5],"bn":[1.0,1.0,1.0,1.0,1.0,1.0,1.0],"r":1}},"output":{"file_name_prefix":"expe6_ideal_unitary_sample#9_default2_richardson","draw":{"status":false,"fig_dpi":100,"type":"png"}},"vqe":{"iteration":10,"optimization":{"status":true,"algorithm":"SLSQP","constraint":false},"ansatz":{"type":"heisenberg","layer":30,"gateset":1,"ugate":{"coefficients":{"cn":[0.5,0.5,0.5,0.5,0.5,0.5],"bn":[0,0,0,0,0,0,0],"r":0},"time":{"min":0.0,"max":10.0}},"noise":{"status":true,"value":[0.001,0.01,0,0]},"init_param":[0.4993538648646787,-1.5770810865546132,0.2649860758032143,0.053625293856569015,0.9609259577230359,2.293940121458404,2.3887974236465457,2.597367987757741,1.0649688225949243,2.4261297352626268,0.44628523793670094,3.167863418546181,1.8629034417423158,4.852400723307471,5.214209838181803,4.672929590511155,6.642479505588292,6.907989284915895,7.749596692298609,6.3631904116997715,6.787217605227969,6.419657705097202,8.91774060509998,9.05941238454337,8.39588719343052,9.736077698398788,10.402131979317566,10.55946324423796,9.81205984776679,9.938723459952595,4.896609162256731,0.38243187706702064,-0.6240558312138685,-3.1400768312001617,3.408338647339132,-1.2900877334331105,-2.7848630432942456,-2.311971436897856,2.8764541367486336,3.4206375567211746,0.190604685659247,-2.7473264170041087,0.28995221202710425,1.4970184579211923,0.21163146431983856,-0.8010280472488747,2.490945319914264,3.24989267618299,-0.2504309065627183,0.06012373348256039,1.848612379526376,0.31301825294004393,-0.6968461384967611,-0.016657565469352605,2.7436050664338603,2.4610717185665,1.4722086836065138,1.8117994874988432,1.094836337969953,0.628212120463263,0.110870527283059,0.11032168831701525,2.361480942740842,2.744883752035997,0.7905896223371567,1.510297318221586,1.0448119693721214,0.36230184482572775,-0.41859410961558174,0.18345706837569337,2.1308309122800595,1.4269388591180903,1.0435552328315776,1.6291815577994666,2.089633554781922,-0.9228173196538835,1.0472964648580525,-2.290488212818095,-1.5823924105976115,-0.25692805762634513,0.8318777902682549,3.392547602973945,0.9511697098985438,2.6234141468695147,-0.36611061122885213,-2.112344197845999,-0.08768510816920944,0.9197868155434625,0.3110737081329268,-1.1952872631888405,2.179387794413849,3.814030219288819,-0.7721734567187724,0.06077352947967414,0.24304764227151363,-0.8426885609046022,-0.8776937068169509,-0.9477007323091947,-0.13377374482004845,2.3767880207153915,1.317267957212404,-1.3724636244286468,1.1011165378908034,2.619475457665036,0.05946829236635277,-0.43977009621529367,-0.19544241686697894,0.8774523495494986,1.6065569033384761,0.6760022816563854,0.5582145529902273,1.8025935363800627,0.08541658917151383,0.028978104241114355,0.6341837512934053,1.474090545636002,0.8046244631743905,0.8893206816927595,1.7336325154071048,1.0319761979043882,0.9873871970721413,0.4219306260440655,0.6390426816239191,0.14662870006252718,0.8313161558928267,1.455574963864371,0.36078762418045035,-1.5366457039628796,0.6235695260568056,2.54967336854738,-0.10994886961446965,1.4192161981800104,1.2439648505442304,1.5091463461796364,-2.53226264338975,-0.12457844120358988,2.4140810285967906,1.41200885979333,0.07753273069009316,0.45839180542423374,2.617838250697393,1.0133515533648927,-1.8306960939826404,-0.3635015593356132,2.5410835790670108,1.1390492349418637,3.0755794499060927,-1.4420762469416823,1.0383148486849227,2.240021509229356]}},"identity_factors":[[0,0,0,0],[1,0,0,1],[2,0,0,0],[2,0,0,2],[0,0,0,1],[0,0,0,2],[3,0,0,0]],"zne":{"method":"richardson","degree":1,"sampling":"default-2","data_points":[[4,1,0,1,-5.218410025738039],[12,1,0,3,-2.638735293448959],[20,1,0,1,-3.5600778945616347],[20,1,0,5,-1.3107668452493542],[4,1,0,3,-3.1956534577439593],[4,1,0,5,-1.949619787542947],[28,1,0,1,-2.9419476380650935]]}},"output":{"exact_sol":-8.56677223350563,"zne_values":{"degree":1,"sampling":"default-2","sampled data":[[4,1,0,1,-5.218410025738039],[12,1,0,3,-2.638735293448959]],"extrapolated_value":-6.766214865111488,"others":{"sorted_noise":[6,16],"sorted_expectation_vals":[-5.218410025738039,-2.638735293448959],"beta_coeffiecients":[1.6,-0.6],"cost_richardson_zne":2.9200000000000004}},"run_time_sec":0.0}}