{"config":{"run":"zne","nqubits":7,"state":"dmatrix","observable":{"def":"ising","coefficients":{"cn":[0.5,0.5,0.5,0.5,0.5,0.5],"bn":[1.0,1.0,1.0,1.0,1.0,1.0,1.0],"r":1}},"output":{"file_name_prefix":"expe6_ideal_unitary_sample#1_default2_richardson","draw":{"status":false,"fig_dpi":100,"type":"png"}},"vqe":{"iteration":10,"optimization":{"status":true,"algorithm":"SLSQP","constraint":false},"ansatz":{"type":"heisenberg","layer":30,"gateset":1,"ugate":{"coefficients":{"cn":[0.5,0.5,0.5,0.5,0.5,0.5],"bn":[0,0,0,0,0,0,0],"r":0},"time":{"min":0.0,"max":10.0}},"noise":{"status":true,"value":[0.001,0.01,0,0]},"init_param":[-0.6175998248717499,-0.4414258490481317,-0.16571205998842478,1.1221846890986449,-0.9302809650659211,0.9357827574589451,1.2271937717766532,2.152474040769064,-0.344363344255818,2.015593533627941,2.611298076268847,3.9441591662619464,3.5874207017391098,3.5487928600201135,3.4135886823409516,5.016425572792973,5.162499069436529,6.703088814178576,5.704523601015194,6.635253518203287,6.371074264407807,6.700356041584278,8.557283015611667,7.630287665666572,9.80566193698935,6.899041576036499,9.173693456632131,9.020127625727529,8.814403005459436,10.463625108679706,2.825502913339221,0.2714051059832738,-0.9511829296504789,-0.38287469844526756,2.595738781094652,0.6740949291032595,-0.4353909189296991,-0.4339410456682256,2.286469757261821,1.835609199241622,-1.4222920783822222,-1.166076176634666,2.150770215001344,0.15447234455320002,0.2233255171860274,-0.6568327479471927,1.8752004012914,1.9347303766876904,0.7271422096697338,0.5188109735201023,0.7874645457914871,0.20632574316940647,-0.34444285955279225,2.273308682453012,0.8144375973306571,0.8012955998364258,-0.28387884159884047,-2.992787564696565,1.494821437289611,0.1204984257498087,0.17036814400189992,-0.01896073150920943,1.1481574259777931,1.6891962964412903,1.2091756193723584,0.08815744908788689,0.28963182697218676,0.7724317057633774,0.3523853566740434,2.206377017464485,0.37031722409887025,1.3966157422725614,-0.007258338781022801,-1.0491764611207735,-1.4253855632242898,2.700736013548105,0.3067030845265813,-0.16228388111764247,-0.0073940243960786325,1.5737866282630122,-0.6071845565764432,1.4063129318441294,1.1777888742327327,1.8387656358917441,-0.09813854572750985,-0.7299083634112816,0.3597210070233745,-0.4378092200806416,0.45982684427021275,-1.0693292665475527,2.4997708270057832,0.8782686573129992,0.9360793372397147,-0.18930455361330883,0.35865240895662737,-0.009202776068323593,0.00872407879014636,-0.5213498795227357,1.9269323932632803,1.0714663072365045,0.6207179089979217,0.2555889627148763,-0.5060506872515399,-1.7612005544788416,-0.40589841429900597,-1.613474286967262,0.1173130475341867,0.6150544754725626,-0.20138905634942644,-0.6528913855534371,0.18856513696651123,2.006224534240884,-0.3875612971060531,-1.6819826704959926,0.23695518626645198,0.9895673950744311,0.06686732909982432,1.8789810882103735,1.5515615945233099,0.9175614560259914,-0.8740969720509327,0.472649626792842,0.583354209801741,0.36605092992427923,0.2519563730656988,0.6028809333939252,1.5495575123121315,1.3876849021741382,0.9215842018871078,1.3874069753872111,0.9175590830267555,0.9805531095576374,1.9360238115760688,0.6644465121761847,1.720423086991802,1.8555025545458081,0.9278236818638401,-0.2947266833017405,0.09329612147099792,-0.9371894688615118,1.0385328224885686,1.2455689411178485,1.245589187241402,1.5264190594106712,0.42062877540761145,0.07741602287971856,0.19935475801637792,0.7332905659595376,0.8023453588735642,1.5387107957495216]}},"identity_factors":[[0,0,0,0],[1,0,0,1],[2,0,0,0],[2,0,0,2],[0,0,0,1],[0,0,0,2],[3,0,0,0]],"zne":{"method":"richardson","degree":1,"sampling":"default-2","data_points":[[4,1,0,1,-5.2044778217116505],[12,1,0,3,-2.511710709462956],[20,1,0,1,-3.460256931626527],[20,1,0,5,-1.1557725501924805],[4,1,0,3,-3.09063371116245],[4,1,0,5,-1.8072684045293441],[28,1,0,1,-2.817349082025655]]}},"output":{"exact_sol":-8.56677223350563,"zne_values":{"degree":1,"sampling":"default-2","sampled data":[[4,1,0,1,-5.2044778217116505],[12,1,0,3,-2.511710709462956]],"extrapolated_value":-6.820138089060867,"others":{"sorted_noise":[6,16],"sorted_expectation_vals":[-5.2044778217116505,-2.511710709462956],"beta_coeffiecients":[1.6,-0.6],"cost_richardson_zne":2.9200000000000004}},"run_time_sec":0.0009763240814208984}}