{"config":{"run":"redundant","nqubits":7,"state":"dmatrix","output":{"file_name_prefix":"xy_ansatz_sample#9","draw":{"status":false,"fig_dpi":100,"type":"png"}},"observable":{"def":"ising","coefficients":{"cn":[0.5,0.5,0.5,0.5,0.5,0.5],"bn":[1.0,1.0,1.0,1.0,1.0,1.0,1.0],"r":1}},"ansatz":{"layer":30,"gateset":1,"ugate":{"type":"xy-iss","coefficients":{"cn":[0.5,0.5,0.5,0.5,0.5,0.5],"bn":[0,0,0,0,0,0,0],"r":0},"time":{"min":0.0,"max":10.0}}},"vqe":{"iteration":1,"optimization":{"status":false,"algorithm":"SLSQP","constraint":false}},"init_param":{"value":[-0.1880410723056622,0.8412417167074218,0.4086556507355892,1.3231927935652106,0.16269454946814763,1.6331540755157836,1.1660796661301958,1.874259084133449,1.8315846891479255,1.6667145568489459,2.5712539677801836,2.707385718678845,2.972296016418882,2.5812919909515886,4.371447003898121,3.9992653628968955,5.108392062625598,5.058562618446381,4.327205236171378,6.3314734568867985,6.18342533095697,7.320170401648372,6.910097705836152,6.775595370841597,7.818832657381303,7.795309340205967,8.52282166382901,8.453205011673031,9.738200564312365,9.733730436978266,-0.07143134406533122,-0.28219609107613886,0.35216783674323526,-0.597018128798845,0.086933896999584,-0.44220441052939885,0.2776075540328503,-0.07172291701653091,-0.49537337270940407,1.0302984250219103,0.8465554753280765,-0.8860866774216005,0.5320474266882328,0.9866760481970246,-0.5214936312240368,-1.1406575467225224,-0.39874153663392753,-0.19577636839736562,0.18089215311285037,-1.182299500981753,0.47986211503205606,-0.8705858638327838,-0.03423596164749468,-0.6706178788549182,-0.10400654450668272,0.5469394911218568,-0.8290092656978736,-0.8778122266809065,-0.07555174199864668,-0.09128174080929255,-0.43662257504608504,-0.1819052636923395,-0.14660644620671637,-0.8264423600991598,-0.790098220598564,-0.1781377133005976,0.5528137318762759,-0.2959729415939626,0.8882612567811764,0.46011050012016647,0.40325451980008387,0.10766990874459004,-1.5428001521827102,-0.43709358568059575,-0.9588275113079626,2.565804887701953,0.007695509434109654,0.5825545015323746,-0.4579891219306474,-0.027218292630832867,0.15725086807689595,0.41305083993397357,0.23741372476246772,-0.45038439419725323,0.4526347437751013,-0.38665025077063303,0.13875109698389446,0.7020670519782917,0.1500530487305326,-0.3361401556740533,0.11904556314946826,0.18801027326503542,0.6476575150727932,0.6303526779327634,0.5182375433431972,-0.059322097398887136,-0.5017659839163421,0.2534896809278335,-0.6506346154976613,1.1109514852273958,1.2123635163337616,-0.13042933950127836,0.18872397582104333,1.3399415616774353,0.10376878108715579,-1.1212539774445347,-1.0376635792355473,0.26729064502897715,-0.5684972623247806,-1.2017006591173103,0.7103241178999334,0.3551285866408731,-0.5820268264298093,0.09210067988980229,-0.2619416441033956,-0.7455717948531281,1.3302454602911487,0.5371237146555305,-0.05993342950981778,0.6745087780978032,-0.07018287569413367,0.28796327616448,0.1417860254479944,0.615614170672911,0.4913543600660312,-0.5273611430632978,1.1495251856166475,-0.11680599615634735,-0.7695029368039485,0.6716447470588579,-0.4191614359056218,-0.9689691185734227,-0.444863216234542,-0.3534301848406728,1.0056578960557143,0.04401206602872865,1.0395435178951395,-0.2685626471988563,0.21138707327350587,-0.7302781096610262,-0.2874856254684415,0.12077365880738235,-0.10750867548997828,0.019619308509761204,-0.5980010074305284,1.0748453516753076,0.4623975005571333,-0.46196060019304613,-1.5039627762118695,-0.05592182292541547]},"noise_profile":{"status":true,"type":"depolarizing","noise_prob":[0.001,0.001,0,0],"noise_on_init_param":{"status":false,"value":0.01}},"redundant":{"identity_factors":[[0,0,0,0],[1,1,0,0]]},"zne":{"method":"richardson","degree":1,"sampling":"default","data_points":null}},"output":{"data_points":[[4,2,0,0,-7.602872890408156],[12,6,0,0,-6.22704225321426]],"noise_details":[{"identity_factors":[0,0,0,0],"noise_level":[4,2,0,0],"gates_num":[4,1,1,0],"noise_profile":{"status":true,"type":"depolarizing","noise_prob":[0.001,0.001,0,0],"noise_on_init_param":{"status":false,"value":0.01}},"odd_wires":4},{"identity_factors":[1,1,0,0],"noise_level":[12,6,0,0],"gates_num":[12,3,1,0],"noise_profile":{"status":true,"type":"depolarizing","noise_prob":[0.001,0.001,0,0],"noise_on_init_param":{"status":false,"value":0.01}},"odd_wires":4}],"run_time_sec":4.260462284088135},"others":{"observable_string":"1 X 0 X 1 + 1 Z 0 + 1 X 1 X 2 + 1 Z 1 + 1 X 2 X 3 + 1 Z 2 + 1 X 3 X 4 + 1 Z 3 + 1 X 4 X 5 + 1 Z 4 + 1 X 5 X 6 + 1 Z 5 + 1 Z 6","time_evolution_gate_hamiltonian_string":["0.5 X 0 X 1 + 0.5 Z 0 Z 1 + 0.5 X 1 X 2 + 0.5 Z 1 Z 2 + 0.5 X 2 X 3 + 0.5 Z 2 Z 3 + 0.5 X 3 X 4 + 0.5 Z 3 Z 4 + 0.5 X 4 X 5 + 0.5 Z 4 Z 5 + 0.5 X 5 X 6 + 0.5 Z 5 Z 6"]}}