{"config":{"run":"redundant","nqubits":7,"state":"dmatrix","output":{"file_name_prefix":"xy_ansatz_sample#6","draw":{"status":false,"fig_dpi":100,"type":"png"}},"observable":{"def":"ising","coefficients":{"cn":[0.5,0.5,0.5,0.5,0.5,0.5],"bn":[1.0,1.0,1.0,1.0,1.0,1.0,1.0],"r":1}},"ansatz":{"layer":30,"gateset":1,"ugate":{"type":"xy-iss","coefficients":{"cn":[0.5,0.5,0.5,0.5,0.5,0.5],"bn":[0,0,0,0,0,0,0],"r":0},"time":{"min":0.0,"max":10.0}}},"vqe":{"iteration":1,"optimization":{"status":false,"algorithm":"SLSQP","constraint":false}},"init_param":{"value":[0.6504154653641229,1.57949411729128,0.31359598449900633,0.99446607364693,1.0612001764611894,0.0750262775823519,1.2493652561568276,0.6731389890191527,0.6307712833480085,1.6212212029239423,0.642741239386655,3.50163742474556,3.0765061650476206,3.301259765033768,4.9247619349622465,4.813632225224091,5.604494935922499,6.466091980628952,6.36638270087203,6.412589855882509,6.357715552912649,7.71371297807708,7.703898246656688,8.022845824638885,8.29102525179924,8.32018878150759,8.122887227698316,9.222613855944516,8.957895879293249,8.914791244490296,-0.15369975553832813,0.26243441080201435,0.17845954881570583,-0.8573174273532651,-0.08379688986890227,0.33874528946645016,0.2122607799116973,-0.3416610549014768,0.9992765809947615,0.8947924470865107,-0.14186187427328373,0.11094669078605879,0.5542110309232254,0.5213180402934179,0.8222194303493714,0.8984416495273723,0.6956554624310096,1.309390386895188,0.2167212774560863,0.2819567663865329,-0.19280170021349766,0.10081014697164337,0.187920640833222,1.0288417023835708,0.746930295343721,0.5456842369931236,0.8854226287112085,1.2637075169416028,-0.29824578793104006,-0.9877802306362979,0.8231476450331011,0.9918473603879745,-0.7425448280091264,-0.4151514024711325,0.01783572967541665,0.23420946172975454,-0.03898040283009116,0.6988076576444526,0.372273923571049,1.5483207541052444,0.28462742276618985,0.07629901415078628,0.7874645940581516,0.6764978612807788,1.249619041055067,-1.2775833395552094,2.2812318084844456,1.1532728877389369,-0.6886251387187633,-0.3523357348351925,0.1502656293339875,-1.0762857351233708,1.0235791263659733,-0.6225196497375338,0.5553201473285968,0.5746420059969646,0.7910309779568805,-0.017188320392881033,-1.672396902702818,-0.22303400758322697,0.3551418079000836,-0.34966568313242163,0.5619257106093017,-0.027053738621811825,-0.32403039301114583,1.5304001460300687,0.5305616146373706,1.5516787392524791,0.42005906707944746,0.3274512834818909,-0.8646912986190852,-0.20589812279646602,0.13629662608097598,0.5812452334023631,-0.14900001883165498,-0.06494285305620287,0.9736444508618094,-0.33348361272281724,0.31424242081058557,0.13876176022142717,0.24405780583397568,0.5578153176863873,0.5418137057662163,0.22247690600264222,0.24018055803626606,0.011789077281550821,2.0424363977600293,2.077411126120433,-1.7574579514225652,0.04702727055410355,0.39185283065808224,-0.20556704541050028,-0.3030471822304539,-0.07597140418355335,0.3584544605645604,0.7221802379576173,0.6745418460867587,0.936824309876194,-0.4169563739558367,-0.02830209936693135,0.4000496309128445,-0.14701474251283117,0.23772812239334626,0.13552990279178376,0.9399200150338949,-1.1903313200559744,-1.398330138821712,0.1825866381537802,-0.29422145434698754,1.6799149649509035,-0.9787883603329192,-1.54969943443816,-0.49146624687118484,0.008436341504013395,0.8401259386036731,0.28721441824566873,1.2781619312681562,-1.041506378281379,-0.2768284858921497,-0.014918626065484273]},"noise_profile":{"status":true,"type":"depolarizing","noise_prob":[0.001,0.001,0,0],"noise_on_init_param":{"status":false,"value":0.01}},"redundant":{"identity_factors":[[0,0,0,0],[1,1,0,0]]},"zne":{"method":"richardson","degree":1,"sampling":"default","data_points":null}},"output":{"data_points":[[4,2,0,0,-7.594746317537107],[12,6,0,0,-6.229287775492662]],"noise_details":[{"identity_factors":[0,0,0,0],"noise_level":[4,2,0,0],"gates_num":[4,1,1,0],"noise_profile":{"status":true,"type":"depolarizing","noise_prob":[0.001,0.001,0,0],"noise_on_init_param":{"status":false,"value":0.01}},"odd_wires":4},{"identity_factors":[1,1,0,0],"noise_level":[12,6,0,0],"gates_num":[12,3,1,0],"noise_profile":{"status":true,"type":"depolarizing","noise_prob":[0.001,0.001,0,0],"noise_on_init_param":{"status":false,"value":0.01}},"odd_wires":4}],"run_time_sec":3.03863263130188},"others":{"observable_string":"1 X 0 X 1 + 1 Z 0 + 1 X 1 X 2 + 1 Z 1 + 1 X 2 X 3 + 1 Z 2 + 1 X 3 X 4 + 1 Z 3 + 1 X 4 X 5 + 1 Z 4 + 1 X 5 X 6 + 1 Z 5 + 1 Z 6","time_evolution_gate_hamiltonian_string":["0.5 X 0 X 1 + 0.5 Z 0 Z 1 + 0.5 X 1 X 2 + 0.5 Z 1 Z 2 + 0.5 X 2 X 3 + 0.5 Z 2 Z 3 + 0.5 X 3 X 4 + 0.5 Z 3 Z 4 + 0.5 X 4 X 5 + 0.5 Z 4 Z 5 + 0.5 X 5 X 6 + 0.5 Z 5 Z 6"]}}