{"config":{"run":"zne","nqubits":7,"state":"dmatrix","observable":{"def":"ising","coefficients":{"cn":[0.5,0.5,0.5,0.5,0.5,0.5],"bn":[1.0,1.0,1.0,1.0,1.0,1.0,1.0],"r":1}},"output":{"file_name_prefix":"expe6_ideal_unitary_sample#6_default2_richardson","draw":{"status":false,"fig_dpi":100,"type":"png"}},"vqe":{"iteration":10,"optimization":{"status":true,"algorithm":"SLSQP","constraint":false},"ansatz":{"type":"heisenberg","layer":30,"gateset":1,"ugate":{"coefficients":{"cn":[0.5,0.5,0.5,0.5,0.5,0.5],"bn":[0,0,0,0,0,0,0],"r":0},"time":{"min":0.0,"max":10.0}},"noise":{"status":true,"value":[0.001,0.01,0,0]},"init_param":[0.8295995739408422,-0.007599437158595984,0.7932966961110977,0.32046396480840594,1.3550044081545456,-1.1808875237045742,2.9643211910833016,0.4183955169298352,2.8716722800203476,1.0994986613818518,3.079116482608575,2.732082277222069,2.9082874938245493,2.917585060439217,4.4054128836623105,3.790100579542467,3.7269859093551263,4.538249908336174,5.481834423746901,4.767102955193499,5.209374870439033,5.076340583029932,4.474561736133926,8.647903550155178,7.353117632091998,5.889246604647037,8.481364444040816,8.742602618097168,7.0759665756598356,8.676160561583167,4.546180442541463,1.4075890558620328,-0.8732638420985702,-0.4261093376318303,3.6252244623530836,2.244156912214849,0.7454454050185877,-1.4797576806406842,2.7147223911315597,2.347681698210921,0.5508655393541598,-1.788049882182409,3.431169176506003,2.68533616760281,0.49005016683515035,-0.365579707459243,3.1949311665662736,2.050878466222091,-0.17278684458798033,-1.6313314093397795,2.8576427819405437,1.127306015427083,0.5990774741819292,-0.6119883839406508,2.6720660213050738,2.21908509603865,2.0026014100594294,-1.085192106887078,1.327640968933571,0.7647922601273369,2.2996891193894213,-1.596235947154738,2.485535159807429,2.8531839186869155,2.626704279581467,-0.9438430194938806,1.3480154716165325,0.692596842384632,2.359169403887549,-1.0472725793362025,1.9113698114999422,3.801249388119029,2.690968612967149,-0.5088109754099207,-0.3497677025282322,0.2204404652754832,1.6656199492550836,-1.20160979733492,0.5167541308299063,2.915994127336188,2.391689435554724,0.4733187780646305,0.16116913089780027,2.322354077521109,-0.08678527671686893,-0.9638937610367082,-0.2404983994106821,1.9894745658468356,-0.1845892279341432,2.4711593141713144,2.210396625616356,1.044467748915402,0.27926271480805603,0.40249564386125536,1.5986497355742073,0.20051029992865052,0.061164659414711275,1.1879755144993553,1.9500221002515001,2.0213828107673923,0.26989130948919254,-2.3568527877761114,0.5422933873131817,0.5819186924793013,-0.1500655616692248,1.4803168165023466,2.4546062080711706,1.5337178587986877,-0.5450280048389075,0.1720752590956686,1.549066557219331,1.627996438742064,-0.03513800909437168,1.605946980537222,2.8134534570225713,1.3572747980991562,-0.11695982780870981,-0.27747936095666464,0.5526901988994849,-1.4536857479688319,-1.6905179091680245,1.4806594650936322,2.644183929991957,3.50077266465986,1.36815311409709,-1.3796669677626257,-0.6898197954577675,0.5332380313854118,1.767203321429361,2.709430413150675,1.278736466563606,3.668286052595459,1.4215871244512759,1.8066409545797488,-0.8978223525475091,-0.22982516385181406,2.4210671091602087,1.9355412497542333,1.746302938231538,0.16381259455812586,2.1071853476988522,2.066446951505614,-1.056419761022893,-0.37868964962250323,1.0285949957487042,0.8001604713636924,2.1774502707232184,1.8827997883295096,4.3386768084944745,3.4546104244319826]}},"identity_factors":[[0,0,0,0],[1,0,0,1],[2,0,0,0],[2,0,0,2],[0,0,0,1],[0,0,0,2],[3,0,0,0]],"zne":{"method":"richardson","degree":1,"sampling":"default-2","data_points":[[4,1,0,1,-5.347604379951192],[12,1,0,3,-2.57545997330149],[20,1,0,1,-3.560516618625435],[20,1,0,5,-1.1916324171280497],[4,1,0,3,-3.164972207942985],[4,1,0,5,-1.8497744868893415],[28,1,0,1,-2.901845733017201]]}},"output":{"exact_sol":-8.56677223350563,"zne_values":{"degree":1,"sampling":"default-2","sampled data":[[4,1,0,1,-5.347604379951192],[12,1,0,3,-2.57545997330149]],"extrapolated_value":-7.010891023941013,"others":{"sorted_noise":[6,16],"sorted_expectation_vals":[-5.347604379951192,-2.57545997330149],"beta_coeffiecients":[1.6,-0.6],"cost_richardson_zne":2.9200000000000004}},"run_time_sec":0.0}}