{"config":{"run":"redundant","nqubits":7,"state":"dmatrix","observable":{"def":"ising","coefficients":{"cn":[0.5,0.5,0.5,0.5,0.5,0.5],"bn":[1.0,1.0,1.0,1.0,1.0,1.0,1.0],"r":1}},"output":{"file_name_prefix":"expe6_ideal_unitary_sample#5","draw":{"status":false,"fig_dpi":100,"type":"png"}},"vqe":{"iteration":10,"optimization":{"status":false,"algorithm":"SLSQP","constraint":false},"ansatz":{"type":"heisenberg","layer":30,"gateset":1,"ugate":{"coefficients":{"cn":[0.5,0.5,0.5,0.5,0.5,0.5],"bn":[0,0,0,0,0,0,0],"r":0},"time":{"min":0.0,"max":10.0}},"noise":{"status":true,"value":[0.001,0.01,0,0]},"init_param":[-0.9122086895984617,-0.3947539619747472,-0.042691505698711885,1.0783096334996276,0.7436773368060842,0.8420595244330128,2.078633442872836,1.006201919276693,3.1505967265596544,2.064759468850602,2.6522121392500253,3.240850337613465,4.774040354702291,4.74235169660057,4.590717273366817,5.367556019129165,5.773473417496102,5.283427760205076,6.218266814330106,5.298705828294958,6.127796987520246,5.303610539073855,6.936828849153146,6.7753411023665215,7.4500373036255745,6.787484173356812,7.226585651897027,7.916298533177648,9.980976810074564,10.062395679947958,1.794624607880872,0.8093122955220077,-2.292261832163664,-1.0201344036759998,1.9363101801305944,0.5273676123347337,-0.9941572618856366,-3.237425475574119,2.6016445384708304,0.7946220222878453,0.018166248915813175,-0.7297118962618258,2.9361896342110514,1.6533597204993844,1.013093240813234,0.2580509189700593,0.5915012075667012,2.3838660579797284,0.6994431404285585,0.11449191784164181,1.3585164099759344,1.2121680147823668,0.4578883669333415,-1.2176568922090516,0.2538113385420061,1.1419644204784822,2.69319876513205,-1.9405978642592028,0.7400078413108451,3.170362425073615,1.7527092192836282,-2.4075176942875958,-0.3993671710940885,1.7503359730624393,1.75387078296307,-1.4247299970415335,-0.8673128175300432,1.1195313876160073,0.33789791655812945,-0.3964912114093068,-1.4382750820082555,2.232174731424731,0.7908754525984625,0.37998297495512834,2.4135029492711513,-0.3408451928543072,-0.568037063201393,-0.6322514708158845,0.2899123636803076,0.987275484514615,1.868525418144689,0.07692453790905385,-0.004189545579454602,1.84959252666465,-0.09240369168237561,1.4933945929803032,0.3182174413808382,-0.3210156536207661,-1.8978152006908777,0.4992168210601522,0.45458618506380594,0.8044316590608246,0.4372823583257591,0.22978876197503054,1.301890935194928,-0.7244991952294244,-1.2632204983327344,0.14552570694433128,2.4946909388336285,-0.21305036275774322,0.3216812957327329,0.7511347991139758,0.21374528061613382,-1.1486178677539578,0.5586014132859736,-0.5591858162811776,0.7591185016269018,-0.4801130509331693,1.5460927584202693,-0.6079365844344841,-0.8779709930164359,0.4828026078388331,-0.2936524633378632,-1.5835975623737766,1.5133740481716462,0.6773636353526202,1.1245008102604384,-0.9285234855295111,-0.7585078558030184,1.667818888335891,-0.7859682869387437,-0.6388982285396823,-1.2997964762990397,0.10467431868966233,-1.0306480684560193,2.002354864332263,-0.45537502794922113,1.5381581451088524,-1.101507537055296,0.41766888936149144,-1.2710532255694582,0.6394885300789509,0.22049393618021207,1.199599761794147,-0.24724549337246202,-0.04068969292420288,0.29104714894213396,2.300308676031179,-0.056460568011620076,0.618066104720171,-0.05627183333447643,1.0266532699487307,-0.8225545589011891,-2.0242289602342374,2.5327728915996355,3.3140398979456718,-0.8093894917532344,-0.1924400344931439,2.2961498440650225,-0.8124225803559826]}},"identity_factors":[[0,0,0,0],[1,0,0,1],[2,0,0,0],[2,0,0,2],[0,0,0,1],[0,0,0,2],[3,0,0,0]],"zne":{"method":"richardson","degree":1,"sampling":"default-2","data_points":null}},"output":{"data_points":[[4,1,0,1,-5.316654482952853],[12,1,0,3,-2.728074382802286],[20,1,0,1,-3.6911590527167797],[20,1,0,5,-1.2905760563166029],[4,1,0,3,-3.296478247253764],[4,1,0,5,-1.9871805477260271],[28,1,0,1,-3.063918585535866]],"run_time_sec":3.9377095699310303},"others":{"observable_string":"1 X 0 X 1 + 1 Z 0 + 1 X 1 X 2 + 1 Z 1 + 1 X 2 X 3 + 1 Z 2 + 1 X 3 X 4 + 1 Z 3 + 1 X 4 X 5 + 1 Z 4 + 1 X 5 X 6 + 1 Z 5 + 1 Z 6","time_evolution_gate_hamiltonian_string":["0.5 X 0 X 1 + 0.5 Y 0 Y 1 + 0.5 Z 0 Z 1 + 0.5 X 1 X 2 + 0.5 Y 1 Y 2 + 0.5 Z 1 Z 2 + 0.5 X 2 X 3 + 0.5 Y 2 Y 3 + 0.5 Z 2 Z 3 + 0.5 X 3 X 4 + 0.5 Y 3 Y 4 + 0.5 Z 3 Z 4 + 0.5 X 4 X 5 + 0.5 Y 4 Y 5 + 0.5 Z 4 Z 5 + 0.5 X 5 X 6 + 0.5 Y 5 Y 6 + 0.5 Z 5 Z 6"]}}