{"config":{"run":"redundant","nqubits":7,"state":"dmatrix","observable":{"def":"ising","coefficients":{"cn":[0.5,0.5,0.5,0.5,0.5,0.5],"bn":[1.0,1.0,1.0,1.0,1.0,1.0,1.0],"r":1}},"output":{"file_name_prefix":"expe6_ideal_unitary_sample#3","draw":{"status":false,"fig_dpi":100,"type":"png"}},"vqe":{"iteration":10,"optimization":{"status":false,"algorithm":"SLSQP","constraint":false},"ansatz":{"type":"heisenberg","layer":30,"gateset":1,"ugate":{"coefficients":{"cn":[0.5,0.5,0.5,0.5,0.5,0.5],"bn":[0,0,0,0,0,0,0],"r":0},"time":{"min":0.0,"max":10.0}},"noise":{"status":true,"value":[0.001,0.01,0,0]},"init_param":[-0.29983421052827613,-0.4415960233155766,0.6327661808324789,2.647455594552055,3.2644136674751163,2.706370756972429,3.4889112849210364,3.221734923203885,4.22681567041203,4.142238385947795,4.213144091449082,5.692081542891309,5.800744047921795,5.575349834808895,6.387353391062984,6.2353780104218215,6.326754555993285,6.784682974500181,6.420462904492213,7.75018233990317,7.465728990064883,6.7104998559086795,7.520586020931249,7.541744867280106,9.023703875593833,8.53765120839978,9.013014085278623,11.001342811289657,10.105344022868831,10.364431112261302,2.1668584378293563,0.39431756336510565,-1.9124089009234138,0.6999897536020308,3.1130528885572737,2.4807162237380656,-1.6630345116541312,1.7087222878146413,0.9898980349818719,0.3065680095494465,-0.9510577791192416,0.4229932009620331,2.3190468963320083,1.3013470375221325,0.42418367948023855,-0.032232113120500325,1.1114164544370215,-0.9160995416122065,-1.2945286100492222,1.542861720851118,1.028816680675069,-0.8396027907423311,0.8544254481592516,0.6701026586604978,0.8633730715910236,-0.5643583950363324,1.5685431501847857,-1.0152265319326639,0.39939853054865626,0.7511361681857343,0.9543584790063246,-1.3985639369219673,-1.166201128257657,0.048147134854389914,-0.33340403342909947,-0.513462738931024,0.5504057104408511,3.0747005297454963,-0.23602725431531166,-0.8143598668297738,0.2430554555614009,1.1477055321425744,0.3032824419472831,1.9489889535733937,1.1426506535514953,1.5110953829135598,0.4980424872658077,1.5126257133686665,0.13718429515126623,-0.855963519280247,1.2493561882431399,0.7547256311915262,1.175212698991346,-0.5453508804981928,-0.3661223108245601,1.637037312128469,0.06466823780698162,0.018727151707317383,0.3731455922798878,-0.7517114455433311,0.8441668533718868,0.6971684569642751,1.419812844492801,0.05795106334178362,-0.31565426582248557,0.8562743932305965,1.6547272955767676,-0.6708587582901838,0.19620606461555667,0.07832064182894599,0.7408219011654074,-1.5654768237244965,0.059696192704330006,2.965851027597303,1.0070206977341216,0.3223333243628778,-0.5207158398912274,0.09014169689799527,1.0930743585969929,-0.16688820075865135,0.01840823432376295,1.966208745693827,0.05444961491566735,0.9328246144147693,-0.7014464331385067,-0.08984790834672249,-0.08744616235486435,-0.31309681516533117,0.21735119628608052,0.046893262131547646,1.5902070330703912,1.807019295848767,-0.4029083753758312,1.580738050534489,0.05418919663156535,-0.40849882975323304,2.5463772488790974,-1.2001317256343165,1.501813728497035,0.4682847977825123,0.9286383204463468,-0.14592427875446287,-1.3277355399124446,-0.5726791140402353,0.6411139317263591,0.13032607606317073,1.150612833356899,1.4091247675954497,-0.27817483205943794,0.9580524755932711,1.6420987562229525,0.6930837845950188,-1.0003466722612941,-1.1317200803698175,3.035164867906604,1.201928196424654,0.8452578225142381,1.4570976266198006,-0.12404577765904261,1.940600048303266]}},"identity_factors":[[0,0,0,0],[1,0,0,1],[2,0,0,0],[2,0,0,2],[0,0,0,1],[0,0,0,2],[3,0,0,0]],"zne":{"method":"richardson","degree":1,"sampling":"default-2","data_points":null}},"output":{"data_points":[[4,1,0,1,-5.506858808016268],[12,1,0,3,-2.9251543440695476],[20,1,0,1,-3.855748719617853],[20,1,0,5,-1.5179246329213216],[4,1,0,3,-3.4976357228400654],[4,1,0,5,-2.2096284959154526],[28,1,0,1,-3.227583015737885]],"run_time_sec":3.8704121112823486},"others":{"observable_string":"1 X 0 X 1 + 1 Z 0 + 1 X 1 X 2 + 1 Z 1 + 1 X 2 X 3 + 1 Z 2 + 1 X 3 X 4 + 1 Z 3 + 1 X 4 X 5 + 1 Z 4 + 1 X 5 X 6 + 1 Z 5 + 1 Z 6","time_evolution_gate_hamiltonian_string":["0.5 X 0 X 1 + 0.5 Y 0 Y 1 + 0.5 Z 0 Z 1 + 0.5 X 1 X 2 + 0.5 Y 1 Y 2 + 0.5 Z 1 Z 2 + 0.5 X 2 X 3 + 0.5 Y 2 Y 3 + 0.5 Z 2 Z 3 + 0.5 X 3 X 4 + 0.5 Y 3 Y 4 + 0.5 Z 3 Z 4 + 0.5 X 4 X 5 + 0.5 Y 4 Y 5 + 0.5 Z 4 Z 5 + 0.5 X 5 X 6 + 0.5 Y 5 Y 6 + 0.5 Z 5 Z 6"]}}