{"Config":{"run":"zne","nqubits":7,"state":"dmatrix","observable":{"def":"ising","coefficients":{"cn":[0.5,0.5,0.5,0.5,0.5,0.5],"bn":[1.0,1.0,1.0,1.0,1.0,1.0,1.0],"r":1}},"output":{"file_name_prefix":"expe3_ideal_unitary_#3","fig_dpi":100},"vqe":{"optimization":{"status":false,"algorithm":"SLSQP","iteration":10,"constraint":false},"ansatz":{"draw":true,"type":"xy","layer":30,"gateset":1,"ugate":{"coefficients":{"cn":[0.5,0.5,0.5,0.5,0.5,0.5],"bn":[0,0,0,0,0,0,0],"r":0},"time":{"min":0.0,"max":10.0}},"noise":{"status":true,"value":[0.001,0.01,0,0]},"init_param":[-0.48925704916692253,0.3568057861835008,1.7790138413198995,-0.22889539526665165,1.8755191631127368,-0.00474610207844469,1.656897172060128,0.8175003723781397,0.9174481157440232,4.577086703065066,4.6114953884746575,4.793576986956437,6.170990602417644,4.991518390454194,5.955707499517525,4.737430916441469,5.68569875599383,5.944250517818705,6.006711266449091,7.115391906827055,7.045465537529797,8.020027358465198,7.848710140056519,8.212504188866179,8.776673445814328,8.80514554282774,8.980567651294137,8.042058226014534,9.05583991437973,8.964379199677383,0.1306642452738783,-1.2065685751213464,-1.1823324069090726,0.748088251401669,-0.062415581007349286,-0.27105973995624033,-0.2389341153954845,-0.6837998965155293,0.17259133588854508,0.49346061407053454,0.15368366824088442,-0.5181815533610602,0.16628019608320604,0.09885602650774701,1.1522059210971596,-0.015649954023399255,0.36864806363721675,0.6086871788025696,-0.7135747294126819,0.252811747842535,-0.12597474964550445,-0.1127232376537262,-0.5189446237816225,0.031464807137873335,-0.33244565144669636,-0.022039330038125762,-0.14092635093435424,1.3028716731797583,-0.11160786971280962,-1.2218867027463027,-0.9474436431123373,-0.8206986965637838,0.24294183304450132,0.15174963376167122,-0.41040089186714024,1.6330303332483995,0.09584318925817263,0.0673435245380978,0.3129899832634804,-0.20196747357664765,-0.4509346224741704,0.33638640777910866,-0.2507268998113612,0.1668549624389019,0.9039940833645486,-1.0063922474692673,-0.31802273923529073,0.7671514876159562,-0.17346444408960782,0.6997238219822051,0.4802552541316637,-0.8812239276803404,1.8634493612323666,0.4098050177458253,-1.1588065800878782,-0.538933921270019,-0.3787399923553172,-0.18426750446340617,-0.4083315960761304,0.5062138364457371,1.269403617022961,-0.85296704453734,0.135260144289437,0.042292294796838215,0.24696112212408194,-0.08505137233483753,1.580191744019947,-0.9044002200871326,0.8019089844876147,-0.3038572847334406,-1.0890919509780894,-1.0224449745731412,-0.9260504261667106,-0.3954027578197289,-0.01287520858754927,0.012418252527800915,0.5604154890672062,0.19240368650849604,0.5938480397356506,1.223866112321405,-1.7990258475937897,0.19477787362680724,0.5873106802521766,-0.02040995033746772,-0.19049937634135333,2.0806273478009394,-1.16323925980526,-1.558203794557961,-0.1720092936603864,-0.7100811387513132,0.3046704305867447,0.6580353624386234,0.7021940476052917,0.5542755442463914,0.9359371379147425,0.7997544198823932,-1.095030692099902,0.24349507139047297,1.2805832913348303,-0.7579467244761665,0.16109990670665372,0.32994886113430083,-0.05358131548185516,-0.2307997136917023,0.7909619170833748,-0.983360329657522,0.8572200020207343,-1.5108398689081393,-0.08445670491371057,0.9044337150047719,2.2443724697878444,-1.5478432838248382,-0.9533299589826512,-0.6121779647974334,1.7228901826875263,-0.9545492297592137,-0.48341921075364036,-1.104042972186179,-0.40243844127473755,0.7724253818817712]}},"identity_factors":[[0,0,0],[1,0,0],[2,0,0],[3,0,0],[4,0,0],[5,0,0]],"zne":{"method":"linear","degree":1,"sampling":"default","data_points":[[4,1,0,-6.896018993565794],[12,1,0,-6.190862739828197],[20,1,0,-5.569398530585476],[28,1,0,-5.0202796995913594],[36,1,0,-4.533857891854839],[44,1,0,-4.1019084546952165]]}},"ZNE_values":{"Degree":1,"Sampling":"default","sampled data":[[4,1,0,-6.896018993565794],[12,1,0,-6.190862739828197],[20,1,0,-5.569398530585476],[28,1,0,-5.0202796995913594],[36,1,0,-4.533857891854839],[44,1,0,-4.1019084546952165]],"Value":-7.056017952862087},"Run_time_sec":0.00096893310546875}