{"Config":{"run":"zne","nqubits":7,"state":"dmatrix","observable":{"def":"ising","coefficients":{"cn":[0.5,0.5,0.5,0.5,0.5,0.5],"bn":[1.0,1.0,1.0,1.0,1.0,1.0,1.0],"r":1}},"output":{"file_name_prefix":"expe3_ideal_unitary_#7","fig_dpi":100},"vqe":{"optimization":{"status":false,"algorithm":"SLSQP","iteration":10,"constraint":false},"ansatz":{"draw":true,"type":"xy","layer":30,"gateset":1,"ugate":{"coefficients":{"cn":[0.5,0.5,0.5,0.5,0.5,0.5],"bn":[0,0,0,0,0,0,0],"r":0},"time":{"min":0.0,"max":10.0}},"noise":{"status":true,"value":[0.001,0.01,0,0]},"init_param":[0.5323561659787852,1.164002004802416,0.5899661361862576,2.1609002740752854,2.2219717326424453,1.707123066642359,3.8549476169809225,3.8126760425220305,5.577099169144342,5.540553317354959,5.401562846081205,6.047342757984894,5.87149317320158,8.151377197505015,6.25911417455588,7.760887223543094,6.0010064643158625,8.685851898708787,6.624796483500452,8.614238343642457,7.280921863801201,9.02679029652211,6.285004964537205,7.861222816860217,6.66500695292353,9.044937971081623,6.366059667708394,8.864970726897146,6.560632830487305,8.54276196102687,-0.3356867542727036,-0.9447560035744408,0.18369208341453844,-1.1372345358211744,-1.4563845223269134,0.9268090135360507,0.5859215358778211,1.2590863074768457,0.47809815829670044,0.6167194319996021,0.5847625798132811,1.5785985864292165,0.6188464825535999,-1.4289570210171065,0.2098206089542145,0.8502440693904127,0.7377540245201022,0.06151105771444758,-0.3977818759108051,0.16863880698318545,-0.6511706450341032,0.1437745877215455,-0.09145862068464312,-0.05070996245249478,0.15353536069134174,0.19531798455688798,-0.3303120329793828,0.37704947626180463,0.5934475566360659,-0.2680862397754952,0.06559171317721443,0.09523178192493394,0.5144092265458168,0.9898734382805848,0.292604887154257,-0.3548095727070438,-0.2757231634778252,0.3704194307742587,0.010010101466886872,0.9279806960172311,-0.2063570762509969,0.09997965055168032,1.1348740292322845,-0.8933602072900034,-0.6451193402004963,-0.08291834245852525,-0.5216260527535642,0.7926427812767942,0.33597167108339665,-0.08522407608802432,-0.4414539688082433,-0.4690758083929555,-0.6158746350306173,0.2349161931213595,-0.8923390269058047,-1.1226830118003275,0.5160791800759776,1.77125033519027,-0.5110153929502824,-0.756182015153804,1.0797090717056148,-0.08767305533715841,-0.18386707573363417,0.927197780686449,1.231004695232161,-0.12406101888576422,-0.4600955627937473,-0.8779312200891647,0.6273324051407236,0.32742389202363775,-0.28784845657711017,-0.5498717031920994,0.8018539316203523,-0.13450546090747018,-1.2966889261691272,-0.7898277917647358,0.6435828085292682,0.6468257524354397,0.07917300085026546,-0.9896394125425544,0.10158085922657054,0.45050526954996006,-0.7405992657507311,-0.698749867480885,0.9027157843498319,-0.029981170454061422,0.7907695061689342,0.504805607816244,0.31523563163074564,-0.46350669028119734,0.22852834874002023,0.5840878719951423,-0.015102231367661242,1.1433666293356188,0.9678524497824568,0.04996322025377568,0.30846109111621234,1.0296530181316066,0.44532137675462197,0.34238043734489004,-0.7457596705605533,0.09615231047160201,-0.10702614735618589,1.0170037486254018,1.4064894476835452,0.9651862393538978,1.0943767660968806,0.208611932310454,0.4180870592533621,-0.687577586293848,-1.046482077578392,-0.2887473891617598,0.10461203618599357,-0.5176821261015305,0.5192758034136078,-0.3548614992040139,0.07273179513067404,-0.2851220207234061,2.0759020037465903,0.5413545223267222]}},"identity_factors":[[0,0,0],[1,0,0],[2,0,0],[3,0,0],[4,0,0],[5,0,0]],"zne":{"method":"linear","degree":1,"sampling":"default","data_points":[[4,1,0,-6.413214025261664],[12,1,0,-5.567177627463515],[20,1,0,-4.8596345887773715],[28,1,0,-4.2654651684851],[36,1,0,-3.764324063623266],[44,1,0,-3.339708316939629]]}},"ZNE_values":{"Degree":1,"Sampling":"default","sampled data":[[4,1,0,-6.413214025261664],[12,1,0,-5.567177627463515],[20,1,0,-4.8596345887773715],[28,1,0,-4.2654651684851],[36,1,0,-3.764324063623266],[44,1,0,-3.339708316939629]],"Value":-6.533323754432793},"Run_time_sec":0.0009772777557373047}