{"config":{"run":"redundant","nqubits":7,"state":"dmatrix","output":{"file_name_prefix":"AUTOMATE_ising_noisefree_time_evo_ric4_unifrom_scaling_sample#6","draw":{"status":false,"fig_dpi":100,"type":"png"}},"observable":{"def":"ising","coefficients":{"cn":[0.5,0.5,0.5,0.5,0.5,0.5],"bn":[1.0,1.0,1.0,1.0,1.0,1.0,1.0],"r":1}},"ansatz":{"layer":30,"gateset":1,"ugate":{"type":"ising","coefficients":{"cn":[0.5,0.5,0.5,0.5,0.5,0.5],"bn":[0,0,0,0,0,0,0],"r":0},"time":{"min":0.0,"max":10.0}}},"vqe":{"iteration":1,"optimization":{"status":false,"algorithm":"SLSQP","constraint":true}},"init_param":{"value":[0.46756606893882113,0.46983859896604685,0.5133985927484581,0.5133985927484581,0.5133985927484581,1.4016794842576101,1.6914116785996751,1.691411678599675,1.6941756924801525,1.6941756924801528,3.749864451084885,3.749864451084885,3.7498644510848855,3.7498644510848855,4.969636107010246,4.969636107010246,4.969636107010246,4.969636107010246,5.983107385388112,5.983107385388112,8.378949246097575,8.378949246097575,8.635680633753974,8.635680633753974,9.108807770997622,9.108807770997622,9.108807770997622,9.960036411132767,10.436643041587223,10.716533289695375,0.5466515694267952,3.318518267704871,0.40678728382369284,0.6290091030083763,-0.4770983795300032,-0.7455483390932742,0.1630064768968011,0.4889724943271746,0.10596004146863507,-1.4759536729524354,0.957604974713893,0.6004514101153323,0.0725728265044025,1.4994700617905987,0.15508641282397265,-0.15494303336158094,-0.5663845144966579,2.6663065398173496,-0.27086336898318036,-1.1828784814640632,-0.295045685212881,0.6236994649007899,1.1769360493970402,1.7159795997719172,-0.3019600780315931,0.651545330446025,-2.0782382222089724,0.3186344830290561,-0.2815476257680432,0.4067635126151388,-0.8228051832090519,-0.4154478828430832,2.3723163321732827,0.931436930203099,0.9804374423714106,0.058895326584719035,0.3167253661454302,0.3390503539155689,-0.5024758650485814,-0.2425872659725522,-0.6703364135359525,-0.147558399690948,1.1644296968010859,0.5475507579506065,0.1736068872874216,0.30547527216138975,0.5300773267023443,0.7722201656261689,-0.6858549484151734,-0.16073113081558088,-1.197458252004488,-0.507307082981415,-0.16437738354723153,0.2647407403580543,-0.45930133674563567,-0.22673992276266391,1.8127715449849986,-1.4334128748253496,-0.759404859696163,1.2431110601081345,0.8953271645792334,0.6963251389999259,-0.23147129445607595,0.3638861144885483,2.2394622330281906,1.543816783446588,1.7535830084845025,-0.3169637330795974,0.2453194636587019,2.0076391670843647,0.286017506499548,0.6600449842625801,0.19782118041633945,0.05463577684798935,0.4755005320975566,0.055207215781380096,0.06969685609102444,0.2645328829673777,-0.01235845210357445,1.01982876424508,2.262492417600915,1.3443784687440867,0.10698144982242018,0.428081928456963,-1.5494921893757727,1.0701294130786736,0.39987519173641656,0.06301738855484718,-1.6711192593807125,0.26920159401030147,-0.08358711295948693,0.4054786916979446,-0.5013194648307361,2.126550690771933,0.10959959792145137,0.4205360694942305,-0.586878230803869,-0.3381608637889511,-0.5055401953468239,-0.45995744817477163,0.07999668782445096,-0.4269018063306222,0.9588276598807326,1.042187521522261,0.07821502449201799,0.6777167152964713,0.4177387822172794,-0.18721284346239236,-0.8064458441104513,2.8712851588196218,0.7141862154478698,-0.9976723444987857,-0.8529435737233043,1.9602636639541733,1.2634521849205176,-0.7170870121313951,0.31227949023655405,-1.0451293221946831,-0.6787852158143914,1.8581833428208436]},"noise_profile":{"status":true,"type":"depolarizing","noise_prob":[0.001,0.001,0,0],"noise_on_init_param":{"status":false,"value":0}},"redundant":{"identity_factors":[[0,0,0,0],[1,1,0,0],[2,2,0,0],[3,3,0,0]]},"zne":{"method":"richardson","degree":0,"sampling":"default","data_points":null}},"output":{"data_points":[[4,2,0,0,-6.4878948983695235],[12,6,0,0,-5.297876077058435],[20,10,0,0,-4.3310003849914125],[28,14,0,0,-3.539166940153787]],"noise_details":[{"identity_factors":[0,0,0,0],"noise_level":[4,2,0,0],"gates_num":[4,1,1,0],"noise_profile":{"status":true,"type":"depolarizing","noise_prob":[0.001,0.001,0,0],"noise_on_init_param":{"status":false,"value":0}},"odd_wires":4},{"identity_factors":[1,1,0,0],"noise_level":[12,6,0,0],"gates_num":[12,3,1,0],"noise_profile":{"status":true,"type":"depolarizing","noise_prob":[0.001,0.001,0,0],"noise_on_init_param":{"status":false,"value":0}},"odd_wires":4},{"identity_factors":[2,2,0,0],"noise_level":[20,10,0,0],"gates_num":[20,5,1,0],"noise_profile":{"status":true,"type":"depolarizing","noise_prob":[0.001,0.001,0,0],"noise_on_init_param":{"status":false,"value":0}},"odd_wires":4},{"identity_factors":[3,3,0,0],"noise_level":[28,14,0,0],"gates_num":[28,7,1,0],"noise_profile":{"status":true,"type":"depolarizing","noise_prob":[0.001,0.001,0,0],"noise_on_init_param":{"status":false,"value":0}},"odd_wires":4}],"run_time_sec":10.259121179580688},"others":{"observable_string":"1 X 0 X 1 + 1 Z 0 + 1 X 1 X 2 + 1 Z 1 + 1 X 2 X 3 + 1 Z 2 + 1 X 3 X 4 + 1 Z 3 + 1 X 4 X 5 + 1 Z 4 + 1 X 5 X 6 + 1 Z 5 + 1 Z 6","time_evolution_gate_hamiltonian_string":["1 X 0 X 1 + 1 Z 0 + 1 X 1 X 2 + 1 Z 1 + 1 X 2 X 3 + 1 Z 2 + 1 X 3 X 4 + 1 Z 3 + 1 X 4 X 5 + 1 Z 4 + 1 X 5 X 6 + 1 Z 5 + 1 Z 6"]}}