{"config":{"run":"redundant","nqubits":7,"state":"dmatrix","output":{"file_name_prefix":"AUTOMATE_ising_noisefree_time_evo_ric4_unifrom_scaling_sample#10","draw":{"status":false,"fig_dpi":100,"type":"png"}},"observable":{"def":"ising","coefficients":{"cn":[0.5,0.5,0.5,0.5,0.5,0.5],"bn":[1.0,1.0,1.0,1.0,1.0,1.0,1.0],"r":1}},"ansatz":{"layer":30,"gateset":1,"ugate":{"type":"ising","coefficients":{"cn":[0.5,0.5,0.5,0.5,0.5,0.5],"bn":[0,0,0,0,0,0,0],"r":0},"time":{"min":0.0,"max":10.0}}},"vqe":{"iteration":1,"optimization":{"status":false,"algorithm":"SLSQP","constraint":true}},"init_param":{"value":[0.5118290521669792,0.9034573591840084,1.0514460879099101,1.1283814725964603,1.1293980629167455,1.6874068541059999,1.8362001710030256,2.594529848453243,2.5949023258749775,4.384420392533986,4.804388533064279,4.8044974726668155,4.925049921883437,4.925049921883437,6.055903002618935,6.0650337145794,6.06510024924717,6.06510024924717,7.719643893437192,7.719643893437192,8.110116534451196,8.374448879129652,8.374448879129652,9.29045698473019,9.2929923765699,9.977025927736127,9.977025927736127,9.977438303479875,11.277250876863835,11.588901828478656,-0.5970483257864091,1.048395642841534,0.3563299433581316,2.04182497417867,-1.0659189653240388,-1.5711224255679066,-0.6854026923334804,1.3002799990574343,0.334979527312172,-0.41771661057992626,-0.5255960701407614,0.9200835209290303,0.5840294212204432,0.4309612994747514,0.010788324288593443,0.8398650983618882,0.35555521736822654,0.33383672576306345,-0.03972798241435421,-0.5808926346218187,-0.6217506829607715,-0.022449055124049946,-0.4671428723737863,1.3840583406465645,3.321823997583478,1.9516123562000514,2.109430068020724,0.17138900458361278,1.0734765554988877,1.1591682463434823,-1.5085197494005436,0.3709514368460093,-0.08354812013321816,-0.6849414455501801,-1.1807064172516142,0.1889544406654655,0.45125852432694835,0.40946867023093825,0.9591749175330944,0.862406962512403,-0.47565451021668054,0.14791469386649075,0.012323642821740255,-0.3613715829994197,-0.6520104899254531,1.1500641632479522,0.11480411675389499,0.37929728325133344,-0.12818017639377846,1.5548403554359806,-0.08803696907532751,0.16058007713541472,-0.2835300528775952,1.4317946638041426,0.04218231832431045,0.6164913379423986,-0.5546192578057587,-0.0016176435191898148,0.3455446109244303,-0.7983090776945799,0.06548494602750325,0.09601011255154575,-1.274882751616874,-0.6639296860891427,0.08468574728059233,0.09178155492125434,-1.9746588496307496,1.363083624655819,-0.11754172722968637,-1.7454296260872237,0.689437867548643,0.09536601432398076,2.1875690275532618,1.9737367040865754,0.19623670188051764,1.3618525198389628,-1.6551377680800423,-1.2796187335858575,-0.02979150349567955,0.3655877448114123,-1.339933806945279,-1.6131280858420662,1.1268021774842836,0.7853899025443938,-1.214954346638235,1.881374469676006,-2.2108375055617597,0.38299461206746305,-0.062378913993248956,-1.0812916442950207,0.19113842494911862,0.43947065709017896,1.4340329690981122,-2.1914706359927933,1.683520172253517,-0.4151753501170658,0.2652280013518245,-0.09829123134965576,-0.4033858255054015,-0.09488290407421365,1.1087820722198931,1.3758250784849964,0.3693308876448478,-1.4774754586810708,0.45790576106810227,-1.318961759734687,1.2898775251023542,0.5291693857421421,-0.7225860054677886,-0.6024865845145562,1.1258609582335735,1.4545810101615688,0.4988359655120556,0.39968483637691726,1.4778005154845164,1.6358502222921723,0.07081811420225437,1.5336807499569445,-0.7595143926860392,0.07947795439670366]},"noise_profile":{"status":true,"type":"depolarizing","noise_prob":[0.001,0.001,0,0],"noise_on_init_param":{"status":false,"value":0}},"redundant":{"identity_factors":[[0,0,0,0],[1,1,0,0],[2,2,0,0],[3,3,0,0]]},"zne":{"method":"richardson","degree":0,"sampling":"default","data_points":null}},"output":{"data_points":[[4,2,0,0,-6.4060332381961675],[12,6,0,0,-5.147683680770249],[20,10,0,0,-4.13060369641699],[28,14,0,0,-3.301960374777364]],"noise_details":[{"identity_factors":[0,0,0,0],"noise_level":[4,2,0,0],"gates_num":[4,1,1,0],"noise_profile":{"status":true,"type":"depolarizing","noise_prob":[0.001,0.001,0,0],"noise_on_init_param":{"status":false,"value":0}},"odd_wires":4},{"identity_factors":[1,1,0,0],"noise_level":[12,6,0,0],"gates_num":[12,3,1,0],"noise_profile":{"status":true,"type":"depolarizing","noise_prob":[0.001,0.001,0,0],"noise_on_init_param":{"status":false,"value":0}},"odd_wires":4},{"identity_factors":[2,2,0,0],"noise_level":[20,10,0,0],"gates_num":[20,5,1,0],"noise_profile":{"status":true,"type":"depolarizing","noise_prob":[0.001,0.001,0,0],"noise_on_init_param":{"status":false,"value":0}},"odd_wires":4},{"identity_factors":[3,3,0,0],"noise_level":[28,14,0,0],"gates_num":[28,7,1,0],"noise_profile":{"status":true,"type":"depolarizing","noise_prob":[0.001,0.001,0,0],"noise_on_init_param":{"status":false,"value":0}},"odd_wires":4}],"run_time_sec":10.12569546699524},"others":{"observable_string":"1 X 0 X 1 + 1 Z 0 + 1 X 1 X 2 + 1 Z 1 + 1 X 2 X 3 + 1 Z 2 + 1 X 3 X 4 + 1 Z 3 + 1 X 4 X 5 + 1 Z 4 + 1 X 5 X 6 + 1 Z 5 + 1 Z 6","time_evolution_gate_hamiltonian_string":["1 X 0 X 1 + 1 Z 0 + 1 X 1 X 2 + 1 Z 1 + 1 X 2 X 3 + 1 Z 2 + 1 X 3 X 4 + 1 Z 3 + 1 X 4 X 5 + 1 Z 4 + 1 X 5 X 6 + 1 Z 5 + 1 Z 6"]}}