{"config":{"run":"redundant","nqubits":7,"state":"dmatrix","output":{"file_name_prefix":"AUTOMATE_xy_noisy_time_evo_ric2_sample#5","draw":{"status":false,"fig_dpi":100,"type":"png"}},"observable":{"def":"ising","coefficients":{"cn":[0.5,0.5,0.5,0.5,0.5,0.5],"bn":[1.0,1.0,1.0,1.0,1.0,1.0,1.0],"r":1}},"ansatz":{"layer":30,"gateset":1,"ugate":{"type":"xy-iss","coefficients":{"cn":[0.5,0.5,0.5,0.5,0.5,0.5],"bn":[0,0,0,0,0,0,0],"r":0},"time":{"min":0.0,"max":10.0}}},"vqe":{"iteration":1,"optimization":{"status":false,"algorithm":"SLSQP","constraint":true}},"init_param":{"value":[-6.331146189926128e-17,0.7069927066774304,0.7069927066774304,0.7069927066774305,0.7069927066774304,1.0044153364322925,1.0092418692996383,2.470333794214341,2.478143749866421,3.5776564981759003,3.5776564981759003,3.5776564981759003,3.61745967653339,3.6981780389472076,3.755720232685741,3.9712286023902594,3.9712286023902594,4.519037432417192,4.519037432417193,4.519037432417193,5.280953883299406,5.280953883299406,6.620356980277175,6.620356980277175,6.620356980277175,6.620356980277176,8.214004051881032,8.214004051881032,9.105951544537387,10.829366164164977,1.4490195266558639,1.145329650589643,-0.9374272684957279,-1.2910248872233119,0.9701069453007352,2.0238893871034924,-0.6731600678051081,-0.7305037462514778,0.6743483023845589,1.611766624162738,-0.162446688913207,-0.2464021583836281,1.3073653685111934,1.560629053845934,-0.09768282308379246,-0.31393750682085847,0.1625705045557987,-0.1344649185634244,-0.03516682581352061,0.15934568227883428,1.4484389719925783,0.31346340320241645,-1.5406853809043388,0.3831701903776482,0.07255447956326048,-0.4619144712511035,0.6220101497739178,-0.08645510294766677,-0.036774035023737585,-0.02433291891195538,1.2745777688613118,0.806643386980706,-0.1734465019831428,-1.474099767063678,-1.2534035864969235,0.024086803725753666,-0.5946515656594247,3.047855036387052,0.561263952510902,-0.27353577574812815,0.476385213099692,-0.4183083264972014,-0.07584344603997495,-0.04004176630390785,0.6379867024754904,3.306912023625799,0.6758488609505069,-0.49379826249780634,0.04089533617940984,0.4062429454438471,-0.2647421675477994,0.1974729438666808,0.043470303912556706,0.2301819741695647,1.9247102260310271,0.19401136489510468,0.17784496580796996,-0.12037519976757159,0.10596613899479704,0.02480260398862852,0.33616247382037256,-0.2960626605489573,1.2038327046358004,-0.4266046665751028,-0.14331073423696536,0.33240571018120446,0.13743208352564132,0.21308235615415505,-0.8816113951868988,-0.03958129872975694,1.7385124490728345,1.3953860705003918,0.7193393529381484,-0.5890148767931709,1.6845229617798814,-0.04059142172715042,-0.6588344885662398,-1.5492107393137406,0.9886630320432893,1.3955090248591298,-1.7521400718196618,-0.02012078102450614,1.5598528019020075,-0.041272015671692544,0.6659176073691222,-0.10884895615623923,-0.8860283635501729,-0.042494102069769425,-0.5241060846215897,-0.049429521011899694,-1.6158837397685775,-0.29703279066650246,0.6940812648197017,-1.0869617874060826,-1.1891726572683667,0.03935191545498333,-1.7727595774952096,-0.0005664350349098603,-1.2288438066739866,2.182693040857262,1.2648198022740724,0.636776362006322,-1.1418938134635428,0.04892386539982865,-0.6595482134655696,-0.016038133219537475,-1.53365152672916,-0.5818287115590742,-0.8537662908823758,1.3418170063691075,-0.32888813707646736,-0.018460135902194714,-0.8323242421777916,1.5026664500941838,1.809610363246633,-1.5283405786971713,0.5470095670143573,-1.4753657998350065,0.8122840148585063,1.5317878779716176]},"noise_profile":{"status":true,"type":"depolarizing","noise_prob":[0.001,0.001,0.001,0.001],"noise_on_init_param":{"status":false,"value":0}},"redundant":{"identity_factors":[[0,0,0,0],[1,1,1,0]]},"zne":{"method":"richardson","degree":0,"sampling":"default","data_points":null}},"output":{"data_points":[[4,2,7,0,-6.311563719128683],[12,6,21,8,-3.2712898811023576]],"noise_details":[{"identity_factors":[0,0,0,0],"noise_level":[4,2,7,0],"gates_num":[4,1,1,0],"noise_profile":{"status":true,"type":"depolarizing","noise_prob":[0.001,0.001,0.001,0.001],"noise_on_init_param":{"status":false,"value":0}},"odd_wires":4},{"identity_factors":[1,1,1,0],"noise_level":[12,6,21,8],"gates_num":[12,3,3,8],"noise_profile":{"status":true,"type":"depolarizing","noise_prob":[0.001,0.001,0.001,0.001],"noise_on_init_param":{"status":false,"value":0}},"odd_wires":4}],"run_time_sec":9.587943077087402},"others":{"observable_string":"1 X 0 X 1 + 1 Z 0 + 1 X 1 X 2 + 1 Z 1 + 1 X 2 X 3 + 1 Z 2 + 1 X 3 X 4 + 1 Z 3 + 1 X 4 X 5 + 1 Z 4 + 1 X 5 X 6 + 1 Z 5 + 1 Z 6","time_evolution_gate_hamiltonian_string":["0.5 X 0 X 1 + 0.5 Z 0 Z 1 + 0.5 X 1 X 2 + 0.5 Z 1 Z 2 + 0.5 X 2 X 3 + 0.5 Z 2 Z 3 + 0.5 X 3 X 4 + 0.5 Z 3 Z 4 + 0.5 X 4 X 5 + 0.5 Z 4 Z 5 + 0.5 X 5 X 6 + 0.5 Z 5 Z 6"]}}