{"config":{"run":"redundant","nqubits":7,"state":"dmatrix","output":{"file_name_prefix":"AUTOMATE_xy_noisy_time_evo_ric2_sample#2","draw":{"status":false,"fig_dpi":100,"type":"png"}},"observable":{"def":"ising","coefficients":{"cn":[0.5,0.5,0.5,0.5,0.5,0.5],"bn":[1.0,1.0,1.0,1.0,1.0,1.0,1.0],"r":1}},"ansatz":{"layer":30,"gateset":1,"ugate":{"type":"xy-iss","coefficients":{"cn":[0.5,0.5,0.5,0.5,0.5,0.5],"bn":[0,0,0,0,0,0,0],"r":0},"time":{"min":0.0,"max":10.0}}},"vqe":{"iteration":1,"optimization":{"status":false,"algorithm":"SLSQP","constraint":true}},"init_param":{"value":[0.33528943002425843,0.8608925283648261,2.8309935233222867,2.8382233121900358,2.847558790018716,2.8477263794127468,3.9337993695450666,3.9337993695450666,3.9337993695450666,3.9337993695450666,3.9337993695450666,5.127462455084763,5.128383696390232,5.132051241075024,5.132231848473024,5.132297186784173,5.132297186784173,5.132297186784173,5.132320898992942,5.134903164275234,5.734798022200061,5.734798022200061,5.734798022200061,6.71748919093495,6.71748919093495,9.773430860122208,9.791656954875775,9.791980525916317,9.804782964874805,9.947289619134542,0.6818618664375632,0.42253658736184846,0.19067339209915313,-2.314563573529872,-1.7784854373672185,-0.10945476580518654,0.08980428543050965,0.6265702304745648,-0.12016219313034968,0.005450784512528824,0.9621316606784164,-0.01940541263687908,-1.2890091107885369,-0.09216272929775945,-0.8615487717558121,0.021600758375482327,1.1068545366678577,-0.06436428812394061,-1.8186253546793636,-0.2455724158610742,0.7444478114283775,1.0647343146888184,-1.6388802958603008,-0.05032235091912311,0.7589104637111997,0.0934759886788552,0.7280377617711271,-0.10012682423470079,-2.7917715562202794,0.5843828201862561,1.2003794612588048,-0.2782652692858759,1.253725179404932,-0.831140674623039,-1.3898002860152843,1.7689493816619246,-0.768539740515663,-0.5265628815801298,-0.8222194498348508,-0.4525275176973082,0.8944486767447871,1.1352373194126446,0.06348552937029919,-0.7478835175458556,-0.44914670649658045,0.5247278033135997,0.5948349944294522,-0.5743460857513,0.873550995352649,0.8797938271812764,-0.37270941226617715,0.20553479070949218,0.6188766136751805,-0.4012501825920459,-0.4763388197192611,-0.34431485887187113,-1.1697954599661295,0.5556509722807279,-0.5397649164737537,-0.41722730509388967,0.9275888618509817,0.4371362266023078,-1.4110895986752616,0.6716489600966955,0.08900519900900147,0.7708643633651343,0.0944251249629154,-0.053131619179539805,-0.132883145931867,0.44414428660563765,-0.3164026614336652,0.9835391768228284,-0.49696354121947833,0.3510514174127117,-0.24991518010085176,-0.7780713458689107,1.3387260017849976,0.712191280671364,-0.4436070432657242,1.090195713122469,0.3876483875477464,1.113683201871723,0.09724940056823322,-1.3265075307540413,-1.8530581309545013,0.335564434910613,0.16061631243062188,0.6994545842241634,-0.0055568765936962455,1.8148369905661879,-0.9149620921846291,-0.5341673651010566,-0.6583203681162046,-0.05148037848607484,-0.1302834828824637,-0.2083684341417298,-0.7142637766159184,0.4980789266978527,-2.030263033934291,-0.002330467371510849,-0.7835259213136883,-0.18712783689065152,-0.271594041353006,0.606962231033315,0.19917323339650786,0.581852597021436,1.0547240409345577,0.07111303544026976,1.4877210254684077,0.08669172360020491,0.8024105605127613,0.8315802366658298,1.117305276662395,-1.0742437197416552,0.30921812342286065,-0.06994991433225481,1.0419800264617582,1.4507701003592177,0.2408413974211676,1.6573761327725358]},"noise_profile":{"status":true,"type":"depolarizing","noise_prob":[0.001,0.001,0.001,0.001],"noise_on_init_param":{"status":false,"value":0}},"redundant":{"identity_factors":[[0,0,0,0],[1,1,1,0]]},"zne":{"method":"richardson","degree":0,"sampling":"default","data_points":null}},"output":{"data_points":[[4,2,7,0,-6.333005581610797],[12,6,21,8,-3.165101785859742]],"noise_details":[{"identity_factors":[0,0,0,0],"noise_level":[4,2,7,0],"gates_num":[4,1,1,0],"noise_profile":{"status":true,"type":"depolarizing","noise_prob":[0.001,0.001,0.001,0.001],"noise_on_init_param":{"status":false,"value":0}},"odd_wires":4},{"identity_factors":[1,1,1,0],"noise_level":[12,6,21,8],"gates_num":[12,3,3,8],"noise_profile":{"status":true,"type":"depolarizing","noise_prob":[0.001,0.001,0.001,0.001],"noise_on_init_param":{"status":false,"value":0}},"odd_wires":4}],"run_time_sec":10.927413940429688},"others":{"observable_string":"1 X 0 X 1 + 1 Z 0 + 1 X 1 X 2 + 1 Z 1 + 1 X 2 X 3 + 1 Z 2 + 1 X 3 X 4 + 1 Z 3 + 1 X 4 X 5 + 1 Z 4 + 1 X 5 X 6 + 1 Z 5 + 1 Z 6","time_evolution_gate_hamiltonian_string":["0.5 X 0 X 1 + 0.5 Z 0 Z 1 + 0.5 X 1 X 2 + 0.5 Z 1 Z 2 + 0.5 X 2 X 3 + 0.5 Z 2 Z 3 + 0.5 X 3 X 4 + 0.5 Z 3 Z 4 + 0.5 X 4 X 5 + 0.5 Z 4 Z 5 + 0.5 X 5 X 6 + 0.5 Z 5 Z 6"]}}