{"config":{"run":"zne","nqubits":7,"state":"dmatrix","observable":{"def":"ising","coefficients":{"cn":[0.5,0.5,0.5,0.5,0.5,0.5],"bn":[1.0,1.0,1.0,1.0,1.0,1.0,1.0],"r":1}},"output":{"file_name_prefix":"noisefree_time_evo_ising_sample#4_default2_richardson","draw":{"status":false,"fig_dpi":100,"type":"png"}},"vqe":{"iteration":30,"optimization":{"status":true,"algorithm":"SLSQP","constraint":false},"ansatz":{"type":"ising","layer":30,"gateset":1,"ugate":{"coefficients":{"cn":[0.5,0.5,0.5,0.5,0.5,0.5],"bn":[0,0,0,0,0,0,0],"r":0},"time":{"min":0.0,"max":10.0}},"noise":{"status":true,"value":[0.001,0.001,0,0]},"init_param":[-1.0140539063544527,-0.6732496964280634,-0.18990775695643222,-0.552658165286484,-0.21641788036543355,2.0665670430883636,1.7618911574117064,2.0154801675719747,1.7917157087898092,1.9050027027607166,4.173900188643243,4.099022454289293,4.3411614536294305,4.724508574968116,4.438102952421584,4.226786892189702,4.809092476145507,4.68565341517889,4.614027861318549,5.388128294736203,4.785018231808679,7.145329440809223,6.858440714575102,6.4151648529967344,6.901175340805775,6.6886953968282175,8.431226573777831,9.229755429468822,9.785481458604687,10.492151954115906,0.0988220435543694,-1.1356895761076562,0.05866855486178579,1.1550979640620203,0.7383116844286666,0.5783728575239195,-0.7939867949054958,-1.615784032356394,-1.1167552890535384,-0.2839709783140793,1.132743024067045,1.856941541057866,-0.47937921710648046,0.8580987372725913,-0.6812764840835456,-0.22616797491660007,2.2428150004546463,0.7333821176721811,0.24153409568886325,0.7640826102374444,0.4241704000743973,0.23651014044704036,1.0124637300106558,-1.2739131694455215,1.556353488163203,-0.43153329619332476,0.30804399054990517,-0.3025447882574881,0.6472953036697016,-0.5981454406838811,-1.8559699622067471,-0.4853081256941072,-0.21132529824662027,1.2877211610269519,-1.407159261355261,0.19363458540592604,-0.21568688872580108,0.01217332651754278,-0.1739394048841709,0.007751718263104616,-0.10159662558657526,-0.5289157997928622,0.836204825522372,-0.3634557763787472,-0.26502581105905415,0.8862341975705746,0.10704249067526511,0.13099516333816125,0.21913643269750116,-0.8976224471958452,0.8589789024045775,-0.34902446286175104,0.213007922326323,-0.6178166903051927,0.6334667057818314,-0.76177197280156,-0.05355455964404351,-0.4723720051154781,0.013593143105927628,0.22692026328013568,0.5706609559043168,-0.5203834825468093,-0.29354931271600077,-0.3891727993998843,0.06505858705634254,0.26480281497721025,-0.17109573714910492,0.9462906985584232,-0.13530463026933306,0.5060330517777345,0.5744818065063891,-0.15068232215791058,0.6633564192069258,0.2786263660832118,-0.5728575236740729,1.339289691277301,1.135379643157096,-1.022763058959006,1.0173987424400244,-0.740450248870828,1.0765857461211603,-0.6295264112718306,1.0000129444922607,-1.8551694624702408,-1.3002689668974283,0.3120313693247668,0.30754429406999667,-0.023008583723458913,0.11884849481474596,-0.7056963886787351,0.3033524113966008,1.3625248340584533,-1.0100530038550282,0.2734211168691744,1.0523219963774202,1.1274528042632566,0.3665798830379545,0.42998513321582815,0.06035577528797066,-0.1740191344617962,-0.8544120177031939,0.6745552636399195,0.8870273671884733,0.33093209129602646,0.9548282883454244,0.569375603553503,0.9867154519837129,0.9652201153691626,0.6202406781827973,1.0402940067333692,-0.4037047038311056,-0.18496884087500498,0.1897013023538418,1.4212296734566285,0.5840637516067102,-1.3039179078850467,-0.65440089752253,-0.9527722502466703,2.0153809435406065,0.9604490873128029]}},"identity_factors":[[0,0,0,0],[1,0,0,1]],"zne":{"method":"richardson","degree":1,"sampling":"default-2","data_points":[[4,0,0,1,-6.874499009061504],[12,0,0,3,-5.674766774580612]]}},"output":{"exact_sol":-8.566772233505624,"zne_values":{"degree":1,"sampling":"default-2","sampled data":[[4,0,0,1,-6.874499009061504],[12,0,0,3,-5.674766774580612]],"extrapolated_value":-7.474365126301951,"others":{"sorted_noise":[5,15],"sorted_expectation_vals":[-6.874499009061504,-5.674766774580612],"beta_coeffiecients":[1.5,-0.5],"cost_richardson_zne":2.5}},"run_time_sec":0.00014901161193847656}}