{"config":{"run":"redundant","nqubits":7,"state":"dmatrix","observable":{"def":"ising","coefficients":{"cn":[0.5,0.5,0.5,0.5,0.5,0.5],"bn":[1.0,1.0,1.0,1.0,1.0,1.0,1.0],"r":1}},"output":{"file_name_prefix":"noisefree_time_evo_ising_sample#7","draw":{"status":false,"fig_dpi":100,"type":"png"}},"vqe":{"iteration":30,"optimization":{"status":false,"algorithm":"SLSQP","constraint":false},"ansatz":{"type":"ising","layer":30,"gateset":1,"ugate":{"coefficients":{"cn":[0.5,0.5,0.5,0.5,0.5,0.5],"bn":[0,0,0,0,0,0,0],"r":0},"time":{"min":0.0,"max":10.0}},"noise":{"status":true,"value":[0.001,0.001,0,0]},"init_param":[-0.46033012909396165,-0.18021408185381377,0.47038718363862875,0.22355848852185553,2.282495627743835,1.9664090010084316,2.5893528741316554,3.426602227029897,2.5642871928238735,3.1843039040799312,3.2360851806882542,5.084619897777936,4.291677335084355,4.984467483398153,3.074450313623271,4.98478563450493,4.827959693333605,5.9932765338242815,5.968472541895944,8.510108476634821,8.492576164819457,8.723939363550798,8.125629480145324,8.713247271583862,10.178800867856546,10.252709629222153,8.811775854394503,10.586717354148567,9.460789881221968,10.227052042754956,0.40159959065049533,0.47203382978100406,0.975289813018727,-1.2583534045465838,0.381777608588075,-1.467798378597444,-1.5871260037877215,0.09498406185980865,0.7268290961537904,0.18786773311322588,-0.26348020678563727,0.1261901742843051,0.17758448799003432,0.7387728328692534,0.6323147853746529,0.004417580301126583,1.5146700814200182,-0.8675093164210247,-0.4328675732465325,0.8198846836367298,0.3864801665726665,-0.4762993396059153,0.06007720390831357,-1.3935336867119918,0.5220652584770403,-1.3888362122490485,0.1070663228332951,0.5300678871738372,1.5484713629310543,1.04541624231741,-0.6008444918331302,1.006554615162787,-0.8548850961612954,0.4020361280397226,-0.8662274427013459,0.9959818108377123,-0.28184363432184867,-0.45120395517582884,0.8933008733676983,-0.711047422559219,0.400061069086958,0.28189588123794324,-0.20671268591339376,0.5461357435072373,-1.0434357564808223,-0.25017712593288083,1.0089704855956663,-0.7609688725626618,1.1250215007629063,-0.16486155814702091,0.5998767441306987,-0.522681560515288,0.21351612958668192,1.1942323700795585,-0.717797365217976,0.4838980422470772,-1.1413784639888453,0.3110118114747898,-0.1606704489846106,-0.19696585094742602,0.28841971657494303,-0.6683097427372734,-0.9861146270181662,0.5779557774985822,0.3288690072217213,0.475365397848357,0.4294402121753903,0.1062007120791914,-1.9284920021811265,0.03166423446414005,0.714964534843536,0.12967010491520797,-0.06811472116999749,-0.7327053799655593,-0.07532854531735136,0.27924192484394406,0.5711808387725585,0.438320067254034,1.1360206400590482,0.23157174614808035,0.05980736896636961,0.2123672757056323,0.43870336382547226,1.387382613952297,1.1013944624036949,0.15340226981947208,0.2540725762768757,0.7314808983764071,-0.720616187249995,-1.0808422420142954,-0.19604502742446406,-0.6626544961646275,2.5468345683010405,0.31495700793596954,1.1457283647229912,0.8112778856472257,0.9410255657655703,0.11469202867189847,-0.027473589581571693,1.3910004419734543,-0.3801028448096961,-0.2768149258914244,0.975039921598039,-0.6312283481681922,-0.474576354572506,-0.9503435884026932,-1.697386469911784,-1.5574345052813239,1.5926880943781718,-0.10146576778405399,-0.5956727584552587,-0.17978750399958798,0.6617998613280242,-1.766731966841321,-0.3546753895722568,0.03943946207448053,-0.01393910532720764,-0.5784349731211772,-0.5379740970523178,0.2484607293143219]}},"identity_factors":[[0,0,0,0],[1,0,0,1]],"zne":{"method":"richardson","degree":1,"sampling":"default-2","data_points":null}},"output":{"data_points":[[4,1,0,1,-7.081709701339257],[12,1,0,3,-5.833538514505761]],"run_time_sec":6.94322395324707},"others":{"observable_string":"1 X 0 X 1 + 1 Z 0 + 1 X 1 X 2 + 1 Z 1 + 1 X 2 X 3 + 1 Z 2 + 1 X 3 X 4 + 1 Z 3 + 1 X 4 X 5 + 1 Z 4 + 1 X 5 X 6 + 1 Z 5 + 1 Z 6","time_evolution_gate_hamiltonian_string":["1 X 0 X 1 + 1 Z 0 + 1 X 1 X 2 + 1 Z 1 + 1 X 2 X 3 + 1 Z 2 + 1 X 3 X 4 + 1 Z 3 + 1 X 4 X 5 + 1 Z 4 + 1 X 5 X 6 + 1 Z 5 + 1 Z 6"]}}