{"config":{"run":"redundant","nqubits":7,"state":"dmatrix","output":{"file_name_prefix":"AUTOMATE_heisenberg_noisefree_time_evo_ric4_unifrom_scaling_sample#7","draw":{"status":false,"fig_dpi":100,"type":"png"}},"observable":{"def":"ising","coefficients":{"cn":[0.5,0.5,0.5,0.5,0.5,0.5],"bn":[1.0,1.0,1.0,1.0,1.0,1.0,1.0],"r":1}},"ansatz":{"layer":30,"gateset":1,"ugate":{"type":"heisenberg","coefficients":{"cn":[0.5,0.5,0.5,0.5,0.5,0.5],"bn":[0,0,0,0,0,0,0],"r":0},"time":{"min":0.0,"max":10.0}}},"vqe":{"iteration":1,"optimization":{"status":false,"algorithm":"SLSQP","constraint":true}},"init_param":{"value":[-1.8784742854218807e-17,-7.763750530158576e-17,0.3802827375258553,0.44096449652630626,0.8040692975576897,1.9224694434519336,1.9224694434519338,1.9224694434519336,1.9224694434519336,1.9224694434519336,1.9224694434519338,2.730288811725591,4.476350841356259,4.476350841356259,4.476350841356259,6.331658137341824,6.331658137341824,6.7621011201584285,6.77851096220289,7.490043179529316,7.490043179529316,7.490043179529316,7.490043179529316,7.511664240193972,8.302259372586072,8.36899822047307,8.607405767895836,9.631163052898822,9.874876363637043,10.225975825453373,2.711573403856553,0.20239905137011172,-0.4220883549830381,-0.8404830976891227,1.794332340210785,1.5095243517856047,0.22326098118939897,0.07733371735403745,1.280548885023134,1.4121496210624682,0.9815935680907694,-2.975348552150871,1.6316643284140941,0.8239502945369961,0.0314505340316768,-1.0892891749800817,1.720694113273713,0.6634696927679957,-0.836512780686814,-1.1286873737196692,-0.09500137106776224,1.0428135848317974,-0.4828772957450712,-1.129334172148368,0.7253737318795237,1.4108675361353635,0.7588540034470418,-0.5039485441412638,0.10346857579652805,1.2668095290766983,0.7994757345637048,-0.7393240316081237,-0.7818304990031031,0.25375980918776664,2.228975199542585,2.2487625387645873,0.6384105819815235,0.39434544396871446,1.3679129840939837,-0.27336699910726836,1.3170761670781417,1.1159622861844822,1.176824183488981,0.40583799697229034,0.8786168217534174,0.2914083315983707,-0.8464697846173548,-0.032455291822620566,-2.0755386823554396,-0.11439663923099666,0.7312672791487281,0.4263196833485598,0.11802610051350722,1.0445881812565523,-1.9566462184988007,0.9492303984073598,-1.7129593951518396,-0.3230601534209437,0.3161713641922788,-0.4811213940350071,0.08327140785409295,0.37526634808329173,-1.9990814349080968,-0.15397700748904192,-0.9549084255901845,1.1120455683467105,-0.42952128451280097,0.17929609797141985,1.0446016069356951,0.846774755857218,-0.2784586201121851,0.23000407229986752,-0.9198047598183884,0.996529675185623,0.34608382599103005,0.5099375110708237,2.1948932092248885,1.3625694142279887,-0.9306056124011278,0.6012804875871011,-0.7788968212470156,-1.5884735532174328,1.0361309111992296,0.015937704739038126,1.4003797043998856,2.429422654005534,-0.27504014116509645,0.8256449732433587,1.2146087003914199,-0.6435553984602482,0.3046269503778821,1.0182549333954134,1.4202224852266074,1.3511302325707892,-0.7261672378416364,1.5992752660640235,-0.5764295578986515,-0.8318409785507642,1.1375736468462807,0.8529850561064739,0.9553972898831558,-0.09161160854677679,1.617622889574723,1.4551513261723394,-0.08817813881493969,0.8045852859105778,1.9892741470924016,1.8347816167556374,-0.8050652823779443,0.008511392950551585,2.1460096989270747,0.49277581514942953,-2.4311684786278165,0.5134791015266132,0.9751974520662461,-0.38582649358518695,0.7746227771853464,1.7307944301597258,2.1320333699599043,1.1654652968447545]},"noise_profile":{"status":true,"type":"depolarizing","noise_prob":[0.001,0.001,0,0],"noise_on_init_param":{"status":false,"value":0}},"redundant":{"identity_factors":[[0,0,0,0],[1,1,0,0],[2,2,0,0],[3,3,0,0]]},"zne":{"method":"richardson","degree":0,"sampling":"default","data_points":null}},"output":{"data_points":[[4,2,0,0,-5.9667914171586585],[12,6,0,0,-4.541488857163632],[20,10,0,0,-3.4337943886777844],[28,14,0,0,-2.564526423455772]],"noise_details":[{"identity_factors":[0,0,0,0],"noise_level":[4,2,0,0],"gates_num":[4,1,1,0],"noise_profile":{"status":true,"type":"depolarizing","noise_prob":[0.001,0.001,0,0],"noise_on_init_param":{"status":false,"value":0}},"odd_wires":4},{"identity_factors":[1,1,0,0],"noise_level":[12,6,0,0],"gates_num":[12,3,1,0],"noise_profile":{"status":true,"type":"depolarizing","noise_prob":[0.001,0.001,0,0],"noise_on_init_param":{"status":false,"value":0}},"odd_wires":4},{"identity_factors":[2,2,0,0],"noise_level":[20,10,0,0],"gates_num":[20,5,1,0],"noise_profile":{"status":true,"type":"depolarizing","noise_prob":[0.001,0.001,0,0],"noise_on_init_param":{"status":false,"value":0}},"odd_wires":4},{"identity_factors":[3,3,0,0],"noise_level":[28,14,0,0],"gates_num":[28,7,1,0],"noise_profile":{"status":true,"type":"depolarizing","noise_prob":[0.001,0.001,0,0],"noise_on_init_param":{"status":false,"value":0}},"odd_wires":4}],"run_time_sec":10.504075527191162},"others":{"observable_string":"1 X 0 X 1 + 1 Z 0 + 1 X 1 X 2 + 1 Z 1 + 1 X 2 X 3 + 1 Z 2 + 1 X 3 X 4 + 1 Z 3 + 1 X 4 X 5 + 1 Z 4 + 1 X 5 X 6 + 1 Z 5 + 1 Z 6","time_evolution_gate_hamiltonian_string":["0.5 X 0 X 1 + 0.5 Y 0 Y 1 + 0.5 Z 0 Z 1 + 0.5 X 1 X 2 + 0.5 Y 1 Y 2 + 0.5 Z 1 Z 2 + 0.5 X 2 X 3 + 0.5 Y 2 Y 3 + 0.5 Z 2 Z 3 + 0.5 X 3 X 4 + 0.5 Y 3 Y 4 + 0.5 Z 3 Z 4 + 0.5 X 4 X 5 + 0.5 Y 4 Y 5 + 0.5 Z 4 Z 5 + 0.5 X 5 X 6 + 0.5 Y 5 Y 6 + 0.5 Z 5 Z 6"]}}