{"config":{"run":"zne","nqubits":7,"state":"dmatrix","output":{"file_name_prefix":"AUTOMATE_heisenberg_noisefree_time_evo_ric4_unifrom_scaling_sample#6","draw":{"status":false,"fig_dpi":100,"type":"png"}},"observable":{"def":"ising","coefficients":{"cn":[0.5,0.5,0.5,0.5,0.5,0.5],"bn":[1.0,1.0,1.0,1.0,1.0,1.0,1.0],"r":1}},"ansatz":{"layer":30,"gateset":1,"ugate":{"type":"heisenberg","coefficients":{"cn":[0.5,0.5,0.5,0.5,0.5,0.5],"bn":[0,0,0,0,0,0,0],"r":0},"time":{"min":0.0,"max":10.0}}},"vqe":{"iteration":1,"optimization":{"status":false,"algorithm":"SLSQP","constraint":true}},"init_param":{"value":[0.38848003251483587,0.3884800325148359,1.2841735835398218,1.284173583539822,1.2841735835398218,1.818138220668234,1.818138220668234,2.7575469841005327,2.7575469841005327,2.7575469841005327,3.0053468968599275,3.0053468968599275,3.005346896859927,4.184079661691832,4.83635165164968,4.83635165164968,5.97926077140412,6.458805266455043,6.513102391504654,6.513102391504654,7.122105903846713,7.2188422331450415,7.988590448127284,8.268095077127937,8.268095077127937,9.164456488648115,9.164456488648115,9.782953992889732,9.782953992889732,10.467486029517685,1.5496959718296535,-1.0300437645832343,0.425343365508412,-1.7136674729251273,0.33645197441382346,0.2288357961575219,0.10470230685228102,-0.6612661793744108,0.11823315872480306,0.48571962162230753,-1.3748501535311368,0.2563120795974374,-0.38871520150353267,-0.18786175076151226,1.0017996241286973,0.05598903629217323,1.501328526357405,-0.32299727271195017,0.5715295079657807,-0.12201961934486968,2.2747823054657927,0.16289086097520028,0.027619518366160244,-0.10165606616500937,-0.06321979816820887,-0.27543819802246033,-0.0048370064103128475,0.1330138167350915,-0.06428151371988705,0.21905201010909556,0.25697175483980955,-1.462905966720411,0.8014511304369155,3.456137165485204,-0.3560002683832885,-0.4886877133354182,0.32039145066707037,1.6153352350920127,0.5940099487759896,0.18140087044059483,0.27123106498617,0.7444341922951362,0.170480557625751,-0.4688462519246396,0.5235839184929864,-0.5470964469389679,-0.011921500492307424,1.4116230981753706,0.49972453659747124,-0.7800673920851233,0.4234227404504273,-0.2071635265929523,0.14064328933496192,-1.2007096247825992,0.12047098237640114,-0.4125103841815656,1.0447620953563077,0.0020814149928196773,0.4988991062112368,-0.34495773827123155,-0.12849063482979717,0.4280934542561602,0.7138444629946918,-0.6497712710787925,-0.43652659674625793,0.917432486791049,-0.8523477361785018,0.5648987974980545,0.3183226113969618,0.14295784675778261,0.9589824340171335,0.9194478619356266,1.1001359353915339,1.5417377267389083,-0.5376003771957187,-0.5404528215706331,0.21624687748210675,0.8814937279455825,-0.371639532103812,-0.2668100917972658,1.3133163210428074,0.44574090697479807,-1.0940261852319737,-0.313830643067749,-0.06100275437545863,-0.049560783686653447,-0.3025056724120473,-0.9891529613817422,-0.35099332176432035,0.5436069706516342,-0.722828417704955,1.6968661444846564,-2.4402971962208975,0.7865745542588627,1.3437881169309889,0.36108471326554326,-0.1749159211919777,-0.014334278530919132,0.02978377629472008,1.8533978555002608,-1.8470426695738211,0.6272356375919823,0.44775499409400255,1.3281153539688288,0.4583217606753929,0.6443670392327268,0.5254233581973354,2.3087652110195127,-0.7761319091913014,-0.7605421959233766,-0.6461580464596497,0.7075597766411752,0.985778508379752,-1.3130974173457381,2.8711331564400684,1.2993543284582694,1.9493614761217355,1.1647493000584068,-0.42731613935458074,2.7038346000669766]},"noise_profile":{"status":true,"type":"depolarizing","noise_prob":[0.001,0.001,0,0],"noise_on_init_param":{"status":false,"value":0}},"redundant":{"identity_factors":[[0,0,0,0],[1,1,0,0],[2,2,0,0],[3,3,0,0]]},"zne":{"method":"richardson","degree":0,"sampling":"default","data_points":[[4,2,0,0,-6.144691518305653],[12,6,0,0,-4.667338994079639],[20,10,0,0,-3.522600808002957],[28,14,0,0,-2.628229437680454]]}},"output":{"exact_sol":-8.566772233505624,"zne_values":{"degree":0,"sampling":"default","sampled data":[[4,2,0,0,-6.144691518305653],[12,6,0,0,-4.667338994079639],[20,10,0,0,-3.522600808002957],[28,14,0,0,-2.628229437680454]],"extrapolated_value":-7.033800507973144,"others":{"sorted_noise":[6,18,30,42],"sorted_expectation_vals":[-6.144691518305653,-4.667338994079639,-3.522600808002957,-2.628229437680454],"beta_coeffiecients":[2.1875,-2.1875,1.3125,-0.3125],"cost_richardson_zne":11.390625}},"run_time_sec":4.38690185546875e-05}}