{"config":{"run":"zne","nqubits":7,"state":"dmatrix","output":{"file_name_prefix":"heisenberg_ansatz_sample#6","draw":{"status":false,"fig_dpi":100,"type":"png"}},"observable":{"def":"ising","coefficients":{"cn":[0.5,0.5,0.5,0.5,0.5,0.5],"bn":[1.0,1.0,1.0,1.0,1.0,1.0,1.0],"r":1}},"ansatz":{"layer":30,"gateset":1,"ugate":{"type":"heisenberg","coefficients":{"cn":[0.5,0.5,0.5,0.5,0.5,0.5],"bn":[0,0,0,0,0,0,0],"r":0},"time":{"min":0.0,"max":10.0}}},"vqe":{"iteration":1,"optimization":{"status":false,"algorithm":"SLSQP","constraint":false}},"init_param":{"value":[0.3598915033378817,-0.13755998052279442,0.7034865224095829,1.841793159218329,1.3664433388585877,1.9816827818238316,1.8537035490263514,2.5165750740793973,2.268853821648077,3.0606307465836777,4.001297294828525,3.458560352354161,4.266359301693761,3.8372758945006322,5.184086384834327,5.011152188256337,5.664206152292177,5.827970350345536,7.110176974739121,7.1207543386884895,7.738784720703523,8.45946785166072,8.444501732408469,8.315845757039494,8.611584487202178,9.320741792807995,9.05872835074255,10.722628287734711,10.607534894620123,11.012236779021856,0.038448306516788926,0.6040229547462883,-0.1458354341429301,0.2510147858944979,0.5670980369825184,0.17359850274803285,0.42138180707100664,1.1301840872536137,0.745205479538114,0.20448250970078186,0.8241013107133093,-0.4817468353592204,0.9913824625847799,1.1892580026441335,0.8482235811183949,0.2574227141112114,0.9461660550653227,-0.5515793439866862,0.0025356582848156195,0.18582312660313355,1.2937754053239274,-0.5567067459668521,-0.3913076749745437,-0.614989884804888,1.0470028058916119,-0.008240709986657567,-0.6496563112441237,-0.8826680796339755,1.0135882691934224,-0.9065824066256749,0.7844905031589231,-0.7169067928226502,0.7182937257410832,-0.8430757620501328,0.14821111688756952,-1.7958070138818742,0.09878626940164373,0.362651147232606,-0.6872528718992428,-0.5499148510590764,-1.6720463798406389,0.16801405719294984,1.374451100181695,0.32981320313724055,0.09340260694592736,1.4354217608698354,-0.9525689052334634,-0.5061215403597601,1.4301986949792695,-0.2723837817980878,0.6275432479431733,0.4053999150091461,-0.13585930852008812,0.268796729327805,0.02139874185070872,-0.6630751771641206,0.4334763919094019,-0.01582798527895081,-0.7230282708207303,-0.5202582658703141,-0.3378156605405116,-0.7442259893750879,1.3166555524076582,-0.7290370570698231,0.732594130915032,-0.029650692645422,0.39156988434806894,-0.3468357841916939,-0.06080748709165436,0.16783454206980808,0.30955341154398275,-0.2589360455699447,-0.5386482478231593,0.888998101930237,0.6369456863778086,-0.0037252748595534924,-0.008183102019860725,2.364181659813376,0.6026205366967099,-1.0710843250873012,-0.054914327624434725,-0.5580235333379698,0.5110141635961906,-0.2649237182785947,0.21986840710155447,0.9623749093916455,-0.01296976966112363,0.6848230590148938,1.1633573295201873,-0.5369985882326543,-0.21279221071632798,0.9162411197636794,0.9233561555385129,1.094267250715169,0.2537975436853862,0.28994771958882803,-0.6003471871337023,-1.515376275320232,1.2171410603753268,-0.5678960529418899,0.07946296196165685,-0.1325038112777176,0.4363374114028384,0.5900305758182247,-0.28916461264035226,0.08590865774299523,0.776623846949119,-0.3631602132647199,0.39791276412737847,-0.14315653720854496,1.1799413640861782,0.764984437612265,0.2095018684304127,0.8788972866444588,1.8123907916276891,0.4083219886528139,1.3414904989015284,1.558510097924161,-0.5969159586127685,1.7980852144879313]},"noise_profile":{"status":true,"type":"depolarizing","noise_prob":[0.001,0.001,0,0],"noise_on_init_param":{"status":false,"value":0.01}},"redundant":{"identity_factors":[[0,0,0,0],[1,1,0,0],[2,2,0,0]]},"zne":{"method":"richardson","degree":1,"sampling":"default","data_points":[[4,2,0,0,-6.7782338407479354],[12,6,0,0,-5.435872970027219],[20,10,0,0,-4.347991954901208]]}},"output":{"exact_sol":-8.566772233505624,"zne_values":{"degree":1,"sampling":"default","sampled data":[[4,2,0,0,-6.7782338407479354],[12,6,0,0,-5.435872970027219],[20,10,0,0,-4.347991954901208]],"extrapolated_value":-7.544844221956309,"others":{"sorted_noise":[6,18,30],"sorted_expectation_vals":[-6.7782338407479354,-5.435872970027219,-4.347991954901208],"beta_coeffiecients":[1.875,-1.25,0.375],"cost_richardson_zne":5.21875}},"run_time_sec":0.0004601478576660156}}