{"config":{"run":"redundant","nqubits":7,"state":"dmatrix","output":{"file_name_prefix":"AUTOMATE_xy_noisefree_time_evo_ric3_sample#9","draw":{"status":false,"fig_dpi":100,"type":"png"}},"observable":{"def":"ising","coefficients":{"cn":[0.5,0.5,0.5,0.5,0.5,0.5],"bn":[1.0,1.0,1.0,1.0,1.0,1.0,1.0],"r":1}},"ansatz":{"layer":30,"gateset":1,"ugate":{"type":"xy-iss","coefficients":{"cn":[0.5,0.5,0.5,0.5,0.5,0.5],"bn":[0,0,0,0,0,0,0],"r":0},"time":{"min":0.0,"max":10.0}}},"vqe":{"iteration":1,"optimization":{"status":false,"algorithm":"SLSQP","constraint":false}},"init_param":{"value":[0.17961742860022237,0.4029745783400613,0.4271020388774394,0.6998927493507625,1.1444327445959492,1.4463150894355827,1.7859669797147917,1.7859669797147917,1.8910076260348616,2.1568466639380097,2.184715675260106,2.3241261579565067,5.221288254664872,5.360678146313719,5.572749542622228,6.315664711217606,6.332942041057151,7.225695385348529,7.238714694082236,7.767863290353532,7.947954629935657,8.045079231148478,8.080705184182557,8.235317994608641,8.52967785406855,8.920755162601605,8.920755162601605,8.920755162601605,9.75907480462672,11.068402571583377,-0.07026370230905016,1.2758275954101812,0.1960569796315372,-0.7454998985427054,0.5260870873255556,1.3632265149428353,0.06759709485075166,0.7201883678889174,0.7780364770341424,0.7034018811814728,-0.3281225120527201,-0.21523884970562404,0.3525948786581971,0.10058439953616755,0.8489242437750127,0.4102210250930649,-1.1239274808373552,-0.07527028057729333,-0.662823747816413,-0.09016589559770041,0.0005078927131911535,-0.9974030724775158,1.2973260682530905,0.6207513445119947,-0.06959715000945968,0.01479447508324883,0.5707366547040263,0.8024230791007029,0.11580671533830131,0.5319238260215059,2.029703693625361,0.8476591202353092,-0.5985490132202251,-1.0850372047073247,-0.13885829158476937,0.6160884575951602,-0.6119315652443118,0.25456754270344084,1.6135141314150674,1.6101080474118592,-1.0046888465114787,-1.2174288348798858,-0.8801790341822278,-0.01998793431745051,-1.007194981866689,-1.6365882266166358,3.524880820008825,1.5399950054830251,-1.401820445976074,-0.04945776017633801,0.9565666812114323,-0.20490442564626934,-0.5632271134618189,1.0033608730635488,0.12368927199762578,-0.06153617179775209,1.0557374829951787,1.532632985657107,-0.3069192599686721,1.8620498010178619,0.18083984306067874,-0.9702971127887235,-0.4866438529829019,0.2527358034573417,0.46390718912935613,0.05253485630073179,-0.15957905175444287,0.5064463362180326,0.6588516997606392,0.036226022952260704,-1.5941274572195923,0.3692191472654626,0.31840120283705997,0.8741993879399423,0.4802653460337955,0.3012459045041651,0.5102022084743536,0.3727970282915065,0.6665750190815365,-0.7773615380935764,0.12852119124454983,0.6774482070442244,-0.34235651892527574,-1.1577831131801597,-0.2879120353476077,1.157549789799121,-0.1818163295634488,-0.034519908964088415,-0.6744130553492667,1.1322140576298956,0.5044463860518625,1.5469749343656427,-0.19451127779487945,0.16868157432748737,0.3887158384137858,1.179393002549757,0.4377598134949622,0.42273561999328285,0.17555703442650725,0.7637154786900613,0.3204620558964089,-1.0127445325141415,-0.3366137672636463,-0.6128563234467006,-0.19959799618607235,-0.22993024268879514,0.6548635589470768,0.5449412421525476,0.11171602982233311,0.5174688869584806,-0.0926785574168733,-0.012796553414024043,0.872831179387319,-0.3738274777631416,0.708424995234135,1.1207261796968788,0.39043722964884914,1.5466373285390471,-0.0566526099067629,-1.544789451209757]},"noise_profile":{"status":true,"type":"dephasing","noise_prob":[0.001,0.001,0,0],"noise_on_init_param":{"status":false,"value":0}},"redundant":{"identity_factors":[[0,0,0,0],[1,1,0,0],[2,1,0,0]]},"zne":{"method":"richardson","degree":2,"sampling":"default","data_points":null}},"output":{"data_points":[[4,2,0,0,-7.490401940556117],[12,6,0,0,-6.024894954442858],[20,6,0,0,-5.239096767807117]],"noise_details":[{"identity_factors":[0,0,0,0],"noise_level":[4,2,0,0],"gates_num":[4,1,1,0],"noise_profile":{"status":true,"type":"dephasing","noise_prob":[0.001,0.001,0,0],"noise_on_init_param":{"status":false,"value":0}},"odd_wires":4},{"identity_factors":[1,1,0,0],"noise_level":[12,6,0,0],"gates_num":[12,3,1,0],"noise_profile":{"status":true,"type":"dephasing","noise_prob":[0.001,0.001,0,0],"noise_on_init_param":{"status":false,"value":0}},"odd_wires":4},{"identity_factors":[2,1,0,0],"noise_level":[20,6,0,0],"gates_num":[20,3,1,0],"noise_profile":{"status":true,"type":"dephasing","noise_prob":[0.001,0.001,0,0],"noise_on_init_param":{"status":false,"value":0}},"odd_wires":4}],"run_time_sec":6.226001262664795},"others":{"observable_string":"1 X 0 X 1 + 1 Z 0 + 1 X 1 X 2 + 1 Z 1 + 1 X 2 X 3 + 1 Z 2 + 1 X 3 X 4 + 1 Z 3 + 1 X 4 X 5 + 1 Z 4 + 1 X 5 X 6 + 1 Z 5 + 1 Z 6","time_evolution_gate_hamiltonian_string":["0.5 X 0 X 1 + 0.5 Z 0 Z 1 + 0.5 X 1 X 2 + 0.5 Z 1 Z 2 + 0.5 X 2 X 3 + 0.5 Z 2 Z 3 + 0.5 X 3 X 4 + 0.5 Z 3 Z 4 + 0.5 X 4 X 5 + 0.5 Z 4 Z 5 + 0.5 X 5 X 6 + 0.5 Z 5 Z 6"]}}