{"config":{"run":"zne","nqubits":7,"state":"dmatrix","output":{"file_name_prefix":"AUTOMATE_ising_noisefree_time_evo_ric2_sample#7","draw":{"status":false,"fig_dpi":100,"type":"png"}},"observable":{"def":"ising","coefficients":{"cn":[0.5,0.5,0.5,0.5,0.5,0.5],"bn":[1.0,1.0,1.0,1.0,1.0,1.0,1.0],"r":1}},"ansatz":{"layer":30,"gateset":1,"ugate":{"type":"ising","coefficients":{"cn":[0.5,0.5,0.5,0.5,0.5,0.5],"bn":[0,0,0,0,0,0,0],"r":0},"time":{"min":0.0,"max":10.0}}},"vqe":{"iteration":1,"optimization":{"status":false,"algorithm":"SLSQP","constraint":true}},"init_param":{"value":[0.4319322451408806,0.4441934852523559,0.5878315575931067,0.5878315575931067,0.5912427958750637,0.5947187380620651,0.5947187380620652,1.5628074958209335,1.568718083448373,2.013035808837258,2.013035808837258,2.013035808837258,2.0277481086167364,4.114573484042011,4.1154343976538055,5.358852938788934,5.358852938788934,5.549639110185835,5.667644288942511,5.6706149635077026,7.063797010237488,7.658675772413245,8.123010743902626,8.633070512181217,8.7849794748515,8.7849794748515,10.749769122252356,10.89899813672382,11.413879450074099,11.413879450074099,-0.04151001581527148,-2.751209241920508,-0.5056705094410174,-0.406548832581749,0.8633340895103881,0.17259893989954428,-0.21235924407313156,-0.5485334561985523,0.2012951527025238,-0.23858034563229433,2.1364176057207223,0.7817014982866842,-0.1108899918027214,0.6048531661014985,1.809261328558185,-1.1786415575821785,-1.0827170099436865,0.4109384498547832,0.8090945308822337,-0.9356585252219308,0.28697429006677655,-0.15332459566133277,1.2998079093160566,0.3870967504567973,-0.2413465423953762,1.001771196320206,0.1138394509020578,1.3220786271535379,-1.1806565063083097,2.2789659185869464,0.11875741943281123,-0.15631084464392242,-2.14680662310284,0.18035127914430246,-0.260880073181003,0.21031876899961,0.7641152777599183,1.203568210035907,1.2767673297334832,1.2585129786889195,0.24752046596725819,0.7203551788145919,-0.17420447991641552,-1.3486030918499698,0.2145369555808404,0.8896874485404291,-1.6470089821954121,-0.37928143051952584,-0.29903232984244293,0.6984471945997809,0.14906235834494008,0.054873949093549826,1.3877615433857144,0.04193983551007985,1.2014028569521673,-0.02338341588216991,-0.05255422822816251,-0.1905875093002492,0.16425167437144692,0.2542835721118732,1.1822299841866795,1.2032222480152739,0.30142488752060526,0.09125464470109583,-0.45638140154025475,0.050260497156630585,-0.04000614529085093,0.9096133936431033,-0.03555378439095736,0.4405325841695877,-0.48129885373423525,-0.3617221403442356,-2.5216506086368518,-0.5081934521569421,0.041332600726076626,0.7413771443671474,0.2204029987501584,-0.7517920276590782,-0.21022249714251526,1.5607830526955413,0.16615947769508344,-0.17023919527139658,-0.4295619963603494,-1.1838803442651602,0.6319564057885301,-0.3935277768061919,0.005550337258741166,-0.4226065324972882,-0.3715846249960284,-0.48395498614671884,-0.4790957128536121,1.4427293239187895,0.5875094653073935,1.404722056846091,0.6973465258635152,0.8623508528879442,-0.5460563718875903,0.8326491581513842,-2.4015389244466907,-0.04583861440999851,-0.36265388938085896,-0.5347868312224912,0.49674658852292397,-0.6488379607428911,1.1568053403721041,0.30662269781395407,-2.013151608263867,-0.17383275003878457,0.5036662539248705,1.9638910157847163,3.118155075975211,0.8117246453310248,-1.4517859264576565,-1.4946803709676548,-2.7792982516572895,1.1174424252005506,2.333430423546859,0.6903927508165344,-0.2883899927957993,-0.8542826896862586]},"noise_profile":{"status":true,"type":"depolarizing","noise_prob":[0.001,0.001,0,0],"noise_on_init_param":{"status":false,"value":0}},"redundant":{"identity_factors":[[0,0,0,0],[1,1,0,0]]},"zne":{"method":"richardson","degree":0,"sampling":"default","data_points":[[4,2,0,0,-6.662379321078875],[12,6,0,0,-5.394498644176584]]}},"output":{"exact_sol":-8.566772233505624,"zne_values":{"degree":0,"sampling":"default","sampled data":[[4,2,0,0,-6.662379321078875],[12,6,0,0,-5.394498644176584]],"extrapolated_value":-7.296319659530022,"others":{"sorted_noise":[6,18],"sorted_expectation_vals":[-6.662379321078875,-5.394498644176584],"beta_coeffiecients":[1.5,-0.5],"cost_richardson_zne":2.5}},"run_time_sec":3.886222839355469e-05}}