{"config":{"run":"redundant","nqubits":7,"state":"dmatrix","output":{"file_name_prefix":"AUTOMATE_ising_noisefree_time_evo_ric2_sample#4","draw":{"status":false,"fig_dpi":100,"type":"png"}},"observable":{"def":"ising","coefficients":{"cn":[0.5,0.5,0.5,0.5,0.5,0.5],"bn":[1.0,1.0,1.0,1.0,1.0,1.0,1.0],"r":1}},"ansatz":{"layer":30,"gateset":1,"ugate":{"type":"ising","coefficients":{"cn":[0.5,0.5,0.5,0.5,0.5,0.5],"bn":[0,0,0,0,0,0,0],"r":0},"time":{"min":0.0,"max":10.0}}},"vqe":{"iteration":1,"optimization":{"status":false,"algorithm":"SLSQP","constraint":true}},"init_param":{"value":[0.23818326834520384,0.242015507589488,0.5292100600091615,0.5598196968290768,0.5598196968290768,2.3451854381830244,2.3451854381830244,3.8453025861748578,3.8453025861748578,4.395137112369032,4.408833101975425,4.829585475162733,4.867115107997544,5.058958687371625,5.058958687371625,5.058958687371625,5.581243202757385,6.011433944644334,6.011433944644334,8.358003932454157,8.358003932454157,8.358003932454157,8.371420896509267,8.783744346022278,8.783744346022278,9.34189587380724,9.34189587380724,9.39608576624051,9.726727464435275,10.95102910414735,0.14721560345391302,1.0205767628001141,0.40564926087548847,-1.9238321605823567,-0.04729505851188324,0.482541600628026,0.11521556777775581,0.8524320040134185,0.42380767990264745,-0.6219665889019169,-0.05759638705357143,0.8161328242190486,0.7425402472775383,0.7535392998290764,1.8314745216576223,1.3334023135030668,0.05552193989453376,0.9691374289368472,-0.07338372949421543,-0.6690664310785921,1.168533104165511,-0.01962836639606316,0.6576122461884292,-0.037637936325233226,-0.0009647519828692927,0.4524839512418326,-0.013115244288784337,1.6270372625341938,1.182284078721198,0.9533845712158122,1.0956662941001023,-0.9647918240366662,0.1897778948773928,-0.04047520420354409,0.5790278460715794,0.631719469583885,-0.3335418357294817,1.0603186443819097,-0.7449471003423949,0.1630231005006795,-0.07563007210422526,-1.1009042311153838,-0.34587951137957407,-0.22408475871037167,-0.6364303490666092,-0.5245531829065874,-0.7807390048523051,-0.7767575864285188,-0.9679768325508518,-1.8691843526791756,0.4783530568164554,0.6133546874260105,-0.20020986269221935,-0.41532071148562183,-0.8557118152516873,-0.16985308585729458,0.8428338023785568,0.6750667051632169,1.2795031602880573,-0.41384224674171627,0.3213362409234008,1.2340309605381181,1.0506369357289735,-0.6415500741723684,-0.9628453188140567,1.935214357876566,1.4159154638103797,-2.0864443113151867,-0.07426020994129089,-1.0538315394110076,0.2589745455351295,-0.2955978932252484,-0.030644528099012087,-0.8602288471584197,-0.09490606960216369,0.4190622694749842,-1.5667390101922392,-0.7804920738383083,0.1255849265457167,0.5884338319364165,-0.46028089859616994,0.2488277677353687,-0.7513271615815256,-1.0561258734551267,0.3697237180501531,-0.7108432439071602,0.5137418203820399,0.946767478727941,1.619957961978311,1.2944079622561346,0.21625880379379211,0.007168703139473973,-0.334764182643075,-0.9086121674985949,-0.8247776105092918,-0.5734460393428641,-0.4381826298821608,-0.44306191141826123,-0.23860269421390362,-0.03343496826073402,-0.008972211649351379,1.2196121588758198,1.5985131140815898,0.060325450296581484,-0.7312434635304047,0.9413542695101463,-0.6701271691421761,-1.0680925542186157,-0.5192506372311365,1.5594784335685845,0.17928043514789443,0.2455246384495121,-0.053106843359071614,0.7488220810664211,1.3030207698426615,-1.787387332504871,-1.1184519607509558,-0.2511275398302805,1.445676213762956,1.5991220174606833]},"noise_profile":{"status":true,"type":"depolarizing","noise_prob":[0.001,0.001,0,0],"noise_on_init_param":{"status":false,"value":0}},"redundant":{"identity_factors":[[0,0,0,0],[1,1,0,0]]},"zne":{"method":"richardson","degree":0,"sampling":"default","data_points":null}},"output":{"data_points":[[4,2,0,0,-6.630764461698827],[12,6,0,0,-5.461578440310041]],"noise_details":[{"identity_factors":[0,0,0,0],"noise_level":[4,2,0,0],"gates_num":[4,1,1,0],"noise_profile":{"status":true,"type":"depolarizing","noise_prob":[0.001,0.001,0,0],"noise_on_init_param":{"status":false,"value":0}},"odd_wires":4},{"identity_factors":[1,1,0,0],"noise_level":[12,6,0,0],"gates_num":[12,3,1,0],"noise_profile":{"status":true,"type":"depolarizing","noise_prob":[0.001,0.001,0,0],"noise_on_init_param":{"status":false,"value":0}},"odd_wires":4}],"run_time_sec":4.446979761123657},"others":{"observable_string":"1 X 0 X 1 + 1 Z 0 + 1 X 1 X 2 + 1 Z 1 + 1 X 2 X 3 + 1 Z 2 + 1 X 3 X 4 + 1 Z 3 + 1 X 4 X 5 + 1 Z 4 + 1 X 5 X 6 + 1 Z 5 + 1 Z 6","time_evolution_gate_hamiltonian_string":["1 X 0 X 1 + 1 Z 0 + 1 X 1 X 2 + 1 Z 1 + 1 X 2 X 3 + 1 Z 2 + 1 X 3 X 4 + 1 Z 3 + 1 X 4 X 5 + 1 Z 4 + 1 X 5 X 6 + 1 Z 5 + 1 Z 6"]}}