{"config":{"run":"redundant","nqubits":7,"state":"dmatrix","output":{"file_name_prefix":"AUTOMATE_xy_noisefree_time_evo_sample#8","draw":{"status":false,"fig_dpi":100,"type":"png"}},"observable":{"def":"ising","coefficients":{"cn":[0.5,0.5,0.5,0.5,0.5,0.5],"bn":[1.0,1.0,1.0,1.0,1.0,1.0,1.0],"r":1}},"ansatz":{"layer":30,"gateset":1,"ugate":{"type":"xy-iss","coefficients":{"cn":[0.5,0.5,0.5,0.5,0.5,0.5],"bn":[0,0,0,0,0,0,0],"r":0},"time":{"min":0.0,"max":10.0}}},"vqe":{"iteration":10,"optimization":{"status":false,"algorithm":"SLSQP","constraint":true}},"init_param":{"value":[0.5698358581496117,1.0111463732621893,1.116254023022104,1.116254023022104,1.4543153683590362,1.4543153683590362,1.551144943675129,1.551144943675129,2.3321866923810566,2.4857852178760083,3.837593499897418,3.837593499897418,3.837593499897418,4.847467397840062,5.03660309473088,5.176578602594472,5.176578602594472,5.214332760543968,6.547255537065404,6.547255537065404,7.083633091144979,7.083633091144979,7.133204014188821,7.133204014188821,7.133204014188821,7.937225733864811,8.370661235857398,8.62656679928389,8.759707620277526,9.424598849529344,0.24247733923543782,0.79275118507479,-0.012314768690710378,1.2247395896468714,-0.6087890007814074,0.9804698093938512,0.19554007335952167,-0.18291383394130525,-0.08254523307317092,0.18380200005144362,-0.06242013495608768,-0.18902966193120999,0.4846770511497838,1.2162916157423216,0.4476502570273604,-0.5204828708955642,1.1525916637240337,0.9814837501696517,1.2019836737296188,0.10039944576408244,-1.165620769823409,0.5709783345435084,0.04690539627488982,0.3150855883896384,0.6835833386917337,0.7350671828581666,0.15105693185753874,0.7851129846448224,-0.290237804763004,0.02628688844012564,-0.3427838784588314,-0.12202424723691215,0.30368921729231485,-0.08398845633414893,-0.34421225485285395,-1.0992299599969957,-0.6679166311787512,-0.4925602784337871,-0.7607905356843834,-0.061822787578292515,-0.33643902903801526,1.7237644621079549,1.1087838048318122,1.4391293107545464,-0.2688865923867924,0.07238699078201241,-0.7262166431073663,-0.8607492696026928,0.1828620517189283,-1.5556021786529124,-0.5230641559705965,-0.023465829708141782,0.5773817105800866,-0.6189512057198875,-0.1704298219551506,0.6935490081871019,0.43024761601627914,-1.3818053283072975,0.32069867830077864,0.11223505487625844,-0.6642209341325642,-0.7163563578386999,0.9533459704680486,-2.5373567196844773,-0.3530595330204968,-0.36744271288254204,-0.4105700661159024,-0.529185988706723,-0.5074466275713505,0.5969687397167245,0.1454479675984071,0.9510340399481164,-0.16051754924491393,0.168676911677473,1.6243103666539225,-0.3533677275828062,0.23248347317288842,1.550100715213732,0.3540002793004863,0.11004939052123668,0.0026309322638186474,1.0023099891482978,1.3075603782358884,0.06614039249633322,0.12696883216368457,0.4650745950568721,0.09288306127511851,-0.05535633254466518,1.0893487961438044,0.1856572010619516,-0.3369565165204948,1.1993442715596423,-0.1637322799431796,-0.05574034797393315,-0.6499132821077687,-1.1854402746414112,-0.20554021240749126,-0.697991352679575,0.7715290435685477,0.27728540290360154,-0.7490020286422794,0.6727458447445039,-1.3928966895283914,-1.1123692530480307,1.2429888713160355,0.5002310144425463,1.0425617895549082,-0.41250228671824735,-0.20782873770333182,0.952256354944612,-0.2180059005687231,0.8024032545701543,-1.0975152466418368,0.6192383355749876,-0.44420258004771784,-1.3605235580058401,1.4196204597477091,-1.1230853758949062,0.09475958663430169,0.9412942473630452]},"noise_profile":{"status":true,"type":"depolarizing","noise_prob":[0.001,0.001,0,0],"noise_on_init_param":{"status":false,"value":0}},"redundant":{"identity_factors":[[0,0,0,0],[1,1,0,0]]},"zne":{"method":"richardson","degree":1,"sampling":"default","data_points":null}},"output":{"data_points":[[4,2,0,0,-7.159167099826597],[12,6,0,0,-5.573237410199788]],"noise_details":[{"identity_factors":[0,0,0,0],"noise_level":[4,2,0,0],"gates_num":[4,1,1,0],"noise_profile":{"status":true,"type":"depolarizing","noise_prob":[0.001,0.001,0,0],"noise_on_init_param":{"status":false,"value":0}},"odd_wires":4},{"identity_factors":[1,1,0,0],"noise_level":[12,6,0,0],"gates_num":[12,3,1,0],"noise_profile":{"status":true,"type":"depolarizing","noise_prob":[0.001,0.001,0,0],"noise_on_init_param":{"status":false,"value":0}},"odd_wires":4}],"run_time_sec":4.9239726066589355},"others":{"observable_string":"1 X 0 X 1 + 1 Z 0 + 1 X 1 X 2 + 1 Z 1 + 1 X 2 X 3 + 1 Z 2 + 1 X 3 X 4 + 1 Z 3 + 1 X 4 X 5 + 1 Z 4 + 1 X 5 X 6 + 1 Z 5 + 1 Z 6","time_evolution_gate_hamiltonian_string":["0.5 X 0 X 1 + 0.5 Z 0 Z 1 + 0.5 X 1 X 2 + 0.5 Z 1 Z 2 + 0.5 X 2 X 3 + 0.5 Z 2 Z 3 + 0.5 X 3 X 4 + 0.5 Z 3 Z 4 + 0.5 X 4 X 5 + 0.5 Z 4 Z 5 + 0.5 X 5 X 6 + 0.5 Z 5 Z 6"]}}