{"Config":{"run":"redundant","nqubits":7,"state":"dmatrix","observable":{"def":"ising","coefficients":{"cn":[0.5,0.5,0.5,0.5,0.5,0.5],"bn":[1.0,1.0,1.0,1.0,1.0,1.0,1.0],"r":1}},"output":{"file_name_prefix":"expe1_ideal_unitary_#4","fig_dpi":100},"vqe":{"optimization":{"status":false,"algorithm":"SLSQP","iteration":10,"constraint":false},"ansatz":{"draw":false,"type":"xy","layer":30,"gateset":1,"ugate":{"coefficients":{"cn":[0.5,0.5,0.5,0.5,0.5,0.5],"bn":[0,0,0,0,0,0,0],"r":0},"time":{"min":0.0,"max":10.0}},"noise":{"status":true,"value":[0.0001,0.0001,0,0]},"init_param":[0.9743654404886608,0.8993376149106952,1.4612087446456796,1.1531666568573102,2.3413758599565666,2.368312286762515,1.4706182949803706,1.420063093457862,2.515305752362823,2.5007692358186704,3.2981534978299845,3.2645096447230437,3.2880653799119637,3.296333017132939,4.519370536630588,4.509663554567094,5.181812347640843,5.848892088802649,5.848535725006745,7.180980062553928,7.186976040873972,8.039268079667133,8.046246437321438,8.962596510335976,8.959346332298749,9.715907201469852,9.753122407049913,9.987930669774613,10.025128783299682,9.919756052126086,-0.012133012011639285,-0.5418553268962122,0.3130173461883701,-1.5215985376221965,-1.9776871973141956,0.10148884361039452,-0.2174859444733354,-0.031133040856757874,0.23156577945713527,1.312828276171994,-0.3781419153871423,-0.4035370634270146,0.17098220675407336,0.9944769880211958,-0.8935079156202911,-0.9381563251800749,0.37888982976006025,-0.039516207921548,-1.4342763754611225,0.06291523169916097,0.3742108818681321,0.9108333565371203,-0.14343616417785657,0.07669563124138731,0.4452231215552413,0.8270885016793919,-0.22409302179588925,-0.7241674355551139,-0.1778494481008487,-0.39726525116084255,-0.019832261297856865,0.8361384711146878,-0.3399656217349301,0.10358758332679847,0.2583511844946042,-0.6489188748498305,0.004483983169169949,0.019779080224327898,0.057425180061768076,-0.07107882867130717,0.5883528622583549,-0.048215122991715244,0.47604698175624127,0.18202828496949744,0.7441309400544353,-0.3097147386278482,1.9196467975173224,-0.03847479074005238,0.05413634239084162,-0.0452774638081797,0.010834728311272758,0.3099990668618059,-1.39725130528984,0.8437459098569308,0.24007650510263465,0.0005653090746610273,-1.2438489514075568,-0.0022773033405470676,0.7924589250840789,0.1120203503943102,-0.6142193424518088,-0.3903322995083486,-0.46629990100030694,0.019440296496003436,-0.565938814112872,-1.5468575312223263,-1.1069851267324704,-1.5682597677175871,-1.5093754711894727,0.0013741691415047582,-0.4661594249963455,0.3865078473412139,0.20064274765542242,-1.2292102666810076,-0.9097822195565213,0.005818647523101639,-2.2201174213453747,0.00014469827837182425,-0.5051563578651513,0.022105971150845623,1.4266932912737451,1.3322903608253567,-0.25239093259905865,-0.012372951198748419,-1.157411255947486,-0.0024613313586493673,0.44524621994423463,-0.8389910794991194,0.4998275147083728,-0.13114467703376592,-0.7415045468933543,-0.013629102602733504,-0.6247018514876482,0.012246373929121444,-0.09525330268797469,-1.516995440155549,0.16666367194481965,0.3494326041358239,-0.6786488056416817,0.030577817384915412,0.7081855483001739,-0.2599653634990085,0.8009927466227382,0.41446963345727694,-0.36474060151158955,0.5894946672083566,0.09206612102479372,-0.013884553581393186,0.1111004889430671,-1.2648775673308956,0.8439022235808972,0.5205255750930177,-0.02506468087618651,-0.18752766438059057,0.04774277227566935,-0.6166584548782778,-0.7994947350077958,-0.06676686281820733,-0.5730331407485925,0.9308581199783708]}},"identity_factors":[[0,0,0],[1,0,0],[2,0,0],[3,0,0],[4,0,0],[5,0,0]],"zne":{"method":"linear","degree":1,"sampling":"default","data_points":null}},"Symbol_count":25,"Data_points":[[4,1,0,-8.491230117895315],[12,1,0,-8.384650451094906],[20,1,0,-8.279583906474107],[28,1,0,-8.176006061917144],[36,1,0,-8.073892933181481],[44,1,0,-7.9732209653194435]],"Run_time_sec":3.209669589996338}