{"Config":{"run":"zne","nqubits":7,"state":"dmatrix","observable":{"def":"ising","coefficients":{"cn":[0.5,0.5,0.5,0.5,0.5,0.5],"bn":[1.0,1.0,1.0,1.0,1.0,1.0,1.0],"r":1}},"output":{"file_name_prefix":"expe1_ideal_unitary_#7","fig_dpi":100},"vqe":{"optimization":{"status":false,"algorithm":"SLSQP","iteration":10,"constraint":false},"ansatz":{"draw":false,"type":"xy","layer":30,"gateset":1,"ugate":{"coefficients":{"cn":[0.5,0.5,0.5,0.5,0.5,0.5],"bn":[0,0,0,0,0,0,0],"r":0},"time":{"min":0.0,"max":10.0}},"noise":{"status":true,"value":[0.0001,0.0001,0,0]},"init_param":[-0.17972817567925936,0.2347647843940144,-0.1250657229272393,-0.2902382984876664,-0.27109829120174045,0.8350873644514335,1.39318203537565,1.873973349240634,1.5635390741817707,2.767514362388798,2.330965263874152,2.787416504866131,4.226689024039867,4.137062440944144,5.779351907234532,4.451735117375629,5.54196923058443,6.413115572873841,6.166636390359633,6.513137824088989,6.158773868671343,8.102627701835365,7.896910788059631,8.819585596814509,8.154195399397874,7.644385451192963,8.138562417253015,9.701010926624765,7.904854920925436,9.683398468015042,0.5058966852740822,-0.03485764279396561,0.0937411564355163,0.5141573725899082,0.20948056332825238,0.4027882642360817,-0.19095469123648356,1.4051367059892899,0.1931210089163412,0.7952865499195038,-0.8039834939152151,0.2740029410662794,0.11638597481269661,0.225391652856644,0.9165465826937699,-0.2689388012586471,-1.4000569688567535,-0.042483119376842224,-0.6911106271626488,-0.6930732803369509,0.2026415446131887,-0.8750331904697544,1.7079718683847849,-0.9531924680810229,0.19075525858685216,0.056914172670191394,0.5725529944467652,1.190893906266196,0.01597214587752533,-0.7629634660654926,0.662314431852362,0.8123919934430074,-0.2502275887537503,-0.5860947773901073,-0.12988179190674365,-0.907946361266914,0.0285931077268017,-0.5727829275984121,1.1637925227501442,-1.4992750712819396,-0.5002861355132423,-0.3144230921400712,-0.08295017051119111,1.496668577524184,-0.37206113935519947,-0.11579413402575219,-0.33069505985593745,-0.23392515690023655,-0.31616967915848126,0.145599917017508,1.5128533700371403,-1.6826699000263443,1.9903101327761121,1.4760017207549214,-0.908259839239093,0.16285441553685479,-0.015816409658239314,-1.3079446090072357,0.6490252434722523,1.0403039700402892,-1.2436705024581236,-1.4267952181895742,-1.6874247675764333,1.1066618873422205,-0.34740572095669076,0.28911251592722204,1.7124731954197412,-0.9805167477437853,2.3699552208035124,-0.22768597694518933,1.4298315739621235,-0.5913065195197659,-2.248249748264219,0.34517203085768394,0.4696260095423933,-0.71673912457256,0.16438603037235813,0.5621530959520264,0.20985976963788225,-0.42830118390887484,1.5748791015772294,0.02009991995362347,0.4956124829374772,1.317618187373714,0.013318482239135513,0.2394724295373353,-2.2741475946322445,0.015741508724861936,0.3117587387169142,-0.1709701210332984,0.6060435599539151,0.36556996842797773,0.03401574905041513,-0.4799929918215058,0.5132317429687671,0.2552878935639637,-1.117668393820517,-0.606350278980518,0.04077887593847514,-0.1403437204656087,-0.6035906345112048,0.3028581609476087,0.04564205369652599,0.44246528106434396,-0.41372077622702846,1.6615020723227032,-0.9387445923061486,-0.9899361217049596,-2.165622586008048,-0.42044718519189617,-1.0789352057139558,1.2141664675622095,-0.7132770238808642,0.8548951560722514,-0.2441263809482714,-0.3200750405836384,0.2430348916613433,1.4862678069713517,0.8666150126083402,1.569660000745548]}},"identity_factors":[[0,0,0],[1,0,0],[2,0,0],[3,0,0],[4,0,0],[5,0,0]],"zne":{"method":"linear","degree":1,"sampling":"default","data_points":[[4,1,0,-8.301638320354222],[12,1,0,-8.1806474687105],[20,1,0,-8.061711511941489],[28,1,0,-7.944791324562133],[36,1,0,-7.829848584986395],[44,1,0,-7.716845758096667]]}},"ZNE_values":{"Degree":1,"Sampling":"default","sampled data":[[4,1,0,-8.301638320354222],[12,1,0,-8.1806474687105],[20,1,0,-8.061711511941489],[28,1,0,-7.944791324562133],[36,1,0,-7.829848584986395],[44,1,0,-7.716845758096667]],"Value":-8.356766369523378},"Run_time_sec":0.0009944438934326172}