{"config":{"run":"zne","nqubits":7,"state":"dmatrix","observable":{"def":"ising","coefficients":{"cn":[0.5,0.5,0.5,0.5,0.5,0.5],"bn":[1.0,1.0,1.0,1.0,1.0,1.0,1.0],"r":1}},"output":{"file_name_prefix":"noisy_time_evo_sample#5_default2_richardson","draw":{"status":false,"fig_dpi":100,"type":"png"}},"vqe":{"iteration":10,"optimization":{"status":true,"algorithm":"SLSQP","constraint":false},"ansatz":{"type":"xy-iss","layer":30,"gateset":1,"ugate":{"coefficients":{"cn":[0.5,0.5,0.5,0.5,0.5,0.5],"bn":[0,0,0,0,0,0,0],"r":0},"time":{"min":0.0,"max":10.0}},"noise":{"status":true,"value":[0.001,0.01,0.001,0.001]},"init_param":[-0.9985399554999226,1.344085621146913,2.867544746456715,0.273073315401437,2.5411377502173025,1.2043789530053985,2.6769765986830527,4.207287366319671,3.236889303758452,4.11212556427366,4.119309050862513,6.472103471018089,5.704018691910887,6.100520237870405,6.003941564598811,7.302403600388565,7.187316336325934,7.97740473988911,9.077604376906292,8.39220417932658,7.980066391137696,8.364627928862925,8.118707233843473,9.568307560535613,7.785358869679105,9.82206416609926,7.825794440201627,9.837550695295304,9.96477021981519,9.964316584056313,0.3032417465552548,-0.1853925192150261,0.6423162040091499,-0.44164750271406916,-0.01461597497252457,0.6865661466947862,-0.21906506508215143,0.9860157916087233,1.1223889907913036,0.6476808325506527,0.26872701372465063,0.45847817800497553,0.26051604668780115,0.061874170009516366,0.3410912897694955,-0.4988001528613218,-0.32409704359590397,-0.5577685275123404,0.8751444700306795,-0.06891882366477815,1.2863594092571187,-0.9603759694493874,0.7315609485693532,-1.3939535604545996,-0.13222116124849445,-0.6358778116540795,1.1043163904680307,-0.4474756407522242,0.3859150266040984,0.5714135052412779,1.748660224123777,0.6431036821858609,-1.2357189667467565,0.06101784885925302,1.070541419310213,0.16313240785700575,0.14969296343162516,-0.9988314911647137,-0.8376564612783767,-0.2604790690454004,-1.0943291433386002,-0.7660240894422777,0.9142107818924268,-0.0918397958518987,0.3523651875074878,1.555167818700173,-0.19513917917212087,-1.487772664909036,0.18395171544089167,-0.1091501663755434,-0.26536890029292465,1.4129127080474584,1.4131241125986502,1.1120494368601033,-0.7778071624681848,0.9495459779990105,0.32320305000774646,1.6255970822410741,-0.008358759498359389,-0.33676800326218753,0.2285313587571122,-0.04087684238665094,0.3984172532112645,0.0691718403466199,-0.755627131915415,1.2166860589861095,-0.23795520735289896,0.24985310382754392,-1.1794793832651715,0.6736448969921469,-0.935830643680987,0.10130439048700236,1.6276047857655505,0.014815451319874122,0.10545102946401963,0.3744307160544957,0.912331128626603,-0.11828503529210249,0.4218692638146117,-0.42752983953148277,0.4688845068450035,-0.46928859124226624,-0.39293787395615376,-0.67015472777526,0.3873808754317087,0.7784096462872877,-0.6441933451110066,1.3433676661530354,-0.7484056988021353,-0.07105875958786326,0.5371769459993175,0.37780862171571833,-0.00352326004929987,1.0389461208158741,-0.5986290330079995,0.5306818215210202,-0.9436053077036773,-0.08959514182476927,0.44693944711806993,-0.8673099450241375,-0.813057925310334,1.426854665273117,0.33295194366326686,1.3035492661118087,-0.6013802869116244,-1.116085401812518,1.0140706625117608,-0.21080378708811204,1.8919663138716258,2.507540616940296,0.6974188358101522,0.6508478150299236,0.24558258279020395,-0.19098125491594586,0.11295048812081747,-0.025129370863091197,-1.5915181247814456,-1.3325109520787963,0.546107886613221,0.9318977163996857]}},"identity_factors":[[0,0,0,0],[1,1,0,1]],"zne":{"method":"richardson","degree":1,"sampling":"default-2","data_points":[[4,1,0,1,-5.328220404479142],[12,3,4,3,-2.0303218236001905]]}},"output":{"exact_sol":-8.566772233505624,"zne_values":{"degree":1,"sampling":"default-2","sampled data":[[4,1,0,1,-5.328220404479142],[12,3,4,3,-2.0303218236001905]],"extrapolated_value":-6.564932372308749,"others":{"sorted_noise":[6,22],"sorted_expectation_vals":[-5.328220404479142,-2.0303218236001905],"beta_coeffiecients":[1.375,-0.375],"cost_richardson_zne":2.03125}},"run_time_sec":0.00014138221740722656}}