{"config":{"run":"redundant","nqubits":7,"state":"dmatrix","output":{"file_name_prefix":"heisenberg_ansatz_sample#8","draw":{"status":false,"fig_dpi":100,"type":"png"}},"observable":{"def":"ising","coefficients":{"cn":[0.5,0.5,0.5,0.5,0.5,0.5],"bn":[1.0,1.0,1.0,1.0,1.0,1.0,1.0],"r":1}},"ansatz":{"layer":30,"gateset":1,"ugate":{"type":"heisenberg","coefficients":{"cn":[0.5,0.5,0.5,0.5,0.5,0.5],"bn":[0,0,0,0,0,0,0],"r":0},"time":{"min":0.0,"max":10.0}}},"vqe":{"iteration":1,"optimization":{"status":false,"algorithm":"SLSQP","constraint":false}},"init_param":{"value":[-0.3002748170898316,-0.03964155356368293,0.8388086883034943,1.153118544955692,2.1460851888742636,2.3859686468918886,2.0890531741310188,2.640554954019682,2.6198137328701967,2.4630906455322963,3.61791807409343,4.367012794351989,4.249538843956802,4.029359690235177,3.978988096661413,4.577840595313276,5.870612929329782,5.344176831981998,6.437110221887254,6.234024561288992,6.479883044916666,7.269612698885759,8.729625702269693,9.157152415551469,9.144096361406445,8.545953243461925,9.582077589659928,10.854875925651712,10.139550532174013,11.082924366573675,1.2855523210807736,1.8310452751526554,-0.0966809754360836,-0.16369259909827072,0.574175833827321,0.3631947077968194,-1.06293594509314,-0.39260995246939373,-0.3333712236123792,-1.298412599240861,0.22630765745454232,0.34200261743449084,1.7863972711660372,0.8051723235961207,-0.41087126224789394,0.011253553588920488,0.38499818498270166,0.5977210111200024,0.2061387837730306,0.13950904761698077,1.244604622231065,2.1078321600155605,0.2677217779248158,0.09761917812211836,0.020826630373577622,1.3090166379329142,0.25384187150758036,0.01654705892366343,0.3990613526169359,-0.15302713029135664,-0.5769936229886625,0.8029390573528588,1.232391381663117,0.4038270896961826,1.1228831815704714,0.05564621037885093,2.2224115102000765,1.3318784192617856,0.18741659956890716,-0.8017932597570502,-0.4366156430085567,0.11074343205499207,-0.3437809160218039,0.01977699036893255,1.1315946000719577,-0.5663598461602822,-1.1958045187068038,-0.44475593715898015,-0.15704807414295802,-1.2910780917815965,0.20516380405180376,0.6031717958988932,0.049973378351695366,0.5962695302787168,-0.7129468460236247,0.6870836553570373,0.6624524252319015,-0.18190486076460022,-0.05083922071926822,1.377022966714676,1.4710386205193562,-0.602721605399519,-0.33432564938856935,-0.008362512195701808,-0.5856298039892703,0.7717081902375165,-0.04963157680750782,-0.7319022968117403,-0.27715119081734163,0.25142161534387586,-0.31657888774978543,0.8742707281101912,0.17200806533268842,1.7104740428413052,-0.18301878707546748,-1.7899892467081857,0.09091157443927397,-0.5256976770619534,1.5549522052635603,-1.277461323607437,-0.6153195778349752,-0.3127747366830737,0.5065603088274286,0.1936425306782025,-1.042071261398149,0.7330852181632583,-0.9039889961916054,0.2963503875958026,0.6961662030911067,0.16726354736639368,0.5631861815436952,1.4986755272787406,0.5679784434988243,1.3799775884913914,1.5559781869741838,-1.8389204365363712,0.6177745758618375,-0.09482870966902879,0.9193088844150726,0.36397387102565315,0.505352945408208,1.1767938116724064,-0.15748381031844508,-0.12392391603605597,-0.2643560119296486,0.7622836506626114,1.1063752043638948,0.18269429571354967,-0.7594751516855209,0.9173995908125332,0.24998177421465737,0.6802138277062213,-1.478668592229487,-0.5498478525855617,-0.261644704814284,2.7723186120275725,-0.4788233673984116,0.837940922812482,0.2915300110842321,1.716719196137527]},"noise_profile":{"status":true,"type":"depolarizing","noise_prob":[0.001,0.001,0,0],"noise_on_init_param":{"status":false,"value":0.01}},"redundant":{"identity_factors":[[0,0,0,0],[1,1,0,0],[2,1,0,0]]},"zne":{"method":"richardson","degree":1,"sampling":"default","data_points":null}},"output":{"data_points":[[4,2,0,0,-6.382731753632687],[12,6,0,0,-4.977152637840126],[20,6,0,0,-4.0748993795929245]],"noise_details":[{"identity_factors":[0,0,0,0],"noise_level":[4,2,0,0],"gates_num":[4,1,1,0],"noise_profile":{"status":true,"type":"depolarizing","noise_prob":[0.001,0.001,0,0],"noise_on_init_param":{"status":false,"value":0.01}},"odd_wires":4},{"identity_factors":[1,1,0,0],"noise_level":[12,6,0,0],"gates_num":[12,3,1,0],"noise_profile":{"status":true,"type":"depolarizing","noise_prob":[0.001,0.001,0,0],"noise_on_init_param":{"status":false,"value":0.01}},"odd_wires":4},{"identity_factors":[2,1,0,0],"noise_level":[20,6,0,0],"gates_num":[20,3,1,0],"noise_profile":{"status":true,"type":"depolarizing","noise_prob":[0.001,0.001,0,0],"noise_on_init_param":{"status":false,"value":0.01}},"odd_wires":4}],"run_time_sec":5.346895456314087},"others":{"observable_string":"1 X 0 X 1 + 1 Z 0 + 1 X 1 X 2 + 1 Z 1 + 1 X 2 X 3 + 1 Z 2 + 1 X 3 X 4 + 1 Z 3 + 1 X 4 X 5 + 1 Z 4 + 1 X 5 X 6 + 1 Z 5 + 1 Z 6","time_evolution_gate_hamiltonian_string":["0.5 X 0 X 1 + 0.5 Y 0 Y 1 + 0.5 Z 0 Z 1 + 0.5 X 1 X 2 + 0.5 Y 1 Y 2 + 0.5 Z 1 Z 2 + 0.5 X 2 X 3 + 0.5 Y 2 Y 3 + 0.5 Z 2 Z 3 + 0.5 X 3 X 4 + 0.5 Y 3 Y 4 + 0.5 Z 3 Z 4 + 0.5 X 4 X 5 + 0.5 Y 4 Y 5 + 0.5 Z 4 Z 5 + 0.5 X 5 X 6 + 0.5 Y 5 Y 6 + 0.5 Z 5 Z 6"]}}